UTC_Time,YEAR,DOY,Hour,Scalar_B_nT,SW_Proton_Density_N_cm3,Kp_index,Dst_index_nT,Datetime,UTC,PCN,heat_flux
2024-10-01 00:00:00,2024,275,0,6.7,4.0,13,-4,2024-10-01 00:00:00,,-0.21161290322580645,-6.730345290322581
2024-10-01 01:00:00,2024,275,1,7.0,4.0,13,-3,2024-10-01 01:00:00,,-0.36032786885245904,-9.742319305563022
2024-10-01 02:00:00,2024,275,2,6.7,3.8,13,-4,2024-10-01 02:00:00,,0.039344262295081964,-0.6314427304488041
2024-10-01 03:00:00,2024,275,3,6.9,3.4,20,-4,2024-10-01 03:00:00,,0.21262295081967217,3.8303462964256934
2024-10-01 04:00:00,2024,275,4,6.7,3.4,20,-5,2024-10-01 04:00:00,,0.9018032786885247,23.206563219833384
2024-10-01 05:00:00,2024,275,5,7.2,2.9,20,-5,2024-10-01 05:00:00,,0.9965573770491803,26.178374840365493
2024-10-01 06:00:00,2024,275,6,7.0,2.8,13,1,2024-10-01 06:00:00,,0.20491803278688528,5.655100510615427
2024-10-01 07:00:00,2024,275,7,6.8,2.9,13,6,2024-10-01 07:00:00,,0.023114754098360654,3.091148164740661
2024-10-01 08:00:00,2024,275,8,6.7,2.8,13,6,2024-10-01 08:00:00,,-0.2908196721311475,-4.436097200752485
2024-10-01 09:00:00,2024,275,9,6.7,2.7,7,5,2024-10-01 09:00:00,,-0.16737704918032786,-1.9829833429185704
2024-10-01 10:00:00,2024,275,10,6.4,2.8,7,4,2024-10-01 10:00:00,,-0.5655737704918035,-11.322361865090034
2024-10-01 11:00:00,2024,275,11,6.5,2.8,7,4,2024-10-01 11:00:00,,-0.21311475409836064,-3.485551195915077
2024-10-01 12:00:00,2024,275,12,6.3,2.8,10,3,2024-10-01 12:00:00,,-0.2331147540983607,-4.373418343456062
2024-10-01 13:00:00,2024,275,13,6.1,3.1,10,3,2024-10-01 13:00:00,,0.24327868852459025,7.500525771566784
2024-10-01 14:00:00,2024,275,14,5.7,3.7,10,4,2024-10-01 14:00:00,,0.33934426229508197,10.502955630206932
2024-10-01 15:00:00,2024,275,15,5.5,4.0,20,6,2024-10-01 15:00:00,,1.188032786885246,36.897084753829624
2024-10-01 16:00:00,2024,275,16,5.6,4.0,20,3,2024-10-01 16:00:00,,1.1959016393442623,35.886408095941945
2024-10-01 17:00:00,2024,275,17,5.6,4.1,20,3,2024-10-01 17:00:00,,1.2527868852459014,37.77727525503896
2024-10-01 18:00:00,2024,275,18,5.4,4.2,13,1,2024-10-01 18:00:00,,1.6768852459016395,51.73790324670788
2024-10-01 19:00:00,2024,275,19,5.6,4.3,13,3,2024-10-01 19:00:00,,0.5111475409836066,14.856899162590704
2024-10-01 20:00:00,2024,275,20,5.6,4.2,13,8,2024-10-01 20:00:00,,-0.45590163934426226,-7.262635904058049
2024-10-01 21:00:00,2024,275,21,5.5,4.3,10,9,2024-10-01 21:00:00,,-0.6193442622950821,-10.295945943563563
2024-10-01 22:00:00,2024,275,22,5.1,4.2,10,8,2024-10-01 22:00:00,,-0.08049180327868853,1.3946521690405804
2024-10-01 23:00:00,2024,275,23,5.1,4.3,10,8,2024-10-01 23:00:00,,-0.08196721311475409,1.358746573501747
2024-10-02 00:00:00,2024,276,0,5.2,4.3,20,9,2024-10-02 00:00:00,,-0.2685245901639345,-2.626197445847892
2024-10-02 01:00:00,2024,276,1,5.7,4.4,20,10,2024-10-02 01:00:00,,0.2647540983606557,11.078752546358507
2024-10-02 02:00:00,2024,276,2,5.2,4.2,20,9,2024-10-02 02:00:00,,0.6508196721311474,21.454762536952433
2024-10-02 03:00:00,2024,276,3,5.4,4.0,17,9,2024-10-02 03:00:00,,0.668360655737705,21.970264065842517
2024-10-02 04:00:00,2024,276,4,5.7,5.6,17,15,2024-10-02 04:00:00,,-0.22278688524590168,1.111586353399622
2024-10-02 05:00:00,2024,276,5,5.8,5.9,17,21,2024-10-02 05:00:00,,-0.009016393442622948,9.047359184359044
2024-10-02 06:00:00,2024,276,6,5.2,6.2,17,14,2024-10-02 06:00:00,,0.5191803278688525,19.87555776646063
2024-10-02 07:00:00,2024,276,7,5.3,5.8,17,14,2024-10-02 07:00:00,,0.13426229508196721,9.437258425423273
2024-10-02 08:00:00,2024,276,8,5.3,5.7,17,14,2024-10-02 08:00:00,,-0.10786885245901638,3.388821962913195
2024-10-02 09:00:00,2024,276,9,5.1,5.5,13,11,2024-10-02 09:00:00,,-0.2826229508196721,-2.070608998656275
2024-10-02 10:00:00,2024,276,10,5.1,5.6,13,11,2024-10-02 10:00:00,,-0.3118032786885246,-2.737759026068261
2024-10-02 11:00:00,2024,276,11,5.4,5.7,13,12,2024-10-02 11:00:00,,0.6644262295081967,23.178955003762432
2024-10-02 12:00:00,2024,276,12,5.5,5.6,20,12,2024-10-02 12:00:00,,1.4686885245901637,49.04718417656544
2024-10-02 13:00:00,2024,276,13,5.4,5.3,20,13,2024-10-02 13:00:00,,0.22360655737704913,11.319566846546627
2024-10-02 14:00:00,2024,276,14,5.7,5.5,20,16,2024-10-02 14:00:00,,0.049344262295081966,8.18048154823972
2024-10-02 15:00:00,2024,276,15,5.3,5.7,7,18,2024-10-02 15:00:00,,0.9167213114754099,33.54888229615695
2024-10-02 16:00:00,2024,276,16,5.1,5.6,7,15,2024-10-02 16:00:00,,1.2316393442622953,42.31575324617039
2024-10-02 17:00:00,2024,276,17,5.1,5.5,7,14,2024-10-02 17:00:00,,0.6775409836065572,24.463395766998115
2024-10-02 18:00:00,2024,276,18,5.1,5.8,13,15,2024-10-02 18:00:00,,0.1019672131147541,9.060918770223058
2024-10-02 19:00:00,2024,276,19,5.5,5.7,13,15,2024-10-02 19:00:00,,0.6939344262295084,25.40159627761355
2024-10-02 20:00:00,2024,276,20,6.0,5.9,13,13,2024-10-02 20:00:00,,0.6314754098360655,22.66069861972588
2024-10-02 21:00:00,2024,276,21,6.0,5.8,10,11,2024-10-02 21:00:00,,0.7570491803278688,25.48880510185434
2024-10-02 22:00:00,2024,276,22,6.3,6.4,10,11,2024-10-02 22:00:00,,0.5149180327868852,18.411939215533458
2024-10-02 23:00:00,2024,276,23,5.7,7.6,10,13,2024-10-02 23:00:00,,0.5393442622950819,19.999721203977426
2024-10-03 00:00:00,2024,277,0,5.0,8.4,10,18,2024-10-03 00:00:00,,0.4729508196721311,20.40050315103467
2024-10-03 01:00:00,2024,277,1,5.7,7.6,10,22,2024-10-03 01:00:00,,0.3191803278688525,18.03779579924751
2024-10-03 02:00:00,2024,277,2,5.1,8.6,10,21,2024-10-03 02:00:00,,0.38655737704918036,19.402457840365496
2024-10-03 03:00:00,2024,277,3,6.3,10.1,13,23,2024-10-03 03:00:00,,-0.005901639344262298,10.07672696479441
2024-10-03 04:00:00,2024,277,4,6.8,10.4,13,23,2024-10-03 04:00:00,,-0.037704918032786895,9.289872453641493
2024-10-03 05:00:00,2024,277,5,5.9,10.3,13,21,2024-10-03 05:00:00,,0.4124590163934427,20.117722439129267
2024-10-03 06:00:00,2024,277,6,6.0,9.2,17,22,2024-10-03 06:00:00,,0.1298360655737705,13.035103419510882
2024-10-03 07:00:00,2024,277,7,6.1,8.0,17,23,2024-10-03 07:00:00,,0.3437704918032787,19.182935036011827
2024-10-03 08:00:00,2024,277,8,5.4,8.3,17,23,2024-10-03 08:00:00,,-0.09918032786885247,7.788444914001611
2024-10-03 09:00:00,2024,277,9,5.3,8.7,17,25,2024-10-03 09:00:00,,-0.4263934426229509,1.194543977694165
2024-10-03 10:00:00,2024,277,10,5.5,8.3,17,21,2024-10-03 10:00:00,,0.10409836065573772,11.899460554958345
2024-10-03 11:00:00,2024,277,11,6.0,8.4,17,17,2024-10-03 11:00:00,,0.3190163934426229,15.690858708949206
2024-10-03 12:00:00,2024,277,12,6.3,9.6,30,14,2024-10-03 12:00:00,,0.26278688524590166,12.81024976323569
2024-10-03 13:00:00,2024,277,13,6.1,8.8,30,5,2024-10-03 13:00:00,,1.589672131147541,50.27170536656813
2024-10-03 14:00:00,2024,277,14,6.1,8.2,30,-1,2024-10-03 14:00:00,,0.6822950819672132,18.1612702241333
2024-10-03 15:00:00,2024,277,15,7.4,7.8,13,4,2024-10-03 15:00:00,,0.009836065573770486,1.90914958344531
2024-10-03 16:00:00,2024,277,16,8.1,7.0,13,11,2024-10-03 16:00:00,,0.26262295081967213,11.4633757226552
2024-10-03 17:00:00,2024,277,17,8.4,7.4,13,13,2024-10-03 17:00:00,,0.9496721311475411,32.29624044853534
2024-10-03 18:00:00,2024,277,18,8.4,7.5,23,13,2024-10-03 18:00:00,,0.8934426229508198,30.54328433216877
2024-10-03 19:00:00,2024,277,19,7.9,8.2,23,9,2024-10-03 19:00:00,,1.5788524590163933,51.60950075275463
2024-10-03 20:00:00,2024,277,20,7.6,7.9,23,6,2024-10-03 20:00:00,,0.7373770491803279,22.721416706261756
2024-10-03 21:00:00,2024,277,21,6.6,8.8,20,8,2024-10-03 21:00:00,,1.1647540983606557,36.99291320209621
2024-10-03 22:00:00,2024,277,22,6.9,8.3,20,11,2024-10-03 22:00:00,,0.27475409836065573,11.787549775866701
2024-10-03 23:00:00,2024,277,23,7.3,8.5,20,13,2024-10-03 23:00:00,,0.08836065573770491,7.809420656006449
2024-10-04 00:00:00,2024,278,0,7.0,8.2,17,16,2024-10-04 00:00:00,,0.1268852459016393,10.157074312281644
2024-10-04 01:00:00,2024,278,1,8.1,7.2,17,18,2024-10-04 01:00:00,,0.4014754098360656,18.408355291857028
2024-10-04 02:00:00,2024,278,2,8.3,6.6,17,17,2024-10-04 02:00:00,,1.2313114754098362,43.22083893066381
2024-10-04 03:00:00,2024,278,3,8.3,6.5,17,18,2024-10-04 03:00:00,,0.8773770491803279,32.32890031281913
2024-10-04 04:00:00,2024,278,4,8.0,6.5,17,16,2024-10-04 04:00:00,,0.4578688524590164,19.055241389142704
2024-10-04 05:00:00,2024,278,5,8.1,6.3,17,19,2024-10-04 05:00:00,,0.22360655737704915,14.067566846546624
2024-10-04 06:00:00,2024,278,6,8.0,6.3,13,22,2024-10-04 06:00:00,,0.5963934426229509,25.80311910884171
2024-10-04 07:00:00,2024,278,7,7.8,6.3,13,22,2024-10-04 07:00:00,,-0.19311475409836062,5.066543951625907
2024-10-04 08:00:00,2024,278,8,7.4,6.6,13,21,2024-10-04 08:00:00,,-0.4250819672131148,-0.6926213090567084
2024-10-04 09:00:00,2024,278,9,7.6,6.5,10,21,2024-10-04 09:00:00,,-0.4391803278688525,-1.0019797417360954
2024-10-04 10:00:00,2024,278,10,7.2,6.6,10,20,2024-10-04 10:00:00,,-0.14737704918032787,5.205850427573232
2024-10-04 11:00:00,2024,278,11,7.0,6.2,10,20,2024-10-04 11:00:00,,-0.29032786885245904,1.8611691698468138
2024-10-04 12:00:00,2024,278,12,7.7,6.3,17,20,2024-10-04 12:00:00,,-0.1944262295081967,4.089634462778823
2024-10-04 13:00:00,2024,278,13,7.7,5.1,17,19,2024-10-04 13:00:00,,0.5401639344262295,22.7711401572158
2024-10-04 14:00:00,2024,278,14,7.7,4.7,17,18,2024-10-04 14:00:00,,0.9573770491803278,34.82062123085192
2024-10-04 15:00:00,2024,278,15,7.6,4.5,23,12,2024-10-04 15:00:00,,2.516885245901639,89.38263944342916
2024-10-04 16:00:00,2024,278,16,8.0,4.8,23,15,2024-10-04 16:00:00,,1.7388524590163934,60.078040556033315
2024-10-04 17:00:00,2024,278,17,7.7,4.5,23,14,2024-10-04 17:00:00,,2.798196721311475,102.38109207229238
2024-10-04 18:00:00,2024,278,18,7.5,4.5,23,4,2024-10-04 18:00:00,,1.6883606557377049,53.40771213141629
2024-10-04 19:00:00,2024,278,19,7.4,4.7,23,3,2024-10-04 19:00:00,,1.2175409836065576,36.603099701424355
2024-10-04 20:00:00,2024,278,20,7.0,4.7,23,3,2024-10-04 20:00:00,,1.1008196721311476,32.775153110722925
2024-10-04 21:00:00,2024,278,21,7.3,5.3,30,-4,2024-10-04 21:00:00,,2.2726229508196725,72.56160465708145
2024-10-04 22:00:00,2024,278,22,7.1,5.3,30,-4,2024-10-04 22:00:00,,2.4452459016393444,79.63533633324376
2024-10-04 23:00:00,2024,278,23,7.0,5.1,30,-2,2024-10-04 23:00:00,,1.7793442622950824,54.27016376135449
2024-10-05 00:00:00,2024,279,0,6.9,4.9,23,2,2024-10-05 00:00:00,,0.6880327868852458,19.565392950550926
2024-10-05 01:00:00,2024,279,1,7.2,4.5,23,6,2024-10-05 01:00:00,,0.03344262295081968,3.350200660037624
2024-10-05 02:00:00,2024,279,2,7.3,4.3,23,10,2024-10-05 02:00:00,,-0.1442622950819672,0.7302790647675358
2024-10-05 03:00:00,2024,279,3,7.1,4.4,3,10,2024-10-05 03:00:00,,-0.36655737704918034,-4.415430815372211
2024-10-05 04:00:00,2024,279,4,7.0,4.7,3,11,2024-10-05 04:00:00,,-0.29163934426229515,-2.277370819403388
2024-10-05 05:00:00,2024,279,5,8.1,5.2,3,14,2024-10-05 05:00:00,,-0.27081967213114755,-0.45660100403117504
2024-10-05 06:00:00,2024,279,6,8.3,5.4,17,15,2024-10-05 06:00:00,,-0.17377049180327872,2.265321445847889
2024-10-05 07:00:00,2024,279,7,7.9,4.9,17,13,2024-10-05 07:00:00,,0.04967213114754098,6.828252907551733
2024-10-05 08:00:00,2024,279,8,8.3,5.0,17,15,2024-10-05 08:00:00,,0.15377049180327867,10.395478232733137
2024-10-05 09:00:00,2024,279,9,8.4,5.6,10,17,2024-10-05 09:00:00,,-0.1975409836065574,2.619771439129265
2024-10-05 10:00:00,2024,279,10,8.1,5.6,10,12,2024-10-05 10:00:00,,-0.17901639344262288,0.7895617909164219
2024-10-05 11:00:00,2024,279,11,8.0,5.3,10,13,2024-10-05 11:00:00,,-0.0718032786885246,3.8138973673743615
2024-10-05 12:00:00,2024,279,12,7.4,5.3,17,14,2024-10-05 12:00:00,,-0.1954098360655738,1.3004600440741716
2024-10-05 13:00:00,2024,279,13,7.0,4.7,17,15,2024-10-05 13:00:00,,0.511311475409836,20.105551061811337
2024-10-05 14:00:00,2024,279,14,6.2,4.6,17,17,2024-10-05 14:00:00,,0.0919672131147541,9.721405606288632
2024-10-05 15:00:00,2024,279,15,6.1,4.4,10,20,2024-10-05 15:00:00,,-0.22999999999999998,3.255689
2024-10-05 16:00:00,2024,279,16,6.8,4.3,10,21,2024-10-05 16:00:00,,0.18836065573770494,14.080782623219566
2024-10-05 17:00:00,2024,279,17,6.9,4.3,10,16,2024-10-05 17:00:00,,1.1252459016393448,39.26903862832574
2024-10-05 18:00:00,2024,279,18,6.9,4.3,17,12,2024-10-05 18:00:00,,1.24,41.242816000000005
2024-10-05 19:00:00,2024,279,19,7.1,4.1,17,10,2024-10-05 19:00:00,,0.9500000000000001,30.973025
2024-10-05 20:00:00,2024,279,20,7.6,3.8,17,5,2024-10-05 20:00:00,,0.572622950819672,17.458214165278147
2024-10-05 21:00:00,2024,279,21,7.6,3.9,17,10,2024-10-05 21:00:00,,-0.16852459016393442,0.15226878366030547
2024-10-05 22:00:00,2024,279,22,7.9,3.6,17,8,2024-10-05 22:00:00,,0.9868852459016393,31.260717656543942
2024-10-05 23:00:00,2024,279,23,7.9,3.5,17,7,2024-10-05 23:00:00,,0.5140983606557377,16.640661391023915
2024-10-06 00:00:00,2024,280,0,7.9,3.4,7,11,2024-10-06 00:00:00,,0.057049180327868855,6.122552314969094
2024-10-06 01:00:00,2024,280,1,7.9,3.1,7,10,2024-10-06 01:00:00,,0.03885245901639344,5.222185146197258
2024-10-06 02:00:00,2024,280,2,8.0,3.3,7,13,2024-10-06 02:00:00,,-0.003278688524590163,5.5019300994356355
2024-10-06 03:00:00,2024,280,3,7.9,3.0,3,15,2024-10-06 03:00:00,,-0.08442622950819671,4.410436905401774
2024-10-06 04:00:00,2024,280,4,7.8,3.2,3,16,2024-10-06 04:00:00,,-0.2765573770491803,0.32129726659500124
2024-10-06 05:00:00,2024,280,5,7.6,3.2,3,17,2024-10-06 05:00:00,,-0.35540983606557375,-1.0119127428110715
2024-10-06 06:00:00,2024,280,6,7.7,3.4,23,21,2024-10-06 06:00:00,,-0.39409836065573783,-0.007989100779363989
2024-10-06 07:00:00,2024,280,7,8.2,4.1,23,27,2024-10-06 07:00:00,,-0.4634426229508197,1.3608097256113922
2024-10-06 08:00:00,2024,280,8,13.0,9.3,23,38,2024-10-06 08:00:00,,-0.21803278688524594,12.481269524321416
2024-10-06 09:00:00,2024,280,9,12.7,10.8,13,38,2024-10-06 09:00:00,,0.1722950819672131,22.135652470034938
2024-10-06 10:00:00,2024,280,10,12.8,10.4,13,35,2024-10-06 10:00:00,,0.21770491803278694,21.767793830690675
2024-10-06 11:00:00,2024,280,11,12.6,10.3,13,32,2024-10-06 11:00:00,,-0.4037704918032787,5.162086839290513
2024-10-06 12:00:00,2024,280,12,12.3,10.5,27,33,2024-10-06 12:00:00,,-0.2929508196721312,8.16460092152647
2024-10-06 13:00:00,2024,280,13,14.4,10.4,27,34,2024-10-06 13:00:00,,0.09672131147540984,18.113294033861862
2024-10-06 14:00:00,2024,280,14,14.0,9.6,27,32,2024-10-06 14:00:00,,-0.17622950819672134,10.375551363880676
2024-10-06 15:00:00,2024,280,15,15.2,10.0,33,36,2024-10-06 15:00:00,,-0.33967213114754097,8.64299676001075
2024-10-06 16:00:00,2024,280,16,14.5,10.9,33,33,2024-10-06 16:00:00,,3.1903278688524592,129.2783950714862
2024-10-06 17:00:00,2024,280,17,15.0,8.8,33,26,2024-10-06 17:00:00,,1.731639344262295,64.99964341010481
2024-10-06 18:00:00,2024,280,18,14.9,9.1,33,26,2024-10-06 18:00:00,,2.2850819672131144,86.35534478930394
2024-10-06 19:00:00,2024,280,19,14.6,9.2,33,18,2024-10-06 19:00:00,,2.1354098360655738,76.56586614243483
2024-10-06 20:00:00,2024,280,20,13.1,11.5,33,18,2024-10-06 20:00:00,,1.1988524590163936,42.606450719967754
2024-10-06 21:00:00,2024,280,21,13.1,9.5,47,-2,2024-10-06 21:00:00,,3.3142622950819676,119.13456937624296
2024-10-06 22:00:00,2024,280,22,13.2,9.4,47,-11,2024-10-06 22:00:00,,3.826885245901639,140.8622966073636
2024-10-06 23:00:00,2024,280,23,13.0,12.0,47,-33,2024-10-06 23:00:00,,5.25327868852459,212.96316165681267
2024-10-07 00:00:00,2024,281,0,13.4,8.7,53,-24,2024-10-07 00:00:00,,5.976557377049181,261.58311497151306
2024-10-07 01:00:00,2024,281,1,12.2,12.4,53,-33,2024-10-07 01:00:00,,5.261311475409835,213.45111130771292
2024-10-07 02:00:00,2024,281,2,11.4,16.4,53,-29,2024-10-07 02:00:00,,2.088032786885246,56.209829999731255
2024-10-07 03:00:00,2024,281,3,10.5,27.5,47,-24,2024-10-07 03:00:00,,3.8586885245901645,137.83987438968023
2024-10-07 04:00:00,2024,281,4,9.4,34.5,47,-23,2024-10-07 04:00:00,,3.5973770491803276,125.03143952593388
2024-10-07 05:00:00,2024,281,5,9.2,31.5,47,-27,2024-10-07 05:00:00,,2.4891803278688527,73.10762214350983
2024-10-07 06:00:00,2024,281,6,8.6,25.9,30,-21,2024-10-07 06:00:00,,1.7096721311475411,44.57259703869928
2024-10-07 07:00:00,2024,281,7,8.7,18.4,30,-12,2024-10-07 07:00:00,,1.3609836065573773,35.48714441386725
2024-10-07 08:00:00,2024,281,8,9.6,13.4,30,-12,2024-10-07 08:00:00,,0.7081967213114755,14.633276646062885
2024-10-07 09:00:00,2024,281,9,11.0,7.0,53,-8,2024-10-07 09:00:00,,-0.16163934426229506,-7.118109262026337
2024-10-07 10:00:00,2024,281,10,10.9,10.8,53,-9,2024-10-07 10:00:00,,-0.09590163934426232,-5.924129608976082
2024-10-07 11:00:00,2024,281,11,12.6,15.3,53,-23,2024-10-07 11:00:00,,2.22655737704918,63.68778505348024
2024-10-07 12:00:00,2024,281,12,13.2,10.3,57,-47,2024-10-07 12:00:00,,5.5445901639344255,226.88020627358233
2024-10-07 13:00:00,2024,281,13,13.2,10.2,57,-35,2024-10-07 13:00:00,,1.0760655737704918,18.219269507121737
2024-10-07 14:00:00,2024,281,14,13.1,9.5,57,-28,2024-10-07 14:00:00,,2.4516393442622957,71.21322924617041
2024-10-07 15:00:00,2024,281,15,15.2,11.5,47,-33,2024-10-07 15:00:00,,3.1921311475409837,102.30252556947059
2024-10-07 16:00:00,2024,281,16,15.4,11.9,47,-41,2024-10-07 16:00:00,,4.310655737704918,156.36749866299382
2024-10-07 17:00:00,2024,281,17,15.2,13.4,47,-59,2024-10-07 17:00:00,,3.6314754098360655,116.38868550497178
2024-10-07 18:00:00,2024,281,18,14.6,13.6,63,-71,2024-10-07 18:00:00,,3.8775409836065573,126.23395019322761
2024-10-07 19:00:00,2024,281,19,13.8,12.4,63,-72,2024-10-07 19:00:00,,7.219344262295081,335.6710353679119
2024-10-07 20:00:00,2024,281,20,12.7,11.7,63,-96,2024-10-07 20:00:00,,5.462459016393443,212.17374842273586
2024-10-07 21:00:00,2024,281,21,7.3,23.2,57,-82,2024-10-07 21:00:00,,4.7037704918032786,168.99065536388068
2024-10-07 22:00:00,2024,281,22,7.4,31.1,57,-69,2024-10-07 22:00:00,,2.769180327868853,73.92550489760818
2024-10-07 23:00:00,2024,281,23,13.0,18.8,57,-73,2024-10-07 23:00:00,,2.885901639344262,78.29353221069603
2024-10-08 00:00:00,2024,282,0,15.1,14.9,67,-95,2024-10-08 00:00:00,,4.439508196721312,152.29534364445047
2024-10-08 01:00:00,2024,282,1,14.8,13.6,67,-107,2024-10-08 01:00:00,,5.454918032786886,210.5448156745499
2024-10-08 02:00:00,2024,282,2,15.5,11.3,67,-106,2024-10-08 02:00:00,,4.5260655737704925,155.9025413923677
2024-10-08 03:00:00,2024,282,3,16.1,10.5,70,-116,2024-10-08 03:00:00,,7.72016393442623,368.01805563262576
2024-10-08 04:00:00,2024,282,4,16.2,11.4,70,-135,2024-10-08 04:00:00,,5.977213114754098,242.58966569766193
2024-10-08 05:00:00,2024,282,5,15.4,13.2,70,-135,2024-10-08 05:00:00,,5.709180327868851,225.23706181564089
2024-10-08 06:00:00,2024,282,6,16.3,8.2,57,-136,2024-10-08 06:00:00,,5.947868852459017,240.66251638914272
2024-10-08 07:00:00,2024,282,7,16.2,7.6,57,-148,2024-10-08 07:00:00,,4.961311475409836,179.59886802902446
2024-10-08 08:00:00,2024,282,8,16.4,6.1,57,-135,2024-10-08 08:00:00,,3.655901639344262,108.55964507954852
2024-10-08 09:00:00,2024,282,9,15.0,7.0,40,-104,2024-10-08 09:00:00,,3.9265573770491806,123.89089128298846
2024-10-08 10:00:00,2024,282,10,14.0,7.8,40,-98,2024-10-08 10:00:00,,2.5999999999999988,61.99159999999995
2024-10-08 11:00:00,2024,282,11,13.6,7.8,40,-100,2024-10-08 11:00:00,,2.736229508196722,67.63525851142168
2024-10-08 12:00:00,2024,282,12,12.7,8.6,33,-98,2024-10-08 12:00:00,,3.4995081967213117,103.08952049690944
2024-10-08 13:00:00,2024,282,13,11.2,9.9,33,-82,2024-10-08 13:00:00,,2.1954098360655734,47.545351847352855
2024-10-08 14:00:00,2024,282,14,10.9,10.0,33,-75,2024-10-08 14:00:00,,2.360655737704918,55.44711300725612
2024-10-08 15:00:00,2024,282,15,10.7,10.0,37,-72,2024-10-08 15:00:00,,1.6190163934426227,27.491658053211495
2024-10-08 16:00:00,2024,282,16,10.1,8.1,37,-72,2024-10-08 16:00:00,,0.5398360655737706,-7.313727973931734
2024-10-08 17:00:00,2024,282,17,10.3,7.2,37,-68,2024-10-08 17:00:00,,3.7483606557377045,120.26390465600645
2024-10-08 18:00:00,2024,282,18,10.0,7.1,40,-63,2024-10-08 18:00:00,,1.9791803278688527,42.74279612711638
2024-10-08 19:00:00,2024,282,19,9.7,7.3,40,-66,2024-10-08 19:00:00,,2.257704918032787,53.049834814297235
2024-10-08 20:00:00,2024,282,20,10.1,8.7,40,-60,2024-10-08 20:00:00,,3.3722950819672133,103.51622033888742
2024-10-08 21:00:00,2024,282,21,9.6,8.9,43,-53,2024-10-08 21:00:00,,0.6786885245901638,0.9467651437785527
2024-10-08 22:00:00,2024,282,22,9.2,7.3,43,-54,2024-10-08 22:00:00,,1.115081967213115,14.228410740123632
2024-10-08 23:00:00,2024,282,23,9.3,7.4,43,-66,2024-10-08 23:00:00,,2.9439344262295077,82.30214504810533
2024-10-09 00:00:00,2024,283,0,9.2,7.3,40,-75,2024-10-09 00:00:00,,4.397213114754098,153.06813205831762
2024-10-09 01:00:00,2024,283,1,7.3,7.9,40,-77,2024-10-09 01:00:00,,4.556065573770491,161.50784340876103
2024-10-09 02:00:00,2024,283,2,6.5,7.0,40,-70,2024-10-09 02:00:00,,1.850983606557377,36.40412043026068
2024-10-09 03:00:00,2024,283,3,7.3,6.5,43,-66,2024-10-09 03:00:00,,1.8285245901639342,36.38731947218489
2024-10-09 04:00:00,2024,283,4,8.2,5.9,43,-76,2024-10-09 04:00:00,,2.7490163934426235,71.69669879091644
2024-10-09 05:00:00,2024,283,5,6.4,5.6,43,-83,2024-10-09 05:00:00,,4.234754098360655,142.8585446611126
2024-10-09 06:00:00,2024,283,6,6.5,5.6,37,-66,2024-10-09 06:00:00,,3.217377049180328,94.85318116527817
2024-10-09 07:00:00,2024,283,7,6.5,5.1,37,-56,2024-10-09 07:00:00,,2.868688524590164,81.20782220935232
2024-10-09 08:00:00,2024,283,8,5.7,4.9,37,-59,2024-10-09 08:00:00,,1.8506557377049182,38.77332122037088
2024-10-09 09:00:00,2024,283,9,6.1,4.4,30,-58,2024-10-09 09:00:00,,3.250983606557377,98.22291190567053
2024-10-09 10:00:00,2024,283,10,6.3,4.3,30,-56,2024-10-09 10:00:00,,2.774262295081967,77.04056019591508
2024-10-09 11:00:00,2024,283,11,6.1,4.3,30,-56,2024-10-09 11:00:00,,4.035409836065575,137.7156067981726
2024-10-09 12:00:00,2024,283,12,5.7,4.8,33,-52,2024-10-09 12:00:00,,3.169344262295082,95.87355249905939
2024-10-09 13:00:00,2024,283,13,5.5,4.4,33,-53,2024-10-09 13:00:00,,3.954262295081967,134.2244974418167
2024-10-09 14:00:00,2024,283,14,5.9,3.9,33,-51,2024-10-09 14:00:00,,2.7457377049180325,77.04115908116097
2024-10-09 15:00:00,2024,283,15,5.4,4.5,27,-52,2024-10-09 15:00:00,,1.845409836065574,40.28113356866434
2024-10-09 16:00:00,2024,283,16,5.4,4.5,27,-46,2024-10-09 16:00:00,,1.1901639344262291,18.76741187852727
2024-10-09 17:00:00,2024,283,17,5.5,4.3,27,-40,2024-10-09 17:00:00,,0.7378688524590163,6.222131749798441
2024-10-09 18:00:00,2024,283,18,5.5,3.5,20,-36,2024-10-09 18:00:00,,1.1793442622950816,21.280687040042988
2024-10-09 19:00:00,2024,283,19,5.7,3.1,20,-34,2024-10-09 19:00:00,,-0.6049180327868853,-26.014602768073097
2024-10-09 20:00:00,2024,283,20,5.5,3.9,20,-33,2024-10-09 20:00:00,,0.6888524590163935,6.867143097016932
2024-10-09 21:00:00,2024,283,21,5.6,3.5,23,-35,2024-10-09 21:00:00,,1.5818032786885245,35.39075010507928
2024-10-09 22:00:00,2024,283,22,5.6,3.3,23,-34,2024-10-09 22:00:00,,1.3459016393442624,27.47054047299114
2024-10-09 23:00:00,2024,283,23,5.4,3.6,23,-32,2024-10-09 23:00:00,,4.300491803278689,158.52056443133569
2024-10-10 00:00:00,2024,284,0,5.8,3.4,20,-32,2024-10-10 00:00:00,,2.8459016393442615,86.8686142434829
2024-10-10 01:00:00,2024,284,1,5.5,3.4,20,-32,2024-10-10 01:00:00,,1.9419672131147543,49.61148093415749
2024-10-10 02:00:00,2024,284,2,5.4,3.9,20,-32,2024-10-10 02:00:00,,2.3896721311475413,67.36785651410912
2024-10-10 03:00:00,2024,284,3,5.6,3.7,27,-32,2024-10-10 03:00:00,,1.17327868852459,22.313054181402848
2024-10-10 04:00:00,2024,284,4,6.0,4.2,27,-30,2024-10-10 04:00:00,,1.5675409836065577,36.44509502929322
2024-10-10 05:00:00,2024,284,5,6.0,3.8,27,-23,2024-10-10 05:00:00,,0.5083606557377048,4.89784491830153
2024-10-10 06:00:00,2024,284,6,6.3,3.4,13,-18,2024-10-10 06:00:00,,0.3739344262295082,2.890037785810266
2024-10-10 07:00:00,2024,284,7,6.0,3.7,13,-14,2024-10-10 07:00:00,,-0.5214754098360657,-17.49821913437248
2024-10-10 08:00:00,2024,284,8,5.2,3.9,13,-12,2024-10-10 08:00:00,,0.30934426229508194,3.32189479414136
2024-10-10 09:00:00,2024,284,9,5.6,3.4,27,-10,2024-10-10 09:00:00,,0.780983606557377,17.568561659768875
2024-10-10 10:00:00,2024,284,10,5.5,4.3,27,-11,2024-10-10 10:00:00,,2.080655737704918,62.22134881053481
2024-10-10 11:00:00,2024,284,11,5.5,4.3,27,-9,2024-10-10 11:00:00,,1.5736065573770492,44.042537420317124
2024-10-10 12:00:00,2024,284,12,6.3,3.7,37,-6,2024-10-10 12:00:00,,2.2778688524590165,71.98357673340502
2024-10-10 13:00:00,2024,284,13,8.0,4.6,37,-12,2024-10-10 13:00:00,,4.764590163934427,191.29814843751686
2024-10-10 14:00:00,2024,284,14,8.8,5.3,37,-13,2024-10-10 14:00:00,,2.384918032786885,73.67962385487772
2024-10-10 15:00:00,2024,284,15,18.3,16.7,77,47,2024-10-10 15:00:00,,-0.5645901639344262,9.617829421123353
2024-10-10 16:00:00,2024,284,16,30.3,33.2,77,12,2024-10-10 16:00:00,,19.315573770491806,1758.142271331632
2024-10-10 17:00:00,2024,284,17,32.0,34.0,77,-50,2024-10-10 17:00:00,,16.441147540983607,1314.2318059986565
2024-10-10 18:00:00,2024,284,18,26.9,30.0,83,-112,2024-10-10 18:00:00,,9.985901639344261,561.4842613910239
2024-10-10 19:00:00,2024,284,19,32.4,21.2,83,-176,2024-10-10 19:00:00,,10.897049180327869,650.4543257575922
2024-10-10 20:00:00,2024,284,20,30.7,29.3,83,-201,2024-10-10 20:00:00,,8.427213114754098,430.11594463208814
2024-10-10 21:00:00,2024,284,21,19.8,35.5,87,-220,2024-10-10 21:00:00,,12.728524590163934,851.6852804557915
2024-10-10 22:00:00,2024,284,22,38.1,17.8,87,-243,2024-10-10 22:00:00,,14.814262295081965,1106.0371611795215
2024-10-10 23:00:00,2024,284,23,43.7,7.3,87,-303,2024-10-10 23:00:00,,10.616721311475409,662.0910639355011
2024-10-11 00:00:00,2024,285,0,40.6,6.0,83,-308,2024-10-11 00:00:00,,8.569180327868851,479.70210194678845
2024-10-11 01:00:00,2024,285,1,36.9,8.9,83,-333,2024-10-11 01:00:00,,10.404098360655736,657.877853997581
2024-10-11 02:00:00,2024,285,2,34.8,5.1,83,-296,2024-10-11 02:00:00,,6.834754098360655,339.4753043332437
2024-10-11 03:00:00,2024,285,3,34.1,3.4,77,-283,2024-10-11 03:00:00,,8.083934426229508,428.1561135726955
2024-10-11 04:00:00,2024,285,4,33.8,3.7,77,-276,2024-10-11 04:00:00,,4.54295081967213,184.5549972330018
2024-10-11 05:00:00,2024,285,5,33.3,2.9,77,-270,2024-10-11 05:00:00,,6.0445901639344255,273.6912587325987
2024-10-11 06:00:00,2024,285,6,28.7,5.1,77,-271,2024-10-11 06:00:00,,5.430819672131149,234.79846752055906
2024-10-11 07:00:00,2024,285,7,29.3,5.0,77,-261,2024-10-11 07:00:00,,4.215901639344263,160.7140406205322
2024-10-11 08:00:00,2024,285,8,26.1,5.2,77,-244,2024-10-11 08:00:00,,7.729180327868852,385.35747768449335
2024-10-11 09:00:00,2024,285,9,22.1,7.0,77,-259,2024-10-11 09:00:00,,9.922786885245905,577.1640611074984
2024-10-11 10:00:00,2024,285,10,20.0,8.7,77,-224,2024-10-11 10:00:00,,7.247213114754099,342.90748836979316
2024-10-11 11:00:00,2024,285,11,11.2,5.8,77,-209,2024-10-11 11:00:00,,4.751147540983606,175.06286637570543
2024-10-11 12:00:00,2024,285,12,10.3,3.9,63,-189,2024-10-11 12:00:00,,0.6940983606557377,-4.989547461435087
2024-10-11 13:00:00,2024,285,13,9.7,4.7,63,-179,2024-10-11 13:00:00,,3.7672131147540986,116.83179518946523
2024-10-11 14:00:00,2024,285,14,9.8,5.9,63,-169,2024-10-11 14:00:00,,4.942950819672132,179.89726706906748
2024-10-11 15:00:00,2024,285,15,10.2,4.4,40,-146,2024-10-11 15:00:00,,1.348360655737705,11.874337442891704
2024-10-11 16:00:00,2024,285,16,9.9,5.8,40,-134,2024-10-11 16:00:00,,0.8455737704918033,-4.5215358978769125
2024-10-11 17:00:00,2024,285,17,9.9,4.6,40,-118,2024-10-11 17:00:00,,1.0324590163934424,1.8388681440473
2024-10-11 18:00:00,2024,285,18,10.1,3.9,30,-109,2024-10-11 18:00:00,,0.8431147540983608,-3.4594008844396598
2024-10-11 19:00:00,2024,285,19,10.0,4.4,30,-102,2024-10-11 19:00:00,,0.8480327868852459,-2.654129672399895
2024-10-11 20:00:00,2024,285,20,10.7,4.0,30,-99,2024-10-11 20:00:00,,0.29885245901639335,-18.145505673474865
2024-10-11 21:00:00,2024,285,21,11.0,3.8,33,-94,2024-10-11 21:00:00,,-0.22524590163934427,-30.719361699543136
2024-10-11 22:00:00,2024,285,22,11.7,3.4,33,-90,2024-10-11 22:00:00,,0.4640983606557376,-12.464121149959686
2024-10-11 23:00:00,2024,285,23,11.1,5.2,33,-74,2024-10-11 23:00:00,,1.0278688524590163,7.060369766191881
2024-10-12 00:00:00,2024,286,0,11.1,4.5,33,-68,2024-10-12 00:00:00,,-0.2767213114754098,-27.57047376941682
2024-10-12 01:00:00,2024,286,1,10.1,2.2,33,-71,2024-10-12 01:00:00,,-1.043934426229508,-43.815812984681536
2024-10-12 02:00:00,2024,286,2,9.4,1.6,33,-72,2024-10-12 02:00:00,,-1.03655737704918,-43.88003453668368
2024-10-12 03:00:00,2024,286,3,10.0,0.6,17,-77,2024-10-12 03:00:00,,-1.0754098360655737,-45.499764283794676
2024-10-12 04:00:00,2024,286,4,9.1,0.8,17,-76,2024-10-12 04:00:00,,-1.5218032786885245,-52.47651500967481
2024-10-12 05:00:00,2024,286,5,7.4,1.1,17,-74,2024-10-12 05:00:00,,-0.730655737704918,-38.491566189465196
2024-10-12 06:00:00,2024,286,6,6.9,2.4,23,-66,2024-10-12 06:00:00,,-0.38770491803278684,-29.663400907014243
2024-10-12 07:00:00,2024,286,7,6.1,0.7,23,-71,2024-10-12 07:00:00,,-0.8121311475409835,-39.513354889545816
2024-10-12 08:00:00,2024,286,8,5.6,0.9,23,-67,2024-10-12 08:00:00,,-0.6373770491803279,-35.215503949475945
2024-10-12 09:00:00,2024,286,9,5.8,0.8,47,-63,2024-10-12 09:00:00,,-0.1508196721311475,-23.552835823703305
2024-10-12 10:00:00,2024,286,10,6.1,1.9,47,-67,2024-10-12 10:00:00,,1.6716393442622945,30.39943259043266
2024-10-12 11:00:00,2024,286,11,7.0,1.0,47,-74,2024-10-12 11:00:00,,4.425245901639343,154.79572289062074
2024-10-12 12:00:00,2024,286,12,4.4,4.9,40,-54,2024-10-12 12:00:00,,1.5175409836065574,27.858588553883365
2024-10-12 13:00:00,2024,286,13,3.8,4.5,40,-55,2024-10-12 13:00:00,,2.2552459016393436,55.46428769389947
2024-10-12 14:00:00,2024,286,14,3.8,3.5,40,-55,2024-10-12 14:00:00,,1.5065573770491805,27.22544170921796
2024-10-12 15:00:00,2024,286,15,4.5,0.9,30,-64,2024-10-12 15:00:00,,0.5147540983606557,-6.380216715936575
2024-10-12 16:00:00,2024,286,16,4.4,0.7,30,-62,2024-10-12 16:00:00,,-0.24245901639344264,-25.488343380542865
2024-10-12 17:00:00,2024,286,17,4.0,1.7,30,-55,2024-10-12 17:00:00,,-0.3811475409836066,-27.003879837409293
2024-10-12 18:00:00,2024,286,18,3.8,2.3,30,-52,2024-10-12 18:00:00,,0.0029508196721311475,-17.19052440634238
2024-10-12 19:00:00,2024,286,19,2.1,4.7,30,-45,2024-10-12 19:00:00,,-0.07885245901639346,-17.353935312819132
2024-10-12 20:00:00,2024,286,20,1.7,4.7,30,-40,2024-10-12 20:00:00,,0.8219672131147541,8.762662573501748
2024-10-12 21:00:00,2024,286,21,4.1,2.3,27,-42,2024-10-12 21:00:00,,1.3006557377049182,23.568036548239732
2024-10-12 22:00:00,2024,286,22,4.7,1.5,27,-44,2024-10-12 22:00:00,,0.5381967213114753,-0.7525576326256402
2024-10-12 23:00:00,2024,286,23,4.6,1.8,27,-41,2024-10-12 23:00:00,,-0.5385245901639343,-26.70344726552002
2024-10-13 00:00:00,2024,287,0,4.8,2.0,3,-39,2024-10-13 00:00:00,,-0.2691803278688525,-20.161316413867237
2024-10-13 01:00:00,2024,287,1,4.8,2.4,3,-38,2024-10-13 01:00:00,,-0.1555737704918033,-17.203698242139208
2024-10-13 02:00:00,2024,287,2,4.9,3.1,3,-36,2024-10-13 02:00:00,,-0.049016393442622944,-14.027825143509808
2024-10-13 03:00:00,2024,287,3,5.1,3.0,0,-35,2024-10-13 03:00:00,,-0.28098360655737714,-19.23695637301801
2024-10-13 04:00:00,2024,287,4,5.2,3.7,0,-36,2024-10-13 04:00:00,,-0.4850819672131147,-24.087301768073097
2024-10-13 05:00:00,2024,287,5,5.2,4.1,0,-35,2024-10-13 05:00:00,,-0.16377049180327868,-16.497288701693094
2024-10-13 06:00:00,2024,287,6,5.1,3.9,3,-32,2024-10-13 06:00:00,,-0.21836065573770488,-16.856403229239447
2024-10-13 07:00:00,2024,287,7,5.2,3.2,3,-31,2024-10-13 07:00:00,,-0.46934426229508197,-22.199310123891426
2024-10-13 08:00:00,2024,287,8,5.0,2.8,3,-29,2024-10-13 08:00:00,,-0.5501639344262296,-23.28994031819403
2024-10-13 09:00:00,2024,287,9,5.1,2.9,13,-26,2024-10-13 09:00:00,,-0.4173770491803279,-19.440480474066113
2024-10-13 10:00:00,2024,287,10,3.6,3.0,13,-25,2024-10-13 10:00:00,,-0.17934426229508196,-13.66669820585864
2024-10-13 11:00:00,2024,287,11,4.5,2.5,13,-27,2024-10-13 11:00:00,,-0.14245901639344258,-13.45310042972319
2024-10-13 12:00:00,2024,287,12,4.5,1.6,17,-26,2024-10-13 12:00:00,,0.35704918032786886,-0.32432506208008616
2024-10-13 13:00:00,2024,287,13,4.4,1.8,17,-29,2024-10-13 13:00:00,,0.6868852459016395,8.076950443429194
2024-10-13 14:00:00,2024,287,14,4.3,1.5,17,-33,2024-10-13 14:00:00,,0.6467857142857144,5.6285077308673515
2024-10-13 15:00:00,2024,287,15,4.2,1.4,10,-36,2024-10-13 15:00:00,,0.25303030303030305,-6.299752777777775
2024-10-13 16:00:00,2024,287,16,4.2,1.9,10,-34,2024-10-13 16:00:00,,0.658360655737705,5.658622869121206
2024-10-13 17:00:00,2024,287,17,4.0,2.3,10,-32,2024-10-13 17:00:00,,0.36245901639344263,-2.1144010854608957
2024-10-13 18:00:00,2024,287,18,3.3,2.7,17,-26,2024-10-13 18:00:00,,0.3914754098360656,0.6204156689062088
2024-10-13 19:00:00,2024,287,19,3.7,2.8,17,-22,2024-10-13 19:00:00,,1.2422950819672132,27.88936760118248
2024-10-13 20:00:00,2024,287,20,3.8,3.0,17,-23,2024-10-13 20:00:00,,1.140655737704918,24.191157007256116
2024-10-13 21:00:00,2024,287,21,3.2,3.6,10,-23,2024-10-13 21:00:00,,0.4163934426229508,2.3187705186777734
2024-10-13 22:00:00,2024,287,22,2.6,4.1,10,-18,2024-10-13 22:00:00,,0.07721311475409837,-4.951835613813491
2024-10-13 23:00:00,2024,287,23,2.7,4.3,10,-15,2024-10-13 23:00:00,,0.036885245901639344,-4.88978685165278
2024-10-14 00:00:00,2024,288,0,3.6,4.3,7,-12,2024-10-14 00:00:00,,-0.3262295081967213,-12.460940849234076
2024-10-14 01:00:00,2024,288,1,3.5,4.7,7,-9,2024-10-14 01:00:00,,-0.05032786885245901,-4.81252348589089
2024-10-14 02:00:00,2024,288,2,2.8,4.4,7,-9,2024-10-14 02:00:00,,0.03295081967213114,-2.744651668637463
2024-10-14 03:00:00,2024,288,3,4.1,3.7,7,-16,2024-10-14 03:00:00,,0.046393442622950816,-5.013927694436979
2024-10-14 04:00:00,2024,288,4,4.6,2.8,7,-19,2024-10-14 04:00:00,,0.3677049180327869,2.364730961838217
2024-10-14 05:00:00,2024,288,5,4.6,3.0,7,-20,2024-10-14 05:00:00,,0.37868852459016394,2.31456842246708
2024-10-14 06:00:00,2024,288,6,4.4,3.1,13,-16,2024-10-14 06:00:00,,0.5293442622950819,7.9548789252889
2024-10-14 07:00:00,2024,288,7,3.9,3.9,13,-17,2024-10-14 07:00:00,,0.4439344262295083,5.185063080892236
2024-10-14 08:00:00,2024,288,8,2.5,5.3,13,-12,2024-10-14 08:00:00,,0.29770491803278687,3.0080976339693626
2024-10-14 09:00:00,2024,288,9,3.0,5.5,7,-9,2024-10-14 09:00:00,,0.32934426229508196,4.998753351518411
2024-10-14 10:00:00,2024,288,10,3.3,5.0,7,-11,2024-10-14 10:00:00,,-0.16114754098360654,-8.250909607901102
2024-10-14 11:00:00,2024,288,11,3.4,4.9,7,-11,2024-10-14 11:00:00,,-0.08655737704918032,-6.457364782585326
2024-10-14 12:00:00,2024,288,12,3.4,5.2,7,-10,2024-10-14 12:00:00,,0.17737704918032784,0.5722022800322494
2024-10-14 13:00:00,2024,288,13,4.0,4.8,7,-10,2024-10-14 13:00:00,,0.2270491803278689,1.8770441346412272
2024-10-14 14:00:00,2024,288,14,4.4,4.2,7,-13,2024-10-14 14:00:00,,0.39721311475409843,5.3481582878258545
2024-10-14 15:00:00,2024,288,15,4.4,4.2,7,-11,2024-10-14 15:00:00,,0.33114754098360655,4.287698441279227
2024-10-14 16:00:00,2024,288,16,4.6,3.7,7,-12,2024-10-14 16:00:00,,0.10508196721311473,-2.0508558664337544
2024-10-14 17:00:00,2024,288,17,4.8,4.6,7,-12,2024-10-14 17:00:00,,0.10213114754098362,-2.126386807578607
2024-10-14 18:00:00,2024,288,18,7.9,7.9,23,-5,2024-10-14 18:00:00,,0.4608196721311476,10.181431405804895
2024-10-14 19:00:00,2024,288,19,9.5,5.3,23,-9,2024-10-14 19:00:00,,0.2878688524590164,3.8791372416017205
2024-10-14 20:00:00,2024,288,20,9.2,5.1,23,-13,2024-10-14 20:00:00,,0.7593442622950819,15.789797335124963
2024-10-14 21:00:00,2024,288,21,8.9,5.6,37,-14,2024-10-14 21:00:00,,1.0301639344262294,23.813600993281376
2024-10-14 22:00:00,2024,288,22,8.3,6.6,37,-18,2024-10-14 22:00:00,,2.252622950819672,66.47718288658963
2024-10-14 23:00:00,2024,288,23,7.7,6.8,37,-20,2024-10-14 23:00:00,,3.115573770491804,103.04681887261492
2024-10-15 00:00:00,2024,289,0,7.6,6.3,23,-26,2024-10-15 00:00:00,,3.3496721311475413,111.98857389115831
2024-10-15 01:00:00,2024,289,1,7.2,6.3,23,-31,2024-10-15 01:00:00,,2.665245901639344,79.29252728406342
2024-10-15 02:00:00,2024,289,2,6.9,6.6,23,-29,2024-10-15 02:00:00,,2.0290163934426233,53.91237269255578
2024-10-15 03:00:00,2024,289,3,7.1,6.4,23,-34,2024-10-15 03:00:00,,1.8185245901639346,44.33405509513573
2024-10-15 04:00:00,2024,289,4,7.0,6.6,23,-31,2024-10-15 04:00:00,,1.0114754098360654,17.395834291857025
2024-10-15 05:00:00,2024,289,5,6.7,7.6,23,-29,2024-10-15 05:00:00,,0.5890163934426229,5.215184495834453
2024-10-15 06:00:00,2024,289,6,6.7,6.6,33,-28,2024-10-15 06:00:00,,1.1337704918032787,22.298882691749537
2024-10-15 07:00:00,2024,289,7,6.7,6.0,33,-34,2024-10-15 07:00:00,,1.5495081967213113,34.548585988712716
2024-10-15 08:00:00,2024,289,8,6.5,5.7,33,-31,2024-10-15 08:00:00,,2.085409836065574,55.46721638833648
2024-10-15 09:00:00,2024,289,9,6.5,5.4,23,-32,2024-10-15 09:00:00,,2.940983606557378,91.11148336468693
2024-10-15 10:00:00,2024,289,10,6.4,5.9,23,-28,2024-10-15 10:00:00,,2.2775409836065577,64.07232298011289
2024-10-15 11:00:00,2024,289,11,7.2,5.3,23,-19,2024-10-15 11:00:00,,0.9086885245901639,18.184444963450687
2024-10-15 12:00:00,2024,289,12,6.1,5.9,27,-14,2024-10-15 12:00:00,,0.12311475409836067,-2.3299875729642556
2024-10-15 13:00:00,2024,289,13,6.1,6.2,27,-16,2024-10-15 13:00:00,,1.2119672131147536,28.99869196694436
2024-10-15 14:00:00,2024,289,14,6.4,6.2,27,-15,2024-10-15 14:00:00,,0.9819672131147542,21.91678919645257
2024-10-15 15:00:00,2024,289,15,7.0,5.7,33,-15,2024-10-15 15:00:00,,0.5326229508196721,8.411858624294547
2024-10-15 16:00:00,2024,289,16,7.8,5.6,33,-19,2024-10-15 16:00:00,,1.5367213114754097,39.053250689599565
2024-10-15 17:00:00,2024,289,17,7.9,5.6,33,-21,2024-10-15 17:00:00,,2.394426229508197,71.19924331523785
2024-10-15 18:00:00,2024,289,18,7.9,6.3,20,-31,2024-10-15 18:00:00,,2.1859016393442623,59.43213778446655
2024-10-15 19:00:00,2024,289,19,8.2,6.1,20,-28,2024-10-15 19:00:00,,0.08557377049180329,-8.149097865090027
2024-10-15 20:00:00,2024,289,20,8.5,6.4,20,-24,2024-10-15 20:00:00,,-0.15131147540983608,-12.664070118516527
2024-10-15 21:00:00,2024,289,21,8.8,6.6,20,-20,2024-10-15 21:00:00,,-0.0678688524590164,-9.273548660037624
2024-10-15 22:00:00,2024,289,22,8.9,7.3,20,-16,2024-10-15 22:00:00,,0.5059016393442622,7.288635161515722
2024-10-15 23:00:00,2024,289,23,8.7,7.7,20,-17,2024-10-15 23:00:00,,0.36131147540983605,2.9017044224670774
2024-10-16 00:00:00,2024,290,0,8.6,7.6,17,-14,2024-10-16 00:00:00,,0.3516393442622951,3.7279505576457965
2024-10-16 01:00:00,2024,290,1,8.5,7.9,17,-16,2024-10-16 01:00:00,,1.2672131147540981,30.840811582907815
2024-10-16 02:00:00,2024,290,2,8.9,8.1,17,-13,2024-10-16 02:00:00,,0.9434426229508198,21.440973266595005
2024-10-16 03:00:00,2024,290,3,9.3,7.8,27,-18,2024-10-16 03:00:00,,1.4832786885245903,37.527200984681535
2024-10-16 04:00:00,2024,290,4,10.0,7.8,27,-23,2024-10-16 04:00:00,,2.4245901639344263,71.75770292932006
2024-10-16 05:00:00,2024,290,5,9.8,7.8,27,-18,2024-10-16 05:00:00,,1.4781967213114753,37.349389908357956
2024-10-16 06:00:00,2024,290,6,9.5,6.2,30,-22,2024-10-16 06:00:00,,0.940327868852459,18.125938923945174
2024-10-16 07:00:00,2024,290,7,9.4,5.8,30,-27,2024-10-16 07:00:00,,1.3580327868852458,30.113838966944364
2024-10-16 08:00:00,2024,290,8,9.2,6.2,30,-19,2024-10-16 08:00:00,,1.750655737704918,46.77627400725611
2024-10-16 09:00:00,2024,290,9,8.7,7.2,30,-24,2024-10-16 09:00:00,,3.872459016393443,138.54565634076866
2024-10-16 10:00:00,2024,290,10,8.4,6.8,30,-21,2024-10-16 10:00:00,,1.7724590163934426,46.880898307981724
2024-10-16 11:00:00,2024,290,11,8.9,6.3,30,-14,2024-10-16 11:00:00,,1.834098360655738,51.67566447299114
2024-10-16 12:00:00,2024,290,12,7.9,6.6,27,-12,2024-10-16 12:00:00,,1.52,41.007264
2024-10-16 13:00:00,2024,290,13,7.5,5.6,27,-10,2024-10-16 13:00:00,,1.2965573770491803,34.053731233808115
2024-10-16 14:00:00,2024,290,14,8.2,5.5,27,-14,2024-10-16 14:00:00,,1.282786885245902,32.09386445176029
2024-10-16 15:00:00,2024,290,15,8.7,4.4,30,-13,2024-10-16 15:00:00,,0.01836065573770492,-4.61835372104273
2024-10-16 16:00:00,2024,290,16,8.1,4.6,30,-15,2024-10-16 16:00:00,,1.4042622950819672,35.86394686804623
2024-10-16 17:00:00,2024,290,17,8.0,4.7,30,-23,2024-10-16 17:00:00,,2.2329508196721313,63.9441424297232
2024-10-16 18:00:00,2024,290,18,7.9,4.9,30,-23,2024-10-16 18:00:00,,0.8498360655737706,14.978694435904329
2024-10-16 19:00:00,2024,290,19,7.5,5.3,30,-21,2024-10-16 19:00:00,,1.3096721311475412,30.49821146492879
2024-10-16 20:00:00,2024,290,20,7.1,5.0,30,-23,2024-10-16 20:00:00,,1.9314754098360654,52.15925960333243
2024-10-16 21:00:00,2024,290,21,6.6,5.0,27,-24,2024-10-16 21:00:00,,2.5718032786885243,77.59051048212845
2024-10-16 22:00:00,2024,290,22,6.4,5.0,27,-21,2024-10-16 22:00:00,,2.2373770491803278,64.80978391937651
2024-10-16 23:00:00,2024,290,23,6.5,4.9,27,-17,2024-10-16 23:00:00,,0.9616393442622951,20.552101557645795
2024-10-17 00:00:00,2024,291,0,5.7,5.0,27,-14,2024-10-17 00:00:00,,0.6855737704918031,13.220670003762429
2024-10-17 01:00:00,2024,291,1,6.1,4.8,27,-19,2024-10-17 01:00:00,,0.9459016393442622,19.346020800859982
2024-10-17 02:00:00,2024,291,2,6.9,4.9,27,-20,2024-10-17 02:00:00,,1.2800000000000002,29.846144000000013
2024-10-17 03:00:00,2024,291,3,6.7,5.6,30,-21,2024-10-17 03:00:00,,2.976557377049181,96.35025103708684
2024-10-17 04:00:00,2024,291,4,5.9,6.2,30,-20,2024-10-17 04:00:00,,2.0573770491803276,58.041963853802734
2024-10-17 05:00:00,2024,291,5,5.9,5.6,30,-28,2024-10-17 05:00:00,,2.4106557377049183,69.5136216138135
2024-10-17 06:00:00,2024,291,6,6.6,5.4,17,-24,2024-10-17 06:00:00,,1.8747540983606554,49.67176649717816
2024-10-17 07:00:00,2024,291,7,6.8,5.7,17,-15,2024-10-17 07:00:00,,0.2959016393442623,1.85106383364687
2024-10-17 08:00:00,2024,291,8,6.7,6.4,17,-12,2024-10-17 08:00:00,,0.06688524590163934,-3.0239711303413057
2024-10-17 09:00:00,2024,291,9,6.7,6.8,7,-9,2024-10-17 09:00:00,,-0.05704918032786886,-4.977355881752217
2024-10-17 10:00:00,2024,291,10,6.6,6.5,7,-9,2024-10-17 10:00:00,,-0.16606557377049178,-7.607831919107766
2024-10-17 11:00:00,2024,291,11,6.6,6.8,7,-6,2024-10-17 11:00:00,,0.045245901639344256,-1.2728485847890352
2024-10-17 12:00:00,2024,291,12,6.6,7.2,3,-6,2024-10-17 12:00:00,,0.07491803278688523,-0.5221508172534268
2024-10-17 13:00:00,2024,291,13,5.6,7.0,3,-6,2024-10-17 13:00:00,,0.06704918032786886,-0.7218159309325447
2024-10-17 14:00:00,2024,291,14,5.7,999.9,3,-6,2024-10-17 14:00:00,,0.00786885245901639,-2.209933119054018
2024-10-17 15:00:00,2024,291,15,5.5,6.8,13,-7,2024-10-17 15:00:00,,-5.4601132358614255e-18,-2.7964999999999995
2024-10-17 16:00:00,2024,291,16,4.9,6.0,13,-8,2024-10-17 16:00:00,,0.6191803278688522,13.534738750067183
2024-10-17 17:00:00,2024,291,17,5.2,6.1,13,-8,2024-10-17 17:00:00,,0.23311475409836066,2.8035341155603333
2024-10-17 18:00:00,2024,291,18,5.9,5.9,23,-8,2024-10-17 18:00:00,,-0.22098360655737706,-8.517758864821285
2024-10-17 19:00:00,2024,291,19,6.4,6.4,23,-9,2024-10-17 19:00:00,,0.3881967213114755,6.607592121472725
2024-10-17 20:00:00,2024,291,20,6.6,6.5,23,-9,2024-10-17 20:00:00,,1.0262295081967214,25.565583740929863
2024-10-17 21:00:00,2024,291,21,6.9,5.9,20,-8,2024-10-17 21:00:00,,1.3642622950819672,37.119220113947854
2024-10-17 22:00:00,2024,291,22,6.7,5.6,20,-9,2024-10-17 22:00:00,,1.8814754098360655,55.332651488578335
2024-10-17 23:00:00,2024,291,23,6.0,5.5,20,-14,2024-10-17 23:00:00,,2.0937704918032787,61.61696085568395
2024-10-18 00:00:00,2024,292,0,6.5,5.8,30,-15,2024-10-18 00:00:00,,1.3049180327868852,32.47349559258264
2024-10-18 01:00:00,2024,292,1,6.9,6.5,30,-21,2024-10-18 01:00:00,,2.002786885245901,55.578905173071725
2024-10-18 02:00:00,2024,292,2,7.2,6.9,30,-26,2024-10-18 02:00:00,,2.4773770491803275,72.94443867347486
2024-10-18 03:00:00,2024,292,3,7.4,7.2,23,-23,2024-10-18 03:00:00,,2.1181967213114756,59.38525895753831
2024-10-18 04:00:00,2024,292,4,7.5,7.2,23,-19,2024-10-18 04:00:00,,1.1701639344262291,26.54613751787153
2024-10-18 05:00:00,2024,292,5,7.5,6.7,23,-20,2024-10-18 05:00:00,,1.4454098360655736,35.50045553587746
2024-10-18 06:00:00,2024,292,6,7.7,6.6,3,-13,2024-10-18 06:00:00,,0.4470491803278689,6.732052724805162
2024-10-18 07:00:00,2024,292,7,7.5,6.5,3,-9,2024-10-18 07:00:00,,-0.05803278688524589,-5.001451852727761
2024-10-18 08:00:00,2024,292,8,7.5,6.7,3,-5,2024-10-18 08:00:00,,-0.15229508196721314,-5.724033759473261
2024-10-18 09:00:00,2024,292,9,7.8,7.1,10,-2,2024-10-18 09:00:00,,0.07836065573770491,1.1573354592851384
2024-10-18 10:00:00,2024,292,10,8.5,6.9,10,-5,2024-10-18 10:00:00,,0.14147540983606557,1.5770750951357169
2024-10-18 11:00:00,2024,292,11,8.9,7.5,10,-2,2024-10-18 11:00:00,,0.47475409836065563,11.771214366030634
2024-10-18 12:00:00,2024,292,12,9.2,8.5,27,0,2024-10-18 12:00:00,,0.5739344262295082,15.408484343187315
2024-10-18 13:00:00,2024,292,13,9.5,9.6,27,3,2024-10-18 13:00:00,,0.9975409836065573,29.46554520962107
2024-10-18 14:00:00,2024,292,14,10.2,10.5,27,2,2024-10-18 14:00:00,,1.6462295081967213,51.04199659338888
2024-10-18 15:00:00,2024,292,15,10.5,11.1,33,-1,2024-10-18 15:00:00,,2.735081967213115,93.17678634668101
2024-10-18 16:00:00,2024,292,16,11.5,12.0,33,-6,2024-10-18 16:00:00,,2.7706557377049177,92.7325995810266
2024-10-18 17:00:00,2024,292,17,11.5,12.6,33,-20,2024-10-18 17:00:00,,3.092131147540983,101.96709212684759
2024-10-18 18:00:00,2024,292,18,11.7,16.9,30,-20,2024-10-18 18:00:00,,1.999672131147541,55.80736757968288
2024-10-18 19:00:00,2024,292,19,11.2,19.0,30,-12,2024-10-18 19:00:00,,-0.28918032786885245,-11.61653621714593
2024-10-18 20:00:00,2024,292,20,10.8,20.9,30,-5,2024-10-18 20:00:00,,-0.3136065573770492,-9.48279687476485
2024-10-18 21:00:00,2024,292,21,10.4,20.4,37,-13,2024-10-18 21:00:00,,1.950327868852459,56.43804635017469
2024-10-18 22:00:00,2024,292,22,10.9,20.7,37,-15,2024-10-18 22:00:00,,1.5208196721311478,39.9276649795754
2024-10-18 23:00:00,2024,292,23,9.6,21.4,37,-11,2024-10-18 23:00:00,,1.9009836065573769,55.309830840096744
2024-10-19 00:00:00,2024,293,0,9.2,22.1,50,-25,2024-10-19 00:00:00,,2.9803278688524593,95.15668849771569
2024-10-19 01:00:00,2024,293,1,8.7,22.0,50,-29,2024-10-19 01:00:00,,2.6580327868852467,79.622057655469
2024-10-19 02:00:00,2024,293,2,10.2,21.7,50,-30,2024-10-19 02:00:00,,3.0718032786885248,97.68385966245633
2024-10-19 03:00:00,2024,293,3,10.2,14.6,47,-39,2024-10-19 03:00:00,,4.010655737704918,140.96779702364955
2024-10-19 04:00:00,2024,293,4,10.8,7.1,47,-41,2024-10-19 04:00:00,,3.2616393442622953,103.17027631174417
2024-10-19 05:00:00,2024,293,5,10.1,8.1,47,-47,2024-10-19 05:00:00,,3.078360655737705,92.97809447567859
2024-10-19 06:00:00,2024,293,6,9.4,8.6,37,-41,2024-10-19 06:00:00,,2.3822950819672135,64.35969940446118
2024-10-19 07:00:00,2024,293,7,8.7,8.4,37,-39,2024-10-19 07:00:00,,2.846229508196721,84.75863888847081
2024-10-19 08:00:00,2024,293,8,7.4,9.7,37,-34,2024-10-19 08:00:00,,2.9214754098360656,89.61393627546359
2024-10-19 09:00:00,2024,293,9,8.0,10.4,33,-31,2024-10-19 09:00:00,,1.8734426229508194,47.32986144692286
2024-10-19 10:00:00,2024,293,10,7.2,9.6,33,-30,2024-10-19 10:00:00,,2.1591803278688526,58.689621897608184
2024-10-19 11:00:00,2024,293,11,7.1,8.6,33,-20,2024-10-19 11:00:00,,0.7436065573770493,12.793929141628597
2024-10-19 12:00:00,2024,293,12,6.1,7.7,30,-15,2024-10-19 12:00:00,,0.8027868852459015,16.366497304219294
2024-10-19 13:00:00,2024,293,13,5.5,6.3,30,-18,2024-10-19 13:00:00,,1.2368852459016393,29.108982000806236
2024-10-19 14:00:00,2024,293,14,5.0,6.0,30,-24,2024-10-19 14:00:00,,1.595409836065574,39.413334798172535
2024-10-19 15:00:00,2024,293,15,5.1,5.3,20,-24,2024-10-19 15:00:00,,1.3045901639344262,29.29891742112335
2024-10-19 16:00:00,2024,293,16,5.4,5.3,20,-25,2024-10-19 16:00:00,,0.8937704918032787,15.657443150765925
2024-10-19 17:00:00,2024,293,17,6.6,4.0,20,-30,2024-10-19 17:00:00,,1.2001639344262292,23.83382205885514
2024-10-19 18:00:00,2024,293,18,6.9,4.1,40,-29,2024-10-19 18:00:00,,0.6701639344262295,7.583378501478094
2024-10-19 19:00:00,2024,293,19,6.7,5.0,40,-25,2024-10-19 19:00:00,,2.544918032786885,76.11574241225478
2024-10-19 20:00:00,2024,293,20,6.2,5.9,40,-34,2024-10-19 20:00:00,,4.786393442622951,185.0489398465467
2024-10-19 21:00:00,2024,293,21,5.1,7.6,37,-37,2024-10-19 21:00:00,,4.075409836065574,144.95702260145126
2024-10-19 22:00:00,2024,293,22,5.3,6.4,37,-30,2024-10-19 22:00:00,,1.3913114754098357,30.280642012631
2024-10-19 23:00:00,2024,293,23,4.9,7.2,37,-25,2024-10-19 23:00:00,,0.6696721311475409,8.884890546895992
2024-10-20 00:00:00,2024,294,0,4.6,8.7,30,-21,2024-10-20 00:00:00,,1.2403278688524588,28.169249743617303
2024-10-20 01:00:00,2024,294,1,6.0,6.0,30,-24,2024-10-20 01:00:00,,1.890655737704918,50.271736105616775
2024-10-20 02:00:00,2024,294,2,3.8,10.1,30,-22,2024-10-20 02:00:00,,1.1216393442622952,23.913638410104813
2024-10-20 03:00:00,2024,294,3,3.9,9.9,20,-21,2024-10-20 03:00:00,,1.204754098360656,26.987214120129007
2024-10-20 04:00:00,2024,294,4,4.0,10.0,20,-18,2024-10-20 04:00:00,,1.040983606557377,22.711317790916418
2024-10-20 05:00:00,2024,294,5,3.8,10.8,20,-16,2024-10-20 05:00:00,,0.7163934426229509,13.405111502284338
2024-10-20 06:00:00,2024,294,6,3.9,11.0,17,-8,2024-10-20 06:00:00,,0.6736065573770492,15.129340371136793
2024-10-20 07:00:00,2024,294,7,4.0,11.5,17,-5,2024-10-20 07:00:00,,0.43098360655737716,9.348078790916423
2024-10-20 08:00:00,2024,294,8,4.1,11.0,17,-3,2024-10-20 08:00:00,,0.1947540983606557,3.7602679398011274
2024-10-20 09:00:00,2024,294,9,4.4,11.2,3,-1,2024-10-20 09:00:00,,0.14737704918032787,3.3337799357699547
2024-10-20 10:00:00,2024,294,10,3.8,10.8,3,-1,2024-10-20 10:00:00,,0.04245901639344263,0.6544523571620534
2024-10-20 11:00:00,2024,294,11,4.8,9.3,3,2,2024-10-20 11:00:00,,-0.1357377049180328,-2.489683164740662
2024-10-20 12:00:00,2024,294,12,4.7,9.2,7,3,2024-10-20 12:00:00,,-0.006885245901639348,1.0722878860521365
2024-10-20 13:00:00,2024,294,13,2.4,10.2,7,3,2024-10-20 13:00:00,,0.011967213114754098,1.5418522948132223
2024-10-20 14:00:00,2024,294,14,2.3,10.0,7,2,2024-10-20 14:00:00,,0.16245901639344265,4.959604816178448
2024-10-20 15:00:00,2024,294,15,2.9,9.9,7,2,2024-10-20 15:00:00,,-0.02229508196721311,0.272770420854609
2024-10-20 16:00:00,2024,294,16,3.2,9.6,7,4,2024-10-20 16:00:00,,0.009999999999999998,1.913241
2024-10-20 17:00:00,2024,294,17,3.5,8.3,7,1,2024-10-20 17:00:00,,0.3131147540983607,8.539245525396401
2024-10-20 18:00:00,2024,294,18,2.8,8.6,7,0,2024-10-20 18:00:00,,0.22377049180327865,5.740397265520021
2024-10-20 19:00:00,2024,294,19,4.2,6.9,7,-1,2024-10-20 19:00:00,,0.20524590163934425,4.8437197430798165
2024-10-20 20:00:00,2024,294,20,3.5,7.8,7,0,2024-10-20 20:00:00,,0.1426229508196722,3.6192490997043825
2024-10-20 21:00:00,2024,294,21,3.5,8.9,13,-1,2024-10-20 21:00:00,,0.28459016393442615,6.951130404729909
2024-10-20 22:00:00,2024,294,22,3.4,8.8,13,1,2024-10-20 22:00:00,,0.5552459016393443,15.282866710292934
2024-10-20 23:00:00,2024,294,23,3.5,9.2,13,4,2024-10-20 23:00:00,,0.610983606557377,18.14433826632626
2024-10-21 00:00:00,2024,295,0,2.7,9.4,3,6,2024-10-21 00:00:00,,0.42466666666666664,13.698918795555555
2024-10-21 01:00:00,2024,295,1,3.7,9.8,3,2,2024-10-21 01:00:00,,,
2024-10-21 02:00:00,2024,295,2,4.2,999.9,3,3,2024-10-21 02:00:00,,,
2024-10-21 03:00:00,2024,295,3,4.2,999.9,3,1,2024-10-21 03:00:00,,,
2024-10-21 04:00:00,2024,295,4,4.0,999.9,3,0,2024-10-21 04:00:00,,,
2024-10-21 05:00:00,2024,295,5,3.9,999.9,3,2,2024-10-21 05:00:00,,,
2024-10-21 06:00:00,2024,295,6,3.9,999.9,13,3,2024-10-21 06:00:00,,,
2024-10-21 07:00:00,2024,295,7,3.9,999.9,13,3,2024-10-21 07:00:00,,,
2024-10-21 08:00:00,2024,295,8,4.4,999.9,13,0,2024-10-21 08:00:00,,,
2024-10-21 09:00:00,2024,295,9,4.7,999.9,13,-2,2024-10-21 09:00:00,,,
2024-10-21 10:00:00,2024,295,10,5.1,999.9,13,-3,2024-10-21 10:00:00,,,
2024-10-21 11:00:00,2024,295,11,4.6,999.9,13,1,2024-10-21 11:00:00,,,
2024-10-21 12:00:00,2024,295,12,5.7,999.9,10,4,2024-10-21 12:00:00,,,
2024-10-21 13:00:00,2024,295,13,5.6,999.9,10,7,2024-10-21 13:00:00,,,
2024-10-21 14:00:00,2024,295,14,5.5,999.9,10,8,2024-10-21 14:00:00,,,
2024-10-21 15:00:00,2024,295,15,4.4,999.9,17,10,2024-10-21 15:00:00,,,
2024-10-21 16:00:00,2024,295,16,3.7,999.9,17,15,2024-10-21 16:00:00,,,
2024-10-21 17:00:00,2024,295,17,5.2,999.9,17,14,2024-10-21 17:00:00,,,
2024-10-21 18:00:00,2024,295,18,5.1,999.9,17,12,2024-10-21 18:00:00,,,
2024-10-21 19:00:00,2024,295,19,4.1,999.9,17,7,2024-10-21 19:00:00,,,
2024-10-21 20:00:00,2024,295,20,3.5,999.9,17,6,2024-10-21 20:00:00,,,
2024-10-21 21:00:00,2024,295,21,3.5,999.9,20,10,2024-10-21 21:00:00,,,
2024-10-21 22:00:00,2024,295,22,2.9,999.9,20,8,2024-10-21 22:00:00,,,
2024-10-21 23:00:00,2024,295,23,3.4,999.9,20,3,2024-10-21 23:00:00,,,
2024-10-22 00:00:00,2024,296,0,4.0,999.9,13,-3,2024-10-22 00:00:00,,,
2024-10-22 01:00:00,2024,296,1,3.5,999.9,13,-6,2024-10-22 01:00:00,,,
2024-10-22 02:00:00,2024,296,2,3.6,999.9,13,-5,2024-10-22 02:00:00,,,
2024-10-22 03:00:00,2024,296,3,3.6,999.9,17,-1,2024-10-22 03:00:00,,,
2024-10-22 04:00:00,2024,296,4,4.1,999.9,17,-3,2024-10-22 04:00:00,,,
2024-10-22 05:00:00,2024,296,5,4.6,999.9,17,-7,2024-10-22 05:00:00,,,
2024-10-22 06:00:00,2024,296,6,5.9,999.9,17,-7,2024-10-22 06:00:00,,,
2024-10-22 07:00:00,2024,296,7,5.9,999.9,17,-10,2024-10-22 07:00:00,,,
2024-10-22 08:00:00,2024,296,8,4.7,999.9,17,-11,2024-10-22 08:00:00,,,
2024-10-22 09:00:00,2024,296,9,5.7,999.9,20,-5,2024-10-22 09:00:00,,,
2024-10-22 10:00:00,2024,296,10,5.9,999.9,20,-1,2024-10-22 10:00:00,,,
2024-10-22 11:00:00,2024,296,11,6.2,999.9,20,1,2024-10-22 11:00:00,,,
2024-10-22 12:00:00,2024,296,12,7.3,999.9,23,-2,2024-10-22 12:00:00,,,
2024-10-22 13:00:00,2024,296,13,7.5,999.9,23,-9,2024-10-22 13:00:00,,,
2024-10-22 14:00:00,2024,296,14,7.8,999.9,23,-15,2024-10-22 14:00:00,,,
2024-10-22 15:00:00,2024,296,15,7.8,999.9,30,-18,2024-10-22 15:00:00,,,
2024-10-22 16:00:00,2024,296,16,7.3,999.9,30,-24,2024-10-22 16:00:00,,,
2024-10-22 17:00:00,2024,296,17,7.5,999.9,30,-29,2024-10-22 17:00:00,,,
2024-10-22 18:00:00,2024,296,18,7.5,999.9,20,-28,2024-10-22 18:00:00,,,
2024-10-22 19:00:00,2024,296,19,7.3,999.9,20,-29,2024-10-22 19:00:00,,,
2024-10-22 20:00:00,2024,296,20,6.8,999.9,20,-29,2024-10-22 20:00:00,,,
2024-10-22 21:00:00,2024,296,21,6.3,999.9,17,-22,2024-10-22 21:00:00,,,
2024-10-22 22:00:00,2024,296,22,5.9,999.9,17,-13,2024-10-22 22:00:00,,,
2024-10-22 23:00:00,2024,296,23,5.9,999.9,17,-8,2024-10-22 23:00:00,,,
2024-10-23 00:00:00,2024,297,0,6.8,999.9,17,-3,2024-10-23 00:00:00,,,
2024-10-23 01:00:00,2024,297,1,7.4,21.1,17,-2,2024-10-23 01:00:00,,,
2024-10-23 02:00:00,2024,297,2,7.1,24.8,17,4,2024-10-23 02:00:00,,,
2024-10-23 03:00:00,2024,297,3,8.7,25.1,27,1,2024-10-23 03:00:00,,,
2024-10-23 04:00:00,2024,297,4,11.5,17.9,27,-3,2024-10-23 04:00:00,,,
2024-10-23 05:00:00,2024,297,5,11.5,20.7,27,5,2024-10-23 05:00:00,,,
2024-10-23 06:00:00,2024,297,6,10.8,28.3,17,10,2024-10-23 06:00:00,,,
2024-10-23 07:00:00,2024,297,7,8.0,33.3,17,7,2024-10-23 07:00:00,,,
2024-10-23 08:00:00,2024,297,8,5.3,36.4,17,10,2024-10-23 08:00:00,,,
2024-10-23 09:00:00,2024,297,9,5.4,35.9,30,13,2024-10-23 09:00:00,,,
2024-10-23 10:00:00,2024,297,10,6.7,30.5,30,11,2024-10-23 10:00:00,,,
2024-10-23 11:00:00,2024,297,11,8.6,15.7,30,2,2024-10-23 11:00:00,,,
2024-10-23 12:00:00,2024,297,12,9.1,9.4,27,1,2024-10-23 12:00:00,,,
2024-10-23 13:00:00,2024,297,13,8.0,9.4,27,3,2024-10-23 13:00:00,,,
2024-10-23 14:00:00,2024,297,14,7.4,7.5,27,5,2024-10-23 14:00:00,,,
2024-10-23 15:00:00,2024,297,15,7.7,7.2,7,6,2024-10-23 15:00:00,,,
2024-10-23 16:00:00,2024,297,16,7.4,7.4,7,4,2024-10-23 16:00:00,,,
2024-10-23 17:00:00,2024,297,17,7.6,7.3,7,-1,2024-10-23 17:00:00,,,
2024-10-23 18:00:00,2024,297,18,6.4,7.6,20,-4,2024-10-23 18:00:00,,,
2024-10-23 19:00:00,2024,297,19,5.1,8.4,20,-1,2024-10-23 19:00:00,,,
2024-10-23 20:00:00,2024,297,20,4.9,9.1,20,-1,2024-10-23 20:00:00,,,
2024-10-23 21:00:00,2024,297,21,5.1,10.4,13,-1,2024-10-23 21:00:00,,,
2024-10-23 22:00:00,2024,297,22,5.7,11.4,13,0,2024-10-23 22:00:00,,,
2024-10-23 23:00:00,2024,297,23,6.0,11.5,13,0,2024-10-23 23:00:00,,,
2024-10-24 00:00:00,2024,298,0,6.8,11.2,27,2,2024-10-24 00:00:00,,,
2024-10-24 01:00:00,2024,298,1,7.4,11.0,27,1,2024-10-24 01:00:00,,,
2024-10-24 02:00:00,2024,298,2,7.5,9.4,27,-3,2024-10-24 02:00:00,,,
2024-10-24 03:00:00,2024,298,3,6.2,9.6,43,-12,2024-10-24 03:00:00,,,
2024-10-24 04:00:00,2024,298,4,6.6,9.8,43,-13,2024-10-24 04:00:00,,,
2024-10-24 05:00:00,2024,298,5,6.8,8.8,43,-17,2024-10-24 05:00:00,,,
2024-10-24 06:00:00,2024,298,6,6.8,6.9,33,-22,2024-10-24 06:00:00,,,
2024-10-24 07:00:00,2024,298,7,5.1,6.2,33,-24,2024-10-24 07:00:00,,,
2024-10-24 08:00:00,2024,298,8,4.7,6.9,33,-24,2024-10-24 08:00:00,,,
2024-10-24 09:00:00,2024,298,9,4.2,6.5,17,-23,2024-10-24 09:00:00,,,
2024-10-24 10:00:00,2024,298,10,4.3,6.2,17,-21,2024-10-24 10:00:00,,,
2024-10-24 11:00:00,2024,298,11,4.0,6.4,17,-13,2024-10-24 11:00:00,,,
2024-10-24 12:00:00,2024,298,12,3.8,6.8,10,-8,2024-10-24 12:00:00,,,
2024-10-24 13:00:00,2024,298,13,3.6,7.1,10,-3,2024-10-24 13:00:00,,,
2024-10-24 14:00:00,2024,298,14,3.7,7.2,10,-3,2024-10-24 14:00:00,,,
2024-10-24 15:00:00,2024,298,15,3.7,7.4,13,-3,2024-10-24 15:00:00,,,
2024-10-24 16:00:00,2024,298,16,3.6,7.8,13,-1,2024-10-24 16:00:00,,,
2024-10-24 17:00:00,2024,298,17,4.1,7.8,13,-1,2024-10-24 17:00:00,,,
2024-10-24 18:00:00,2024,298,18,4.9,8.0,17,-7,2024-10-24 18:00:00,,,
2024-10-24 19:00:00,2024,298,19,4.6,8.1,17,-8,2024-10-24 19:00:00,,,
2024-10-24 20:00:00,2024,298,20,4.4,8.6,17,-10,2024-10-24 20:00:00,,,
2024-10-24 21:00:00,2024,298,21,3.9,9.9,20,-10,2024-10-24 21:00:00,,,
2024-10-24 22:00:00,2024,298,22,3.6,11.8,20,-4,2024-10-24 22:00:00,,,
2024-10-24 23:00:00,2024,298,23,3.7,10.8,20,1,2024-10-24 23:00:00,,,
2024-10-25 00:00:00,2024,299,0,4.0,11.7,10,3,2024-10-25 00:00:00,,,
2024-10-25 01:00:00,2024,299,1,4.1,11.7,10,3,2024-10-25 01:00:00,,,
2024-10-25 02:00:00,2024,299,2,4.4,11.1,10,4,2024-10-25 02:00:00,,,
2024-10-25 03:00:00,2024,299,3,4.4,11.4,3,6,2024-10-25 03:00:00,,,
2024-10-25 04:00:00,2024,299,4,4.1,11.9,3,6,2024-10-25 04:00:00,,,
2024-10-25 05:00:00,2024,299,5,3.7,12.0,3,6,2024-10-25 05:00:00,,,
2024-10-25 06:00:00,2024,299,6,5.3,8.5,0,10,2024-10-25 06:00:00,,,
2024-10-25 07:00:00,2024,299,7,5.5,8.7,0,12,2024-10-25 07:00:00,,,
2024-10-25 08:00:00,2024,299,8,5.3,9.2,0,13,2024-10-25 08:00:00,,,
2024-10-25 09:00:00,2024,299,9,5.6,9.5,0,13,2024-10-25 09:00:00,,,
2024-10-25 10:00:00,2024,299,10,5.3,9.1,0,14,2024-10-25 10:00:00,,,
2024-10-25 11:00:00,2024,299,11,5.3,9.9,0,16,2024-10-25 11:00:00,,,
2024-10-25 12:00:00,2024,299,12,5.3,10.2,3,15,2024-10-25 12:00:00,,,
2024-10-25 13:00:00,2024,299,13,5.4,10.1,3,16,2024-10-25 13:00:00,,,
2024-10-25 14:00:00,2024,299,14,5.5,9.8,3,16,2024-10-25 14:00:00,,,
2024-10-25 15:00:00,2024,299,15,5.7,10.0,3,16,2024-10-25 15:00:00,,,
2024-10-25 16:00:00,2024,299,16,5.7,9.8,3,16,2024-10-25 16:00:00,,,
2024-10-25 17:00:00,2024,299,17,5.6,9.3,3,14,2024-10-25 17:00:00,,,
2024-10-25 18:00:00,2024,299,18,6.3,9.0,3,12,2024-10-25 18:00:00,,,
2024-10-25 19:00:00,2024,299,19,7.0,9.2,3,13,2024-10-25 19:00:00,,,
2024-10-25 20:00:00,2024,299,20,7.3,9.8,3,13,2024-10-25 20:00:00,,,
2024-10-25 21:00:00,2024,299,21,6.9,11.4,10,15,2024-10-25 21:00:00,,,
2024-10-25 22:00:00,2024,299,22,6.7,12.7,10,14,2024-10-25 22:00:00,,,
2024-10-25 23:00:00,2024,299,23,6.4,12.7,10,10,2024-10-25 23:00:00,,,
2024-10-26 00:00:00,2024,300,0,5.3,13.9,10,12,2024-10-26 00:00:00,,,
2024-10-26 01:00:00,2024,300,1,6.0,13.8,10,15,2024-10-26 01:00:00,,,
2024-10-26 02:00:00,2024,300,2,5.9,15.4,10,19,2024-10-26 02:00:00,,,
2024-10-26 03:00:00,2024,300,3,6.6,14.3,0,16,2024-10-26 03:00:00,,,
2024-10-26 04:00:00,2024,300,4,6.8,15.2,0,14,2024-10-26 04:00:00,,,
2024-10-26 05:00:00,2024,300,5,6.5,15.5,0,14,2024-10-26 05:00:00,,,
2024-10-26 06:00:00,2024,300,6,6.1,16.8,7,18,2024-10-26 06:00:00,,,
2024-10-26 07:00:00,2024,300,7,6.7,16.6,7,21,2024-10-26 07:00:00,,,
2024-10-26 08:00:00,2024,300,8,7.4,18.5,7,21,2024-10-26 08:00:00,,,
2024-10-26 09:00:00,2024,300,9,6.8,22.1,10,25,2024-10-26 09:00:00,,,
2024-10-26 10:00:00,2024,300,10,7.8,21.1,10,24,2024-10-26 10:00:00,,,
2024-10-26 11:00:00,2024,300,11,7.6,22.2,10,21,2024-10-26 11:00:00,,,
2024-10-26 12:00:00,2024,300,12,10.3,25.2,27,25,2024-10-26 12:00:00,,,
2024-10-26 13:00:00,2024,300,13,13.5,24.2,27,26,2024-10-26 13:00:00,,,
2024-10-26 14:00:00,2024,300,14,12.6,17.5,27,19,2024-10-26 14:00:00,,,
2024-10-26 15:00:00,2024,300,15,14.0,14.2,30,19,2024-10-26 15:00:00,,,
2024-10-26 16:00:00,2024,300,16,17.6,13.7,30,30,2024-10-26 16:00:00,,,
2024-10-26 17:00:00,2024,300,17,21.2,15.3,30,25,2024-10-26 17:00:00,,,
2024-10-26 18:00:00,2024,300,18,22.5,14.4,40,20,2024-10-26 18:00:00,,,
2024-10-26 19:00:00,2024,300,19,24.3,12.4,40,14,2024-10-26 19:00:00,,,
2024-10-26 20:00:00,2024,300,20,24.3,14.0,40,-2,2024-10-26 20:00:00,,,
2024-10-26 21:00:00,2024,300,21,21.5,20.3,40,-6,2024-10-26 21:00:00,,,
2024-10-26 22:00:00,2024,300,22,17.9,17.1,40,9,2024-10-26 22:00:00,,,
2024-10-26 23:00:00,2024,300,23,17.1,19.8,40,3,2024-10-26 23:00:00,,,
2024-10-27 00:00:00,2024,301,0,19.8,15.4,27,0,2024-10-27 00:00:00,,,
2024-10-27 01:00:00,2024,301,1,21.0,12.0,27,5,2024-10-27 01:00:00,,,
2024-10-27 02:00:00,2024,301,2,20.7,11.2,27,8,2024-10-27 02:00:00,,,
2024-10-27 03:00:00,2024,301,3,19.8,11.5,17,10,2024-10-27 03:00:00,,,
2024-10-27 04:00:00,2024,301,4,18.3,10.8,17,9,2024-10-27 04:00:00,,,
2024-10-27 05:00:00,2024,301,5,17.7,8.5,17,7,2024-10-27 05:00:00,,,
2024-10-27 06:00:00,2024,301,6,16.0,9.5,10,9,2024-10-27 06:00:00,,,
2024-10-27 07:00:00,2024,301,7,14.1,10.3,10,9,2024-10-27 07:00:00,,,
2024-10-27 08:00:00,2024,301,8,12.9,10.7,10,5,2024-10-27 08:00:00,,,
2024-10-27 09:00:00,2024,301,9,11.9,10.7,27,3,2024-10-27 09:00:00,,,
2024-10-27 10:00:00,2024,301,10,10.2,10.2,27,0,2024-10-27 10:00:00,,,
2024-10-27 11:00:00,2024,301,11,10.0,8.5,27,2,2024-10-27 11:00:00,,,
2024-10-27 12:00:00,2024,301,12,9.9,8.1,20,4,2024-10-27 12:00:00,,,
2024-10-27 13:00:00,2024,301,13,9.4,8.3,20,1,2024-10-27 13:00:00,,,
2024-10-27 14:00:00,2024,301,14,8.6,9.5,20,-2,2024-10-27 14:00:00,,,
2024-10-27 15:00:00,2024,301,15,8.7,9.2,27,-7,2024-10-27 15:00:00,,,
2024-10-27 16:00:00,2024,301,16,8.3,9.0,27,-11,2024-10-27 16:00:00,,,
2024-10-27 17:00:00,2024,301,17,7.8,8.5,27,-19,2024-10-27 17:00:00,,,
2024-10-27 18:00:00,2024,301,18,7.6,7.9,27,-19,2024-10-27 18:00:00,,,
2024-10-27 19:00:00,2024,301,19,7.3,7.4,27,-17,2024-10-27 19:00:00,,,
2024-10-27 20:00:00,2024,301,20,7.0,7.8,27,-21,2024-10-27 20:00:00,,,
2024-10-27 21:00:00,2024,301,21,6.8,7.6,27,-17,2024-10-27 21:00:00,,,
2024-10-27 22:00:00,2024,301,22,6.5,7.2,27,-11,2024-10-27 22:00:00,,,
2024-10-27 23:00:00,2024,301,23,6.3,6.6,27,-8,2024-10-27 23:00:00,,,
2024-10-28 00:00:00,2024,302,0,6.5,6.3,27,-4,2024-10-28 00:00:00,,,
2024-10-28 01:00:00,2024,302,1,6.6,5.9,27,-6,2024-10-28 01:00:00,,,
2024-10-28 02:00:00,2024,302,2,6.6,6.1,27,-4,2024-10-28 02:00:00,,,
2024-10-28 03:00:00,2024,302,3,6.6,6.2,47,-5,2024-10-28 03:00:00,,,
2024-10-28 04:00:00,2024,302,4,6.5,6.7,47,-4,2024-10-28 04:00:00,,,
2024-10-28 05:00:00,2024,302,5,15.4,18.4,47,27,2024-10-28 05:00:00,,,
2024-10-28 06:00:00,2024,302,6,14.6,17.5,40,27,2024-10-28 06:00:00,,,
2024-10-28 07:00:00,2024,302,7,14.1,13.5,40,9,2024-10-28 07:00:00,,,
2024-10-28 08:00:00,2024,302,8,12.8,12.2,40,3,2024-10-28 08:00:00,,,
2024-10-28 09:00:00,2024,302,9,12.4,10.5,23,6,2024-10-28 09:00:00,,,
2024-10-28 10:00:00,2024,302,10,12.9,10.1,23,0,2024-10-28 10:00:00,,,
2024-10-28 11:00:00,2024,302,11,12.3,9.3,23,0,2024-10-28 11:00:00,,,
2024-10-28 12:00:00,2024,302,12,10.5,8.1,27,8,2024-10-28 12:00:00,,,
2024-10-28 13:00:00,2024,302,13,8.8,8.0,27,11,2024-10-28 13:00:00,,,
2024-10-28 14:00:00,2024,302,14,8.6,7.2,27,6,2024-10-28 14:00:00,,,
2024-10-28 15:00:00,2024,302,15,8.2,6.2,23,4,2024-10-28 15:00:00,,,
2024-10-28 16:00:00,2024,302,16,7.4,5.8,23,6,2024-10-28 16:00:00,,,
2024-10-28 17:00:00,2024,302,17,8.3,5.6,23,3,2024-10-28 17:00:00,,,
2024-10-28 18:00:00,2024,302,18,8.5,5.1,20,-4,2024-10-28 18:00:00,,,
2024-10-28 19:00:00,2024,302,19,8.0,4.8,20,-4,2024-10-28 19:00:00,,,
2024-10-28 20:00:00,2024,302,20,8.0,4.2,20,-1,2024-10-28 20:00:00,,,
2024-10-28 21:00:00,2024,302,21,8.1,4.1,23,-1,2024-10-28 21:00:00,,,
2024-10-28 22:00:00,2024,302,22,7.8,4.1,23,2,2024-10-28 22:00:00,,,
2024-10-28 23:00:00,2024,302,23,7.8,3.6,23,3,2024-10-28 23:00:00,,,
2024-10-29 00:00:00,2024,303,0,7.5,3.7,30,4,2024-10-29 00:00:00,,,
2024-10-29 01:00:00,2024,303,1,7.7,3.5,30,3,2024-10-29 01:00:00,,,
2024-10-29 02:00:00,2024,303,2,7.6,3.5,30,1,2024-10-29 02:00:00,,,
2024-10-29 03:00:00,2024,303,3,7.6,3.6,17,3,2024-10-29 03:00:00,,,
2024-10-29 04:00:00,2024,303,4,7.3,3.2,17,4,2024-10-29 04:00:00,,,
2024-10-29 05:00:00,2024,303,5,6.9,3.2,17,2,2024-10-29 05:00:00,,,
2024-10-29 06:00:00,2024,303,6,6.7,3.0,23,3,2024-10-29 06:00:00,,,
2024-10-29 07:00:00,2024,303,7,6.4,3.0,23,1,2024-10-29 07:00:00,,,
2024-10-29 08:00:00,2024,303,8,6.2,3.0,23,0,2024-10-29 08:00:00,,,
2024-10-29 09:00:00,2024,303,9,6.4,2.8,17,3,2024-10-29 09:00:00,,,
2024-10-29 10:00:00,2024,303,10,6.5,2.6,17,-2,2024-10-29 10:00:00,,,
2024-10-29 11:00:00,2024,303,11,6.6,2.7,17,-2,2024-10-29 11:00:00,,,
2024-10-29 12:00:00,2024,303,12,6.8,2.4,20,3,2024-10-29 12:00:00,,,
2024-10-29 13:00:00,2024,303,13,6.8,2.2,20,7,2024-10-29 13:00:00,,,
2024-10-29 14:00:00,2024,303,14,6.9,2.0,20,5,2024-10-29 14:00:00,,,
2024-10-29 15:00:00,2024,303,15,6.7,2.1,27,4,2024-10-29 15:00:00,,,
2024-10-29 16:00:00,2024,303,16,6.7,2.3,27,8,2024-10-29 16:00:00,,,
2024-10-29 17:00:00,2024,303,17,6.6,2.3,27,1,2024-10-29 17:00:00,,,
2024-10-29 18:00:00,2024,303,18,6.6,2.5,40,0,2024-10-29 18:00:00,,,
2024-10-29 19:00:00,2024,303,19,6.7,2.8,40,-3,2024-10-29 19:00:00,,,
2024-10-29 20:00:00,2024,303,20,6.5,2.8,40,-12,2024-10-29 20:00:00,,,
2024-10-29 21:00:00,2024,303,21,6.7,2.5,23,-15,2024-10-29 21:00:00,,,
2024-10-29 22:00:00,2024,303,22,6.7,2.6,23,-8,2024-10-29 22:00:00,,,
2024-10-29 23:00:00,2024,303,23,6.1,2.8,23,-5,2024-10-29 23:00:00,,,
2024-10-30 00:00:00,2024,304,0,6.0,2.5,37,-12,2024-10-30 00:00:00,,,
2024-10-30 01:00:00,2024,304,1,6.5,2.4,37,-22,2024-10-30 01:00:00,,,
2024-10-30 02:00:00,2024,304,2,7.7,2.3,37,-20,2024-10-30 02:00:00,,,
2024-10-30 03:00:00,2024,304,3,7.1,2.1,30,-15,2024-10-30 03:00:00,,,
2024-10-30 04:00:00,2024,304,4,7.4,2.1,30,-19,2024-10-30 04:00:00,,,
2024-10-30 05:00:00,2024,304,5,7.1,2.4,30,-24,2024-10-30 05:00:00,,,
2024-10-30 06:00:00,2024,304,6,7.7,2.2,33,-20,2024-10-30 06:00:00,,,
2024-10-30 07:00:00,2024,304,7,7.9,2.2,33,-18,2024-10-30 07:00:00,,,
2024-10-30 08:00:00,2024,304,8,7.8,2.3,33,-16,2024-10-30 08:00:00,,,
2024-10-30 09:00:00,2024,304,9,7.9,2.3,40,-29,2024-10-30 09:00:00,,,
2024-10-30 10:00:00,2024,304,10,7.7,2.2,40,-24,2024-10-30 10:00:00,,,
2024-10-30 11:00:00,2024,304,11,7.5,2.1,40,-15,2024-10-30 11:00:00,,,
2024-10-30 12:00:00,2024,304,12,7.4,2.3,30,-19,2024-10-30 12:00:00,,,
2024-10-30 13:00:00,2024,304,13,7.5,2.1,30,-15,2024-10-30 13:00:00,,,
2024-10-30 14:00:00,2024,304,14,7.6,2.0,30,-17,2024-10-30 14:00:00,,,
2024-10-30 15:00:00,2024,304,15,7.4,2.0,23,-14,2024-10-30 15:00:00,,,
2024-10-30 16:00:00,2024,304,16,7.5,1.9,23,-14,2024-10-30 16:00:00,,,
2024-10-30 17:00:00,2024,304,17,7.5,1.8,23,-14,2024-10-30 17:00:00,,,
2024-10-30 18:00:00,2024,304,18,7.6,1.6,17,-13,2024-10-30 18:00:00,,,
2024-10-30 19:00:00,2024,304,19,7.6,1.7,17,-8,2024-10-30 19:00:00,,,
2024-10-30 20:00:00,2024,304,20,7.8,1.5,17,-4,2024-10-30 20:00:00,,,
2024-10-30 21:00:00,2024,304,21,7.7,1.7,13,1,2024-10-30 21:00:00,,,
2024-10-30 22:00:00,2024,304,22,7.6,1.6,13,8,2024-10-30 22:00:00,,,
2024-10-30 23:00:00,2024,304,23,7.5,1.7,13,9,2024-10-30 23:00:00,,,
