timestamp,altitude_diff,altitude_diff_smoothed,slope,AU_Factor,MgII_Index,MgII_Flag,irr_256,irr_284,irr_304,irr_1175,irr_1216,irr_1335,irr_1405,irr_256_flag_flag,irr_284_flag_flag,irr_304_flag_flag,irr_1175_flag_flag,irr_1216_flag_flag,irr_1335_flag_flag,irr_1405_flag_flag
2024-06-27 01:39:19.315789568,0.2080664647436947,0.1888241524464127,-0.0010044815787357,1.033424594047619,0.37649206642857136,0.0,0.00016060064285714287,0.00016141210714285713,0.0005820189642857143,0.00011066266666666669,0.009619599773809523,0.00027684896428571427,0.00017227747619047622,0.0,0.0,0.0,0.0,0.0,0.0,0.0
2024-06-27 04:49:21.263158016,0.1586330173672649,0.1878196708676769,-0.0010044815787357,1.033424594047619,0.37649206642857136,0.0,0.00016060064285714287,0.00016141210714285713,0.0005820189642857143,0.00011066266666666669,0.009619599773809523,0.00027684896428571427,0.00017227747619047622,0.0,0.0,0.0,0.0,0.0,0.0,0.0
2024-06-27 08:07:30.812499968,0.1706069606099731,0.1868151892889412,-0.0010044815787357,1.033424594047619,0.37649206642857136,0.0,0.00016060064285714287,0.00016141210714285713,0.0005820189642857143,0.00011066266666666669,0.009619599773809523,0.00027684896428571427,0.00017227747619047622,0.0,0.0,0.0,0.0,0.0,0.0,0.0
2024-06-27 11:13:51.833333504,0.2096963617602227,0.1858107077102055,-0.0010044815787357,1.033424594047619,0.37649206642857136,0.0,0.00016060064285714287,0.00016141210714285713,0.0005820189642857143,0.00011066266666666669,0.009619599773809523,0.00027684896428571427,0.00017227747619047622,0.0,0.0,0.0,0.0,0.0,0.0,0.0
2024-06-27 14:09:26.941176320,0.2016563821137538,0.1848062261314698,-0.0010044815787357,1.033424594047619,0.37649206642857136,0.0,0.00016060064285714287,0.00016141210714285713,0.0005820189642857143,0.00011066266666666669,0.009619599773809523,0.00027684896428571427,0.00017227747619047622,0.0,0.0,0.0,0.0,0.0,0.0,0.0
2024-06-27 17:19:28.812499968,0.1354834228349091,0.183801744552734,-0.0010044815787357,1.033424594047619,0.37649206642857136,0.0,0.00016060064285714287,0.00016141210714285713,0.0005820189642857143,0.00011066266666666669,0.009619599773809523,0.00027684896428571427,0.00017227747619047622,0.0,0.0,0.0,0.0,0.0,0.0,0.0
2024-06-27 21:07:12.076923136,0.2169214431833666,0.1827972629739983,-0.0010044815787357,1.033424594047619,0.37649206642857136,0.0,0.00016060064285714287,0.00016141210714285713,0.0005820189642857143,0.00011066266666666669,0.009619599773809523,0.00027684896428571427,0.00017227747619047622,0.0,0.0,0.0,0.0,0.0,0.0,0.0
2024-06-27 23:49:32.105263104,0.2240920292082933,0.1830773099206296,0.0009204815247988,1.033424594047619,0.37649206642857136,0.0,0.00016060064285714287,0.00016141210714285713,0.0005820189642857143,0.00011066266666666669,0.009619599773809523,0.00027684896428571427,0.00017227747619047622,0.0,0.0,0.0,0.0,0.0,0.0,0.0
2024-06-28 02:57:20.611111168,0.1742952355699003,0.1916882750605063,0.0028648742595056,1.033432165425532,0.37607280425531914,0.0,0.0001604369680851064,0.00016193800531914896,0.0005799028404255319,0.00010925876595744682,0.00959070105851064,0.00027574459042553195,0.0001712896063829787,0.0,0.0,0.0,0.0,0.0,0.0,0.0
2024-06-28 06:04:18.000000000,0.1319058160477197,0.1980592623539267,0.0040894892102191,1.0334424617021276,0.376637617393617,0.0,0.00016009990957446807,0.0001614185531914894,0.0005787200372340426,0.00010855173936170214,0.009546743313829788,0.00027465737765957444,0.00017094081382978724,0.0,0.0,0.0,0.0,0.0,0.0,0.0
2024-06-28 09:13:28.230768896,0.1465108625432662,0.1990267185663583,0.0053353346874253,1.0334527058510639,0.37713309962765956,0.0,0.00016150951595744677,0.00016160725531914896,0.000579473414893617,0.0001089340585106383,0.009465202675531916,0.00027486077659574467,0.00017102631914893619,0.0,0.0,0.0,0.0,0.0,0.0,0.0
2024-06-28 12:24:40.499999744,0.236360591990433,0.1997898695951134,0.0058502325245628,1.0334629010638297,0.3774103036170213,0.0,0.00016289012765957446,0.0001605455159574468,0.0005798887765957447,0.00010931419680851063,0.009547169228723404,0.0002762432074468085,0.00017213133510638297,0.0,0.0,0.0,0.0,0.0,0.0,0.0
2024-06-28 15:30:15.722222336,0.1621358306891807,0.2101569548617984,0.0056999514416989,1.0334726702127661,0.3774946392021277,0.0,0.000162983335106383,0.00015894507978723405,0.0005802234734042553,0.00011021911702127659,0.009580456313829786,0.00027531836170212765,0.00017459572340425535,0.0,0.0,0.0,0.0,0.0,0.0,0.0
2024-06-28 18:29:04.333333760,0.211707075049901,0.2123204815870324,0.0071103549183399,1.0334818925925926,0.37723931994709003,0.0,0.00016203859259259263,0.00015796275132275132,0.0005785250634920635,0.00011073878835978835,0.00957840655026455,0.0002750092328042328,0.00017384651322751324,0.0,0.0,0.0,0.0,0.0,0.0,0.0
2024-06-28 21:54:46.333333248,0.2705755641856626,0.2076966542492624,0.0059695394608142,1.0334923319148934,0.3771637182446808,0.0,0.0001614314308510638,0.00015989963829787232,0.0005781484468085107,0.00011221518085106383,0.009583776632978722,0.00027570567021276593,0.00017242275,0.0,0.0,0.0,0.0,0.0,0.0,0.0
2024-06-29 00:59:48.157894656,0.253429795424438,0.2100581293272293,0.0045957845885598,1.0335016264550265,0.3780572931216932,0.0,0.00016218236507936507,0.0001618223439153439,0.0005816184708994709,0.00011125007936507936,0.009639532947089947,0.00027829561375661375,0.00017520275661375663,0.0,0.0,0.0,0.0,0.0,0.0,0.0
2024-06-29 04:09:50.157894400,0.2222732925218338,0.2214486409445376,0.0038951243331556,1.0335109529100528,0.37830183809523804,0.0,0.00016282560846560848,0.0001618993492063492,0.0005806798465608466,0.00010912927513227515,0.009632734952380954,0.000278166,0.00017599271428571427,0.0,0.0,0.0,0.0,0.0,0.0,0.0
2024-06-29 07:19:52.052631552,0.2115773454875693,0.229508016475913,0.001996443960797,1.033520076719577,0.3787947840740742,0.0,0.00016270577777777778,0.00016095560317460318,0.0005810115820105821,0.00010873580423280424,0.009572816386243386,0.00027762373015873014,0.00017533132275132272,0.0,0.0,0.0,0.0,0.0,0.0,0.0
2024-06-29 10:29:53.947368704,0.2702555313018138,0.226829669394262,0.0013380506054123,1.0335290550264549,0.3793032279894179,0.0,0.0001632377724867725,0.00016157532275132272,0.0005826622698412698,0.00011036301058201058,0.00955114106878307,0.00027783222751322754,0.00017602132275132277,0.0,0.0,0.0,0.0,0.0,0.0,0.0
2024-06-29 13:34:55.888888832,0.24504729061141,0.2322940879785515,-0.0009410441945408,1.0335376105820107,0.3796712852910053,0.0,0.0001647331428571429,0.00016177461904761905,0.0005858263703703703,0.00011157941269841269,0.009647241582010581,0.00027884573544973546,0.00017526189947089944,0.0,0.0,0.0,0.0,0.0,0.0,0.0
2024-06-29 16:34:57.666666752,0.1639822738172824,0.2389419460486037,0.0004375369120065,1.0335457862433863,0.3811019361904763,0.0,0.00016606253439153436,0.00016094294179894178,0.0005989689999999999,0.00011262593650793651,0.00979357852910053,0.0002841756613756614,0.00017643257142857142,0.0,0.0,0.0,0.0,0.0,0.0,0.0
2024-06-29 19:42:08.000000000,0.2049944115834705,0.2336711270431762,0.0004381586337561,1.033554097883598,0.3808818113903743,0.042328042328042326,0.00016724630481283422,0.00016212068449197861,0.0005972283582887701,0.00011147263636363638,0.009787109347593583,0.00028253026203208556,0.0001755358823529412,0.042328042328042326,0.042328042328042326,0.042328042328042326,0.042328042328042326,0.042328042328042326,0.042328042328042326,0.042328042328042326
2024-06-29 23:00:01.631578880,0.2799824670727275,0.2287876608341916,-0.0002434220000042,1.03356272010582,0.3804452005291006,0.0,0.00016584340740740742,0.00016292750793650792,0.0005970341746031747,0.00011215026984126983,0.009788141830687831,0.00028341266666666667,0.0001765918095238095,0.0,0.0,0.0,0.0,0.0,0.0,0.0
2024-06-30 02:10:03.526315520,0.2512827444511458,0.2304585624750468,7.366680908139087e-06,1.0335708084656083,0.37983283047619054,0.0,0.00016408785714285714,0.00016129543915343917,0.0005893033439153439,0.00011166444973544972,0.009731122513227513,0.00028035033333333333,0.00017528732804232802,0.0,0.0,0.0,0.0,0.0,0.0,0.0
2024-06-30 05:20:05.473684480,0.20154207992897,0.2350187266144067,0.0006130643843853,1.033578707936508,0.3791957776190476,0.0,0.00016350717460317458,0.00016189744973544974,0.000589506455026455,0.00011177025396825396,0.009688763703703702,0.00028004088359788356,0.00017408963492063494,0.0,0.0,0.0,0.0,0.0,0.0,0.0
2024-06-30 08:29:00.722222080,0.2331732722849437,0.2324110817393061,0.0020124169155856,1.033586383068783,0.3784722506349206,0.0,0.00016362838624338623,0.0001616742275132275,0.0005872506507936508,0.00011048745502645502,0.009559836216931216,0.0002783950634920635,0.00017426722222222224,0.0,0.0,0.0,0.0,0.0,0.0,0.0
2024-06-30 11:57:29.466666240,0.2981292299605798,0.2290656769693774,0.001481258362195,1.0335946425531914,0.37812412856382976,0.0,0.0001626889255319149,0.0001602228085106383,0.0005851815372340425,0.00011089232978723404,0.009601988771276595,0.0002780662234042553,0.00017235567021276594,0.0,0.0,0.0,0.0,0.0,0.0,0.0
2024-06-30 14:50:11.263158272,0.202054917115106,0.2330742490354221,-0.0014495966917925,1.0336012994708994,0.377747645409836,0.12698412698412698,0.00016241353551912569,0.00016047923497267757,0.0005854422513661203,0.00011079136612021858,0.009625376748633879,0.00027733140983606555,0.00017503093989071038,0.12698412698412698,0.12698412698412698,0.12698412698412698,0.12698412698412698,0.12698412698412698,0.12698412698412698,0.12698412698412698
2024-06-30 17:49:33.133333504,0.1899447347076375,0.2374627724436559,-0.001574503620546,1.0336080585106384,0.37756957335106384,0.0,0.00016421322872340425,0.00016124427127659575,0.00058564675,0.00011085532978723403,0.009623816202127659,0.00027817728723404254,0.00017429503723404252,0.0,0.0,0.0,0.0,0.0,0.0,0.0
2024-06-30 21:13:48.714285312,0.2439950138529525,0.2297338801603815,-0.0018497649827299,1.0336155629629629,0.3770519590909091,0.042328042328042326,0.00016417340106951873,0.0001587218770053476,0.0005857475614973261,0.0001129988181818182,0.009632365513368985,0.000280172064171123,0.00017331434759358286,0.042328042328042326,0.042328042328042326,0.042328042328042326,0.042328042328042326,0.042328042328042326,0.042328042328042326,0.042328042328042326
2024-07-01 00:10:16.052631552,0.2708594792992471,0.2263623121496826,-0.0017555181094034,1.0336218271276596,0.37692082096774193,0.0425531914893617,0.00016433772580645164,0.00015868168279569892,0.0005913065913978495,0.0001141856559139785,0.009693459016129032,0.0002823511344086021,0.00017522690860215053,0.0425531914893617,0.0425531914893617,0.0425531914893617,0.0425531914893617,0.0425531914893617,0.0425531914893617,0.0425531914893617
2024-07-01 03:18:04.444444672,0.2363561479255054,0.2321127315527966,-0.0010639263809769,1.0336283084656086,0.37602165936507936,0.0,0.00016313975661375662,0.00015995341798941796,0.0005879935820105821,0.00011241526455026455,0.009655092174603174,0.0002788742328042328,0.00017317208994708995,0.0,0.0,0.0,0.0,0.0,0.0,0.0
2024-07-01 06:35:19.611111168,0.2015570286023376,0.233984521562215,-0.0001859777532156,1.0336349585106384,0.3749949743010753,0.0425531914893617,0.00016362116666666666,0.00015975221505376344,0.0005836621935483872,0.00011119341397849465,0.009545466516129033,0.0002770766344086021,0.00017280394623655918,0.0425531914893617,0.0425531914893617,0.0425531914893617,0.0425531914893617,0.0425531914893617,0.0425531914893617,0.0425531914893617
2024-07-01 09:40:21.300000000,0.2160937106758638,0.225765415669081,0.0008733131781815,1.0336409819148935,0.37443477526881713,0.0425531914893617,0.00016349165053763443,0.00015756,0.0005826971720430108,0.00011162539247311827,0.009446347989247312,0.00027741905376344085,0.00017234424731182795,0.0425531914893617,0.0425531914893617,0.0425531914893617,0.0425531914893617,0.0425531914893617,0.0425531914893617,0.0425531914893617
2024-07-01 12:50:24.578947328,0.2620452158905095,0.2269654701890519,-0.0003059847814006,1.0336469851063832,0.37345269750000004,0.0,0.0001623119574468085,0.0001578606329787234,0.0005780506382978723,0.00011321078723404254,0.009485320659574468,0.00027536545744680853,0.0001699313989361702,0.0,0.0,0.0,0.0,0.0,0.0,0.0
2024-07-01 15:55:26.500000000,0.1795068673901596,0.2323113843178686,-0.0006592169748659,1.0336526382978726,0.37213010215053766,0.0425531914893617,0.00016277643010752688,0.00015885361290322582,0.0005745871827956989,0.00011205882795698927,0.009448922666666667,0.00027295860215053767,0.00017023978494623652,0.0425531914893617,0.0425531914893617,0.0425531914893617,0.0425531914893617,0.0425531914893617,0.0425531914893617,0.0425531914893617
2024-07-01 19:06:54.142856960,0.207452360312061,0.23085066961022,-0.0004506925970664,1.033658283068783,0.37148019897297296,0.08465608465608465,0.00016428468648648653,0.00015815808108108107,0.000574167372972973,0.00011110304324324322,0.00944937994054054,0.0002719383567567568,0.00016967110270270272,0.08465608465608465,0.08465608465608465,0.08465608465608465,0.08465608465608465,0.08465608465608465,0.08465608465608465,0.08465608465608465
2024-07-01 22:20:30.368420608,0.2762975321694512,0.2220072410406409,-0.0013829612919555,1.033663785106383,0.3704546537765957,0.0,0.0001641620106382979,0.0001570167234042553,0.000572880414893617,0.00011141224468085106,0.009425325930851065,0.00027258086702127663,0.0001705694042553191,0.0,0.0,0.0,0.0,0.0,0.0,0.0
2024-07-02 01:25:32.333333504,0.2575065424073841,0.2204813211424546,-0.0010120050422593,1.0336688106382979,0.36896534677419357,0.0425531914893617,0.0001627596559139785,0.00015643183870967743,0.0005689217688172044,0.00011016224731182795,0.009385287435483872,0.0002706710107526882,0.0001697943924731183,0.0425531914893617,0.0425531914893617,0.0425531914893617,0.0425531914893617,0.0425531914893617,0.0425531914893617,0.0425531914893617
2024-07-02 04:30:34.157894912,0.1912808533498378,0.2253441683861122,-0.0002796628335573,1.0336736829787232,0.3684152897340425,0.0,0.00016296140425531912,0.00015775206382978726,0.000573819579787234,0.00011051225000000002,0.009406881638297872,0.0002697663670212766,0.000170767,0.0,0.0,0.0,0.0,0.0,0.0,0.0
2024-07-02 07:40:36.052631296,0.2176556258747268,0.2256924322288201,-0.0007911538802716,1.033678479255319,0.36828147983870974,0.0425531914893617,0.00016261132258064514,0.00015681954838709676,0.0005697271397849462,0.00011051086559139784,0.00927367935483871,0.00027050929032258064,0.0001717040376344086,0.0425531914893617,0.0425531914893617,0.0425531914893617,0.0425531914893617,0.0425531914893617,0.0425531914893617,0.0425531914893617
2024-07-02 11:11:28.333333248,0.2594416183822545,0.2188449322240838,-0.0011291693350379,1.033683570744681,0.368472645,0.0425531914893617,0.00016200047849462365,0.0001573521505376344,0.0005686734139784946,0.00011147731720430108,0.009279876827956989,0.0002707878172043011,0.00017099877956989245,0.0425531914893617,0.0425531914893617,0.0425531914893617,0.0425531914893617,0.0425531914893617,0.0425531914893617,0.0425531914893617
2024-07-02 14:00:39.947368704,0.2250057226535204,0.2213588478408435,-0.0028616387017069,1.0336874617021277,0.3679970919680852,0.0,0.00016163387234042554,0.00015688078723404255,0.0005637082021276596,0.00010995512234042551,0.009298056265957446,0.0002695538138297872,0.00017112351595744682,0.0,0.0,0.0,0.0,0.0,0.0,0.0
2024-07-02 17:05:41.777777664,0.1558949078947193,0.2254676375149267,-0.0020940493791557,1.0336915287234043,0.36740633281914886,0.0,0.00016133992021276597,0.00015754646808510637,0.000565135914893617,0.00011113430319148938,0.009296185382978722,0.00027054243085106384,0.00017046105851063832,0.0,0.0,0.0,0.0,0.0,0.0,0.0
2024-07-02 20:20:43.842105088,0.2165191892490838,0.2176469374705947,-0.0018150712085463,1.033695605851064,0.3667996460215054,0.0425531914893617,0.00016066252150537637,0.00015874637096774193,0.0005675725483870967,0.00011294630645161289,0.009305899704301073,0.0002707819892473119,0.0001711644247311828,0.0425531914893617,0.0425531914893617,0.0425531914893617,0.0425531914893617,0.0425531914893617,0.0425531914893617,0.0425531914893617
2024-07-02 23:30:45.736841984,0.2647740427698863,0.2097289156403734,-0.0023613944974419,1.0336993909574468,0.3657554558510638,0.0,0.00016105130851063831,0.00015942660106382976,0.0005634495638297873,0.00011239538297872341,0.009276498329787233,0.0002702717606382979,0.00017026917553191487,0.0,0.0,0.0,0.0,0.0,0.0,0.0
2024-07-03 02:40:47.631579136,0.2206211406310672,0.2140743704801655,-0.0018167754439978,1.0337029760638299,0.3653037909042553,0.0,0.00016232118617021276,0.0001620519840425532,0.0005652637234042553,0.00011162197340425533,0.00927204825,0.0002714862127659574,0.00017095143085106383,0.0,0.0,0.0,0.0,0.0,0.0,0.0
2024-07-03 05:45:49.555555328,0.1730277158289368,0.2159488957063112,-0.0007576035331809,1.03370624021164,0.3643002616402117,0.0,0.0001622701587301587,0.000160533746031746,0.0005561233862433863,0.00011033210582010582,0.009173667830687831,0.0002682118994708995,0.00017115329100529102,0.0,0.0,0.0,0.0,0.0,0.0,0.0
2024-07-03 08:47:54.941176320,0.2121877704080361,0.2110930615471996,0.0002679477326242,1.0337092396825396,0.36443740761904764,0.0,0.00016245356084656083,0.00015796326984126983,0.0005602243544973544,0.00011143715343915346,0.009100601153439152,0.00027076680952380956,0.0001706263386243386,0.0,0.0,0.0,0.0,0.0,0.0,0.0
2024-07-03 12:04:46.722222592,0.260866626075142,0.2072155270742585,-0.0004000912481846,1.033712264893617,0.36433510388297874,0.0,0.00016211605319148937,0.0001578583776595745,0.0005590076063829787,0.0001124466755319149,0.009150848856382978,0.0002704537234042553,0.00016938072872340427,0.0,0.0,0.0,0.0,0.0,0.0,0.0
2024-07-03 15:10:55.315789568,0.1746284315931348,0.2112991394279876,-0.0023157301808393,1.0337149195767197,0.3630626707936508,0.0,0.00016186474074074075,0.00015853481481481482,0.0005525394074074074,0.00010998740211640212,0.00910606824867725,0.00026864168253968256,0.00016816529629629632,0.0,0.0,0.0,0.0,0.0,0.0,0.0
2024-07-03 18:12:57.266666496,0.1545722586145075,0.2116865080044739,-0.001776854375124,1.033717319047619,0.36224513973544975,0.0,0.00016129991005291004,0.00015733455026455026,0.0005497670052910053,0.00011019801587301589,0.009082709841269842,0.0002676991216931217,0.00016752974603174604,0.0,0.0,0.0,0.0,0.0,0.0,0.0
2024-07-03 21:40:59.294117632,0.2477717662671352,0.2008421815201237,-0.0026324560994589,1.033719821693122,0.36152749335570467,0.8465608465608465,0.00016197023489932888,0.0001578723422818792,0.0005475278926174497,0.00011002095973154362,0.009069691389261746,0.0002662884093959731,0.00016784136241610739,0.8465608465608465,0.8465608465608465,0.8465608465608465,0.8465608465608465,0.8465608465608465,0.8465608465608465,0.8465608465608465
2024-07-04 00:41:01.105263360,0.2420244538146221,0.1987111715643419,-0.0021329632868694,1.033721755026455,0.36026407126984133,0.0,0.0001615266613756614,0.000158021,0.0005424382910052911,0.00010855331216931216,0.009012508116402118,0.000264763291005291,0.0001667306507936508,0.0,0.0,0.0,0.0,0.0,0.0,0.0
2024-07-04 03:51:03.052631296,0.1963157743138026,0.2029778076652152,-0.0021389375104527,1.0337236116402115,0.35959212814814817,0.0,0.000161207455026455,0.00015805550793650795,0.0005430366984126984,0.00010866169841269842,0.008996637312169311,0.0002643417724867725,0.00016903287830687832,0.0,0.0,0.0,0.0,0.0,0.0,0.0
2024-07-04 07:01:04.947368448,0.1745977745052869,0.2032063715950497,-0.0013831270588935,1.0337252370370371,0.3592536409523809,0.0,0.00016031374603174604,0.00015744367195767194,0.0005456815026455026,0.00010957562433862432,0.00894452046031746,0.0002646986560846561,0.00016697155026455023,0.0,0.0,0.0,0.0,0.0,0.0,0.0
2024-07-04 10:15:24.142856960,0.208981868493197,0.1942826106382977,-0.0010890064346378,1.033726684574468,0.3590094060638298,0.0,0.00016169997340425532,0.0001593511170212766,0.0005482455319148936,0.00010986616489361703,0.008897346515957447,0.00026401996276595745,0.00016684767553191488,0.0,0.0,0.0,0.0,0.0,0.0,0.0
2024-07-04 13:16:08.777777920,0.2215549807434058,0.1954186223640109,-0.0020060141982723,1.0337278216931216,0.35869032798941797,0.0,0.00016252466666666669,0.00016025814814814814,0.0005493340317460318,0.00010971130158730161,0.008964248994708995,0.0002659508835978836,0.0001687483597883598,0.0,0.0,0.0,0.0,0.0,0.0,0.0
2024-07-04 16:21:10.631578880,0.1237977984733333,0.1997790398923966,-0.003054861239643,1.0337288026455025,0.3581213784126984,0.0,0.0001614676878306878,0.00015949237037037037,0.0005480446613756615,0.00010832117460317459,0.008954976746031745,0.00026454262433862435,0.00017000388888888885,0.0,0.0,0.0,0.0,0.0,0.0,0.0
2024-07-04 19:58:42.250000128,0.1929180112059043,0.1940685494909819,-0.0020741623849108,1.033729670744681,0.3571838093010752,0.0425531914893617,0.00016221096774193548,0.00016225790322580645,0.0005442009623655914,0.0001085231989247312,0.008920239188172044,0.00026224266129032256,0.00016955685483870968,0.0425531914893617,0.0425531914893617,0.0425531914893617,0.0425531914893617,0.0425531914893617,0.0425531914893617,0.0425531914893617
2024-07-04 22:48:17.352941056,0.2284939851402896,0.1851235146483838,-0.0024823270086214,1.0337301313829788,0.35632889319148936,0.0,0.00016163634574468087,0.0001627984734042553,0.0005383431968085106,0.00010689773936170216,0.008877521271276594,0.00026027336170212766,0.00016771540425531914,0.0,0.0,0.0,0.0,0.0,0.0,0.0
2024-07-05 01:51:15.526315776,0.2151591014958853,0.1846408788145613,-0.001889723818444,1.0337304404255319,0.3560784317553191,0.0,0.0001636798510638298,0.00016374419680851066,0.0005378481914893616,0.00010816549468085107,0.008870076228723404,0.0002600023085106383,0.00016835990425531912,0.0,0.0,0.0,0.0,0.0,0.0,0.0
2024-07-05 05:15:02.562500096,0.1448577336373659,0.1886131476607689,-0.0009046874778746,1.0337305174603177,0.3558030691534392,0.0,0.00016482833333333332,0.000165205582010582,0.000540700037037037,0.00010959786243386243,0.00886173255026455,0.0002594678095238095,0.00016557482539682542,0.0,0.0,0.0,0.0,0.0,0.0,0.0
2024-07-05 08:08:22.764705792,0.1893965840274063,0.1859968019349218,-0.0005710698723499,1.0337304632978723,0.35564291813829796,0.0,0.00016486571276595744,0.00016375047872340426,0.0005358490478723403,0.0001081125478723404,0.008752139920212766,0.0002594912287234043,0.00016430303191489364,0.0,0.0,0.0,0.0,0.0,0.0,0.0
2024-07-05 11:32:54.153846528,0.2112576864835205,0.1784754509962235,-0.0012546360740432,1.033730107936508,0.3554965877248677,0.0,0.00016440539153439156,0.0001610733015873016,0.0005348437142857143,0.00010897305291005291,0.008771392703703704,0.0002598776296296297,0.0001659073121693122,0.0,0.0,0.0,0.0,0.0,0.0,0.0
2024-07-05 14:31:24.052631296,0.1735353910487447,0.1829777710985704,-0.0032306169246724,1.03372962606383,0.3556592603191489,0.0,0.00016415557978723407,0.00016181294148936168,0.0005371653670212766,0.00010996793617021276,0.008832845819148937,0.00026187724999999996,0.00016673209574468085,0.0,0.0,0.0,0.0,0.0,0.0,0.0
2024-07-05 17:36:08.352941056,0.1257390008608467,0.1841527983522942,-0.0020170166654098,1.0337288978835977,0.3552946833333333,0.0,0.00016286551322751324,0.00016073032275132273,0.000535636544973545,0.0001106043492063492,0.008836332534391533,0.0002624400105820106,0.0001675188783068783,0.0,0.0,0.0,0.0,0.0,0.0,0.0
2024-07-05 20:41:27.842105344,0.1900415084741098,0.1755073465393392,-0.0025549826718194,1.0337279521276597,0.35435997870967745,0.0425531914893617,0.00015992973655913978,0.00015998065591397846,0.0005318256075268817,0.00010985178494623657,0.008803999860215054,0.00026215532795698923,0.00016806129569892469,0.0425531914893617,0.0425531914893617,0.0425531914893617,0.0425531914893617,0.0425531914893617,0.0425531914893617,0.0425531914893617
2024-07-05 23:51:29.736842240,0.2262372695059866,0.1693456451531836,-0.0023634436261328,1.0337268159574466,0.3531126228191489,0.0,0.0001603405744680851,0.0001606530159574468,0.00053021825,0.00010911586702127658,0.008786764414893617,0.00025981344148936174,0.00016785778191489363,0.0,0.0,0.0,0.0,0.0,0.0,0.0
2024-07-06 03:01:31.684210688,0.1749693740571842,0.1744014448422254,-0.0019458088676733,1.0337254659574466,0.35298822728723406,0.0,0.00016203701063829785,0.000159542664893617,0.0005299827978723404,0.00010858443617021277,0.00878873139893617,0.00026000044680851063,0.00016662042021276595,0.0,0.0,0.0,0.0,0.0,0.0,0.0
2024-07-06 06:11:33.631578880,0.1237774185403282,0.1748296480956023,-0.0006912118172845,1.0337238558510637,0.35250330462765955,0.0,0.00016166400531914893,0.00015849803723404256,0.0005266679521276596,0.00010839061170212766,0.008731704601063829,0.00025768557446808515,0.00016514863829787232,0.0,0.0,0.0,0.0,0.0,0.0,0.0
2024-07-06 09:00:49.153846016,0.1823279598038425,0.1670505900121121,-0.0014230911110719,1.0337222317460317,0.3521943614814815,0.0,0.00016157983597883598,0.0001600197513227513,0.0005293065925925926,0.00010748133333333333,0.008661006195767195,0.00025673814814814816,0.00016085081481481483,0.0,0.0,0.0,0.0,0.0,0.0,0.0
2024-07-06 12:31:37.473684224,0.2081933655043144,0.1634135138023592,-0.0025186379840637,1.0337199898936171,0.35215114537234044,0.0,0.0001642512978723404,0.00015987987234042554,0.0005273876063829787,0.00010827818617021277,0.008709881877659574,0.0002559606170212766,0.000162117335106383,0.0,0.0,0.0,0.0,0.0,0.0,0.0
2024-07-06 15:41:39.473684480,0.1161031115718742,0.167616373576493,-0.0034084490052572,1.0337177218085107,0.3518031157446808,0.0,0.00016282536170212763,0.0001580794255319149,0.0005232482021276596,0.0001064845744680851,0.008703005813829788,0.0002541367819148936,0.00016191716489361702,0.0,0.0,0.0,0.0,0.0,0.0,0.0
2024-07-06 18:57:01.466667264,0.135056983475863,0.1647651954070546,-0.0030285871566153,1.0337151603174601,0.35103623427807484,0.042328042328042326,0.0001615705294117647,0.00015619027272727274,0.0005221924545454545,0.00010592202139037433,0.008678929106951871,0.00025470870053475935,0.0001615673262032086,0.042328042328042326,0.042328042328042326,0.042328042328042326,0.042328042328042326,0.042328042328042326,0.042328042328042326,0.042328042328042326
2024-07-06 22:16:43.437499904,0.2105831295949087,0.1524138239596919,-0.0039311696269899,1.033712325,0.35040683909574466,0.0,0.0001613085159574468,0.00015580868085106382,0.0005221438670212766,0.00010653523936170214,0.008677983186170211,0.00025432422872340426,0.0001637773989361702,0.0,0.0,0.0,0.0,0.0,0.0,0.0
2024-07-07 01:06:45.222222336,0.1949632263213061,0.149812138320735,-0.003435067036722,1.0337096691489362,0.35024362026595746,0.0,0.00016367653723404254,0.00016001024468085108,0.0005251454042553192,0.00010658104787234042,0.008703042909574467,0.00025450734574468083,0.0001635074840425532,0.0,0.0,0.0,0.0,0.0,0.0,0.0
2024-07-07 04:11:47.052631552,0.1101299313981485,0.1546650385611113,-0.0032148754894469,1.0337066265957446,0.35057894500000003,0.0,0.0001643894095744681,0.00015965712765957446,0.000527822414893617,0.00010830657978723404,0.008717294329787234,0.0002564534095744681,0.00016166874468085104,0.0,0.0,0.0,0.0,0.0,0.0,0.0
2024-07-07 07:19:35.611111424,0.1262534003219571,0.1518494944868655,-0.0024456142896429,1.0337033313829784,0.3500375197340425,0.0,0.00016322411170212764,0.00015954854787234046,0.0005249747659574468,0.00010657653723404256,0.008622971228723405,0.0002543840319148936,0.00016017395744680852,0.0,0.0,0.0,0.0,0.0,0.0,0.0
2024-07-07 10:31:50.947368448,0.180376177924586,0.1413085938982502,-0.0029385808978031,1.0336997455026455,0.3499457364550264,0.0,0.00016345006878306877,0.00015855927513227513,0.0005242778095238095,0.0001054365238095238,0.008587221380952382,0.000254490582010582,0.0001613619894179894,0.0,0.0,0.0,0.0,0.0,0.0,0.0
2024-07-07 13:41:52.842105088,0.1529761922714101,0.1408103008731438,-0.0049525266461613,1.0336959751322752,0.35004240015873017,0.0,0.00016226765079365078,0.0001567626349206349,0.0005218040264550265,0.00010733462962962964,0.00863813484126984,0.0002552138148148148,0.00016428126455026454,0.0,0.0,0.0,0.0,0.0,0.0,0.0
2024-07-07 16:51:54.736842240,0.0656694406902715,0.1437002301726124,-0.0041249367604805,1.0336920116402117,0.35012192761904765,0.0,0.00016066238095238094,0.0001566600052910053,0.0005237071481481481,0.00010684563492063492,0.008674673232804233,0.0002558325502645503,0.00016389684126984127,0.0,0.0,0.0,0.0,0.0,0.0,0.0
2024-07-07 20:18:36.000000000,0.1411474607507443,0.1348349640711865,-0.003146986559499,1.03368745,0.349436235483871,0.0425531914893617,0.0001595771290322581,0.00015621339247311828,0.0005218982043010752,0.00010708389784946237,0.008660900516129033,0.0002553320698924731,0.00016473839784946238,0.0425531914893617,0.0425531914893617,0.0425531914893617,0.0425531914893617,0.0425531914893617,0.0425531914893617,0.0425531914893617
2024-07-07 23:31:57.733333760,0.186865121665221,0.1236686855947456,-0.0036376586029652,1.0336829682539683,0.34926608380952373,0.0,0.00016136154497354497,0.00015906348677248677,0.0005232477566137566,0.00010727544444444443,0.00867036242857143,0.0002559655767195767,0.00016778450264550264,0.0,0.0,0.0,0.0,0.0,0.0,0.0
2024-07-08 02:21:59.473684224,0.1457258868386475,0.1240253396861353,-0.0044518607206979,1.0336788587301586,0.34928079301587306,0.0,0.0001623488941798942,0.00016029524867724866,0.0005230339206349206,0.00010684957142857145,0.008672210058201058,0.0002550928042328042,0.0001675652328042328,0.0,0.0,0.0,0.0,0.0,0.0,0.0
2024-07-08 05:28:53.750000128,0.0711616578523148,0.1262282218741399,-0.0033486211661372,1.0336741195767196,0.349210724973545,0.0,0.0001636875767195767,0.00015933773015873017,0.0005204077566137565,0.00010565986772486772,0.008632387343915344,0.00025412315343915345,0.00016640350793650796,0.0,0.0,0.0,0.0,0.0,0.0,0.0
2024-07-08 08:27:40.562500096,0.1096253022454902,0.1199269566148123,-0.0021814522736744,1.0336694037234042,0.3505251657446809,0.0,0.0001627328138297872,0.00015750221808510638,0.0005239657127659574,0.00010632756914893616,0.008598275191489362,0.00025610593085106383,0.00016631360106382978,0.0,0.0,0.0,0.0,0.0,0.0,0.0
2024-07-08 11:49:44.941176320,0.1726260643689556,0.1131477849650519,-0.0027261518623861,1.0336638404255318,0.35180602170212766,0.0,0.00016212237765957446,0.00015723748404255318,0.0005272433989361703,0.00010676981382978723,0.008687317840425531,0.0002584823138297872,0.0001684475904255319,0.0,0.0,0.0,0.0,0.0,0.0,0.0
2024-07-08 14:52:08.105263616,0.0953346702763724,0.1173347900546297,-0.0043230314150514,1.033658611111111,0.35240600291005286,0.0,0.00016181902645502646,0.00015570668253968254,0.0005250341693121693,0.00010723712698412699,0.008733398476190476,0.00025699528042328045,0.00016629321693121694,0.0,0.0,0.0,0.0,0.0,0.0,0.0
2024-07-08 18:00:24.176470528,0.0498016061275734,0.1162870523845815,-0.0030711567953496,1.0336530127659573,0.352958222393617,0.0,0.00016191853723404253,0.00015498297872340423,0.0005263653723404255,0.00010744762234042555,0.008765061127659573,0.00025701251063829785,0.00016714238297872342,0.0,0.0,0.0,0.0,0.0,0.0,0.0
2024-07-08 21:11:29.142857216,0.1147664345862153,0.1046712476459149,-0.0030080681633038,1.0336471249999999,0.3539286478494624,0.0425531914893617,0.00016133264516129034,0.00015204146774193546,0.0005256046827956989,0.00010653209677419356,0.008803983188172042,0.0002577752688172043,0.0001661843440860215,0.0425531914893617,0.0425531914893617,0.0425531914893617,0.0425531914893617,0.0425531914893617,0.0425531914893617,0.0425531914893617
2024-07-09 00:22:13.947368192,0.1548908687660173,0.096049225338233,-0.0037707463528295,1.033641049468085,0.3556654545212765,0.0,0.00015930625531914892,0.0001510816170212766,0.0005298911702127659,0.0001059503670212766,0.008900824319148935,0.0002614841489361702,0.00016510712765957448,0.0,0.0,0.0,0.0,0.0,0.0,0.0
2024-07-09 03:32:15.842105344,0.0984597295533262,0.1011428663008735,-0.003365440760692,1.033634799468085,0.35694759462765957,0.0,0.0001590668670212766,0.00015304759042553188,0.0005337044255319149,0.00010745626595744683,0.008950224664893617,0.0002647574787234042,0.000166754335106383,0.0,0.0,0.0,0.0,0.0,0.0,0.0
2024-07-09 06:42:17.736842240,0.064846960824525,0.1020431600014323,-0.0023737123215513,1.033628324468085,0.3580514096808511,0.0,0.00015916305319148936,0.00015297503191489363,0.0005377232872340426,0.00010690929255319149,0.00894560255851064,0.00026722892021276596,0.00016767421808510638,0.0,0.0,0.0,0.0,0.0,0.0,0.0
2024-07-09 09:56:13.111110912,0.1201005068547829,0.0907092996524257,-0.0021894450163025,1.0336215010638299,0.35898090361702123,0.0,0.00015683318617021276,0.0001515213404255319,0.0005334495531914893,0.00010525119148936169,0.008884131255319148,0.0002655728510638298,0.00016637182978723405,0.0,0.0,0.0,0.0,0.0,0.0,0.0
2024-07-09 12:57:21.555555584,0.1275268710401178,0.0876071347888682,-0.0031885606275452,1.0336149521276596,0.3602381240425532,0.0,0.00015580890425531915,0.00015224257978723406,0.000534438914893617,0.00010581299468085107,0.0089941,0.00026490448936170214,0.00016770454255319147,0.0,0.0,0.0,0.0,0.0,0.0,0.0
2024-07-09 16:01:50.111111168,0.035859660062556,0.0929652086037304,-0.0035926381826968,1.0336080740740743,0.3615479043386243,0.0,0.0001557879947089947,0.00015406810052910052,0.0005386785449735449,0.00010700891534391535,0.009068380804232805,0.0002663512751322751,0.00016831172486772483,0.0,0.0,0.0,0.0,0.0,0.0,0.0
2024-07-09 19:13:45.333332992,0.0336395968387819,0.0889957547643645,-0.0037366022579618,1.033600749468085,0.36283425819148934,0.0,0.00015665487234042553,0.00015558359042553192,0.0005416612340425533,0.00010931003723404256,0.009119243069148936,0.00026900282978723405,0.00016958553191489362,0.0,0.0,0.0,0.0,0.0,0.0,0.0
2024-07-09 22:35:34.937500160,0.137378990366642,0.0765390028213171,-0.0043684163762926,1.0335927888297873,0.36410109317204303,0.0425531914893617,0.00015692703763440862,0.0001556669731182796,0.000549964252688172,0.00010974748924731183,0.00921015320967742,0.00027293645698924727,0.00017039334946236561,0.0425531914893617,0.0425531914893617,0.0425531914893617,0.0425531914893617,0.0425531914893617,0.0425531914893617,0.0425531914893617
2024-07-10 01:32:29.263158272,0.1213291203527546,0.0720155542793244,-0.0047412709848603,1.0335855728723404,0.364663607606383,0.0,0.00015770004787234043,0.0001566764574468085,0.0005526140212765957,0.00011062286170212766,0.009243726670212766,0.0002748328989361702,0.00016925344680851064,0.0,0.0,0.0,0.0,0.0,0.0,0.0
2024-07-10 04:42:31.210526208,0.0252858798318698,0.074651713351854,-0.0041235309148333,1.0335777015957446,0.3659097504787233,0.0,0.00015815498936170213,0.00015589086170212765,0.000554554670212766,0.00011039279787234042,0.009264919707446808,0.00027613656914893616,0.0001716922712765958,0.0,0.0,0.0,0.0,0.0,0.0,0.0
2024-07-10 07:27:09.769230848,0.0550065270501249,0.0697487688274717,-0.0029784504607879,1.0335707238095238,0.36735203031746033,0.0,0.00015826421693121694,0.00015652686772486772,0.0005602681587301586,0.00011018855026455027,0.009258320232804235,0.00027813768783068783,0.00017371345502645503,0.0,0.0,0.0,0.0,0.0,0.0,0.0
2024-07-10 11:19:42.928571136,0.1194565657207817,0.0588560826219314,-0.0035197372479733,1.0335606138297875,0.3697127886702128,0.0,0.00015930059042553192,0.00015945448936170213,0.0005737147553191488,0.00011231202659574468,0.009354913632978724,0.00028320151595744676,0.00017492262765957448,0.0,0.0,0.0,0.0,0.0,0.0,0.0
2024-07-10 14:12:36.947368704,0.0631635346744587,0.0650205292338472,-0.0025204331685362,1.0335528941489363,0.3714902468617021,0.0,0.0001603505585106383,0.00015983985638297872,0.000581449579787234,0.00011612081914893617,0.009476453175531915,0.0002882290053191489,0.00017835337765957445,0.0,0.0,0.0,0.0,0.0,0.0,0.0
2024-07-10 17:15:08.750000128,-0.0070469064935991,0.0700129683048264,-0.0026223115949069,1.0335445841269844,0.3718703156084656,0.0,0.00016043748148148146,0.000159657126984127,0.0005780829576719576,0.00011411832804232804,0.009480267317460317,0.0002849347037037037,0.000178943291005291,0.0,0.0,0.0,0.0,0.0,0.0,0.0
2024-07-10 20:21:33.944444416,0.0396548985074218,0.0600191310101387,-0.0020935260025006,1.0335358978723403,0.37232284162162155,0.851063829787234,0.00016032881081081083,0.00015882475,0.0005766739121621622,0.00011348670945945947,0.009485629027027027,0.0002870519864864865,0.0001784618108108108,0.851063829787234,0.851063829787234,0.851063829787234,0.851063829787234,0.851063829787234,0.851063829787234,0.851063829787234
2024-07-10 23:32:42.631578880,0.0991170287674094,0.0500036014154348,-0.0020066108757582,1.0335268388297874,0.3727488860638298,0.0,0.00016041777127659578,0.0001598685425531915,0.0005721685531914893,0.00011202995212765956,0.009496699654255319,0.0002850961595744681,0.00017744585638297872,0.0,0.0,0.0,0.0,0.0,0.0,0.0
2024-07-11 02:42:44.526315520,0.0563622280378126,0.0539387287161441,-0.002085679288566,1.0335176499999998,0.3735200064893617,0.0,0.00016085537234042553,0.00015878468085106382,0.0005823880425531915,0.00011210389361702128,0.009565105074468085,0.00028869352127659575,0.0001758578191489362,0.0,0.0,0.0,0.0,0.0,0.0,0.0
2024-07-11 05:52:46.473683968,-0.0140780496319052,0.0563922702865336,-0.0009578901631148,1.0335082303191487,0.37388389297872343,0.0,0.00016139492021276597,0.0001620633244680851,0.0005854297765957448,0.00011190606382978724,0.009541031180851063,0.0002875854627659574,0.00017625903191489361,0.0,0.0,0.0,0.0,0.0,0.0,0.0
2024-07-11 09:05:28.400000256,0.1159974660174611,0.0470713158596735,-0.0004479923864657,1.033498465425532,0.3741717915957446,0.0,0.0001600071329787234,0.00016086912234042553,0.0005715783617021277,0.00010990598936170214,0.009390381680851064,0.00028166060638297875,0.00017373802659574467,0.0,0.0,0.0,0.0,0.0,0.0,0.0
2024-07-11 12:12:50.368421120,0.0985413047615111,0.0416411536357722,-0.0016257605670816,1.0334887947089948,0.37459729105820105,0.0,0.00015951526984126985,0.00016038822751322752,0.0005699655502645503,0.00010956084126984127,0.009461165597883597,0.00028051406878306875,0.00017396757671957666,0.0,0.0,0.0,0.0,0.0,0.0,0.0
2024-07-11 15:22:52.263158016,0.0074591055357018,0.0477146033903138,-0.0025005721100903,1.0334788084656086,0.3752807277248677,0.0,0.0001589087724867725,0.0001598713703703704,0.0005728257989417989,0.00011113668253968254,0.009523023052910053,0.00028202619047619043,0.0001762267513227513,0.0,0.0,0.0,0.0,0.0,0.0,0.0
2024-07-11 18:32:20.888888832,-0.0088727643783954,0.0493649224875368,-0.0023689857029155,1.033468660106383,0.3756823568617021,0.0,0.00015886734574468086,0.000159938,0.0005738367872340427,0.00011232663829787236,0.009541515042553192,0.0002816723404255319,0.00017412414893617023,0.0,0.0,0.0,0.0,0.0,0.0,0.0
2024-07-11 21:47:56.222222592,0.0764425347410906,0.038517163149379,-0.0034643035421351,1.0334579984126984,0.37546907406417107,0.042328042328042326,0.0001595929625668449,0.00015859154545454544,0.0005710201122994653,0.00011032487700534759,0.009523421903743315,0.0002791300909090909,0.00017278530481283424,0.042328042328042326,0.042328042328042326,0.042328042328042326,0.042328042328042326,0.042328042328042326,0.042328042328042326,0.042328042328042326
2024-07-12 00:47:58.000000000,0.0869025674651879,0.0325088214442049,-0.0047646596380359,1.0334480058201059,0.3755522393121693,0.0,0.00015962376719576716,0.000158406455026455,0.0005696645343915344,0.00010958308994708993,0.009523434666666667,0.0002784797513227513,0.00017362035449735452,0.0,0.0,0.0,0.0,0.0,0.0,0.0
2024-07-12 03:52:59.894736640,-0.0017158418283997,0.0399203456525863,-0.0049159257684518,1.0334375687830686,0.3760181551851852,0.0,0.00016015569312169314,0.00015908970370370371,0.0005712839365079365,0.00010948361904761903,0.009536650312169312,0.00027933449206349206,0.00017307379894179896,0.0,0.0,0.0,0.0,0.0,0.0,0.0
2024-07-12 06:47:01.733333504,-0.0074285742362576,0.0355751554628227,-0.0013440701094308,1.0334275888888889,0.3757983307407407,0.0,0.0001604233492063492,0.00016084160846560847,0.0005677216455026455,0.00010930290476190478,0.009444300005291005,0.0002784083439153439,0.00017056271957671958,0.0,0.0,0.0,0.0,0.0,0.0,0.0
2024-07-12 10:27:19.857142528,0.071907940315441,0.0254922303166722,-0.0011677416507318,1.0334147255319148,0.3769129622340425,0.0,0.000162015164893617,0.00016212764361702125,0.0005715547234042553,0.00011128504255319151,0.009413502276595744,0.00028039665425531917,0.00017256961170212767,0.0,0.0,0.0,0.0,0.0,0.0,0.0
2024-07-12 13:23:05.526316032,0.0611090467713211,0.0262141835466379,-0.0021464134651016,1.0334043137566136,0.3780945289947089,0.0,0.000163267126984127,0.00016444237037037035,0.0005764132698412699,0.0001118398201058201,0.009534172941798941,0.00028305512169312166,0.000172022455026455,0.0,0.0,0.0,0.0,0.0,0.0,0.0
2024-07-12 16:33:07.631578624,-0.0419038426286419,0.0328383385145055,-0.0018137004735179,1.0333928703703703,0.37866659904761907,0.0,0.000163462037037037,0.0001653774656084656,0.0005743737830687831,0.00010977932275132275,0.009543257275132276,0.0002811143333333333,0.0001711109788359788,0.0,0.0,0.0,0.0,0.0,0.0,0.0
2024-07-12 19:44:35.142857472,-0.0217462141294504,0.0281503178674755,-0.0007082667346318,1.033381155319149,0.37949378768817205,0.0425531914893617,0.00016214809677419356,0.00016536255913978494,0.000576175440860215,0.00010999512903225804,0.00957905380107527,0.00028198279569892473,0.00017232887096774193,0.0425531914893617,0.0425531914893617,0.0425531914893617,0.0425531914893617,0.0425531914893617,0.0425531914893617,0.0425531914893617
2024-07-12 23:18:11.714285824,0.0822717650770528,0.0170470510131814,-0.0012702204152069,1.0333678703703704,0.38033404550264555,0.0,0.00016471920634920635,0.00016929159259259263,0.0005832648783068784,0.00011177055026455028,0.009646123343915344,0.0002834379523809524,0.00017461191005291006,0.0,0.0,0.0,0.0,0.0,0.0,0.0
2024-07-13 02:03:13.473684224,0.0595099935505345,0.0190438000851014,-0.001754677444497,1.033357405319149,0.3807156008510638,0.0,0.00016637873404255323,0.00017075837765957445,0.0005883741436170213,0.00011216086170212765,0.009679578484042554,0.00028444677127659575,0.00017408068085106383,0.0,0.0,0.0,0.0,0.0,0.0,0.0
2024-07-13 05:08:15.333333248,-0.0325367221384453,0.0241148692764848,-0.0014722459568584,1.0333455760638297,0.3813058781382979,0.0,0.00016978013829787233,0.0001737952074468085,0.0005955834468085106,0.00011294620744680851,0.00971164564893617,0.0002850305691489362,0.00017387697340425534,0.0,0.0,0.0,0.0,0.0,0.0,0.0
2024-07-13 08:07:59.470588160,0.0168444975252555,0.0188606060360449,-0.0003102822714071,1.033333940740741,0.380519046984127,0.0,0.0001690787195767196,0.00017178074603174605,0.0005875978465608466,0.00011113308994708995,0.00954514801058201,0.00028217810582010583,0.00017270824338624336,0.0,0.0,0.0,0.0,0.0,0.0,0.0
2024-07-13 11:29:47.411764992,0.0772412502038832,0.0114174246808147,-0.0004824713711289,1.033320695212766,0.38157527037234035,0.0,0.00016742952127659573,0.00017146393617021278,0.0005929831595744681,0.00011242272340425534,0.009618972792553191,0.0002866563617021277,0.000176820164893617,0.0,0.0,0.0,0.0,0.0,0.0,0.0
2024-07-13 14:33:21.052631296,0.0154982663297005,0.0186213900673543,-0.001203719584716,1.033308430319149,0.3830915058510639,0.0,0.00016837655319148936,0.00017439339893617024,0.0006101098723404255,0.00011548838297872342,0.009785533159574467,0.0002935248404255319,0.00018160168617021276,0.0,0.0,0.0,0.0,0.0,0.0,0.0
2024-07-13 17:55:03.249999872,-0.0574399016406346,0.0245260659449837,-0.0015565445083609,1.033294816931217,0.38291023899470894,0.0,0.00017074026984126992,0.00017864797883597878,0.0006027229100529102,0.00011339238624338626,0.009759429793650793,0.00028890370370370373,0.00017733323280423282,0.0,0.0,0.0,0.0,0.0,0.0,0.0
2024-07-13 21:07:15.923077376,0.0242418961065595,0.0167833055767975,-0.0007501775852929,1.033281635638298,0.3829936987096774,0.0425531914893617,0.00017185863440860217,0.000177840123655914,0.0006071467741935485,0.00011373245161290323,0.009802175537634409,0.00028899936021505376,0.00017907305913978495,0.0425531914893617,0.0425531914893617,0.0425531914893617,0.0425531914893617,0.0425531914893617,0.0425531914893617,0.0425531914893617
2024-07-14 00:03:26.842105088,0.0584953252517266,0.0082294727514303,-0.0013641996551833,1.0332694542553191,0.3830974884574468,0.0,0.0001717522553191489,0.00017762713829787237,0.0006093761436170213,0.00011582162234042553,0.009818804989361704,0.0002905423670212766,0.00018007065957446807,0.0,0.0,0.0,0.0,0.0,0.0,0.0
2024-07-14 03:13:28.789473536,0.003602518189723,0.0149439120267821,-0.0013984538864523,1.0332561382978722,0.38358418244680853,0.0,0.00017532108510638297,0.00018304078723404256,0.0006202895851063829,0.00011751048936170211,0.009848898734042554,0.0002944030691489362,0.00018254512234042555,0.0,0.0,0.0,0.0,0.0,0.0,0.0
2024-07-14 06:23:30.736842496,-0.0356523108466717,0.0182028442367123,0.0001339874534087,1.033242638297872,0.38332280382978723,0.0,0.00017358166489361702,0.0001824041063829787,0.0006019127446808511,0.00011195125,0.009718008680851063,0.00028696683510638296,0.00017694899999999998,0.0,0.0,0.0,0.0,0.0,0.0,0.0
2024-07-14 09:44:22.833333248,0.0517477073963732,0.0089305494310521,0.0003771758200665,1.0332281765957445,0.3841014232978723,0.0,0.00017459843085106382,0.0001817171170212766,0.0006071172978723404,0.00011295315425531914,0.009668255893617021,0.0002907976223404255,0.0001804509521276596,0.0,0.0,0.0,0.0,0.0,0.0,0.0
2024-07-14 12:38:34.555555328,0.055014572279731,0.0075389704649069,0.0002499074701934,1.033215505851064,0.38397188388297876,0.0,0.00017477863829787232,0.00018024811702127655,0.000606188505319149,0.0001149920585106383,0.009755431335106384,0.00028952434574468087,0.0001798595053191489,0.0,0.0,0.0,0.0,0.0,0.0,0.0
2024-07-14 15:41:50.529411840,-0.018384119709367,0.0162037029966549,-0.0006779837380246,1.033201997883598,0.38439961439153436,0.0,0.0001756843121693122,0.00018088891005291002,0.0006050959682539683,0.00011494598412698413,0.009781477666666668,0.0002898533174603174,0.00018064561375661376,0.0,0.0,0.0,0.0,0.0,0.0,0.0
2024-07-14 19:00:04.071428608,-0.051689833179239,0.0163755121319975,-3.019460074174529e-05,1.0331872550264551,0.38492094160427803,0.042328042328042326,0.00017588541176470588,0.00018104122994652404,0.0006067084331550802,0.0001152710053475936,0.009795511572192514,0.00029222555080213905,0.00018214762566844917,0.042328042328042326,0.042328042328042326,0.042328042328042326,0.042328042328042326,0.042328042328042326,0.042328042328042326,0.042328042328042326
2024-07-14 22:08:07.055555584,0.0547509884411283,0.0078878319110694,-0.0006592137583017,1.033173097883598,0.385137764973545,0.0,0.00017916147619047619,0.00018141316402116403,0.0006096156031746031,0.00011590156084656086,0.009837887994708996,0.00029211931746031745,0.0001812077619047619,0.0,0.0,0.0,0.0,0.0,0.0,0.0
2024-07-15 01:08:42.222222336,0.0592106162543473,0.0044020780010389,-0.0024592021284109,1.033159344680851,0.3848541307446809,0.0,0.00017772315957446805,0.00017964952127659577,0.0006042560797872341,0.00011601206382978724,0.009817368260638299,0.0002898435425531915,0.0001803901382978723,0.0,0.0,0.0,0.0,0.0,0.0,0.0
2024-07-15 04:23:44.157894912,-0.0432985822696991,0.0118755878950721,-0.0021172970915189,1.0331443409574468,0.3847353203191488,0.0,0.0001772780106382979,0.0001783036223404255,0.0006043873723404256,0.00011619844148936171,0.009784354292553192,0.000293276170212766,0.00018063440425531915,0.0,0.0,0.0,0.0,0.0,0.0,0.0
2024-07-15 07:28:28.352941312,-0.0025922602301875,0.0097523538463782,-0.0001792460051519,1.0331299531914893,0.3844070045212767,0.0,0.00017762735106382975,0.00017978972872340426,0.0005999138351063829,0.00011479838297872341,0.009683557329787235,0.0002897270744680851,0.0001793231489361702,0.0,0.0,0.0,0.0,0.0,0.0,0.0
2024-07-15 10:47:08.111111168,0.05520162127209,0.0011640570449851,-0.000626929031938,1.0331143566137568,0.38474939894179894,0.0,0.00017866865079365073,0.00018023498412698415,0.0006027788941798942,0.00011469904761904762,0.009688557666666667,0.00029150165079365074,0.00018153655555555554,0.0,0.0,0.0,0.0,0.0,0.0,0.0
2024-07-15 13:53:49.947368192,0.0264754148660131,0.0046818131806083,-0.0005156175991247,1.0330995105820107,0.38377488068783067,0.0,0.00017700807407407406,0.00018111485714285714,0.0005959747142857142,0.00011418058201058203,0.009699067238095238,0.0002875707248677249,0.00017946383597883597,0.0,0.0,0.0,0.0,0.0,0.0,0.0
2024-07-15 16:59:34.785714688,-0.0518445176203385,0.0149432610217908,-0.0001444004071784,1.0330846276595747,0.3840176345744681,0.0,0.00017978578191489363,0.00018697542553191489,0.0005991836436170212,0.00011566845744680848,0.00971552970212766,0.0002889993776595745,0.00018171156382978723,0.0,0.0,0.0,0.0,0.0,0.0,0.0
2024-07-15 20:02:27.999999744,-0.0417122826406739,0.0114081817400845,0.0011839747163286,1.0330698063829789,0.38415095811827954,0.0425531914893617,0.00018106505376344083,0.00018435180107526886,0.0006079033924731183,0.00011594068817204304,0.00977119814516129,0.0002927536666666667,0.00018203225268817203,0.0425531914893617,0.0425531914893617,0.0425531914893617,0.0425531914893617,0.0425531914893617,0.0425531914893617,0.0425531914893617
2024-07-15 23:13:55.631578624,0.0615033177757595,0.0047920189299999,0.0017629359773111,1.0330541534391535,0.38477652756613745,0.0,0.00018110516402116404,0.00018551359788359788,0.0006124571428571428,0.00011791979365079366,0.009845719597883598,0.00029478704232804235,0.0001863694656084656,0.0,0.0,0.0,0.0,0.0,0.0,0.0
2024-07-16 02:23:57.631578880,0.0241456647633526,0.0149908778501963,0.0026988325717025,1.033038473015873,0.38472578026455023,0.0,0.0001830602486772487,0.00018815758201058206,0.0006135733121693122,0.0001181551798941799,0.009856888804232805,0.0002940122751322751,0.00018533303703703707,0.0,0.0,0.0,0.0,0.0,0.0,0.0
2024-07-16 05:33:59.526315776,-0.0566332861383784,0.0230326741899051,0.0048893782829789,1.0330226423280424,0.3849626597354498,0.0,0.00018276399470899468,0.0001870007407407408,0.000608512,0.00011686584656084657,0.009817507470899474,0.0002920598306878307,0.00018346720105820102,0.0,0.0,0.0,0.0,0.0,0.0,0.0
2024-07-16 08:41:48.111110912,0.0273467100537345,0.0201572693787152,0.0059548438697678,1.0330068312169312,0.3854744513756614,0.0,0.00018213155555555553,0.00018747151322751323,0.0006138771111111112,0.00011719512698412701,0.009753073671957671,0.0002971882592592593,0.00018830819047619047,0.0,0.0,0.0,0.0,0.0,0.0,0.0
2024-07-16 11:54:03.421052672,0.0817089887561337,0.0185019675374265,0.0056967249011654,1.0329905423280423,0.3850778134391534,0.0,0.00018226889417989416,0.00018871446031746032,0.0006056523756613757,0.00011661624338624338,0.009779231153439153,0.0002923644867724868,0.00018717152380952378,0.0,0.0,0.0,0.0,0.0,0.0,0.0
2024-07-16 15:04:05.368421120,0.0087949577789459,0.0286976431181292,0.0050415512101976,1.0329742735449736,0.3852055712169312,0.0,0.00018109965608465608,0.0001855692010582011,0.0006039401111111112,0.00011464662962962966,0.009821047492063494,0.0002906559788359788,0.00018357728571428573,0.0,0.0,0.0,0.0,0.0,0.0,0.0
2024-07-16 18:12:21.411764480,-0.026799500276752,0.0396489615490622,0.0047056929835401,1.032957995212766,0.3855938021276596,0.0,0.000181237585106383,0.00018697204787234044,0.0006064765744680851,0.00011484162234042554,0.009849524287234042,0.0002912330212765958,0.00018273568085106382,0.0,0.0,0.0,0.0,0.0,0.0,0.0
2024-07-16 21:39:09.437499904,0.0892865836928535,0.0348254428594976,0.0041994961327765,1.0329400031746032,0.38559408941176465,0.042328042328042326,0.00018529728342245986,0.00019180799465240642,0.0006184336844919787,0.00011639926203208557,0.009914472647058824,0.00029667098930481284,0.0001859656096256684,0.042328042328042326,0.042328042328042326,0.042328042328042326,0.042328042328042326,0.042328042328042326,0.042328042328042326,0.042328042328042326
2024-07-17 00:29:11.111111168,0.1019510921860273,0.0343493257872444,0.0032326046663719,1.0329250412698412,0.38442708841269846,0.0,0.00018460330687830687,0.00019317893121693122,0.0006084075767195768,0.00011339223809523808,0.00986511498941799,0.00028983925925925926,0.00018138831216931215,0.0,0.0,0.0,0.0,0.0,0.0,0.0
2024-07-17 03:34:12.947368704,0.0178213587266213,0.0469714898245569,0.0021433455448185,1.0329086005319148,0.3839554175,0.0,0.00018533846276595745,0.00019271730319148932,0.0006071083191489363,0.00011352035638297872,0.009842846132978724,0.0002892880744680851,0.00018270150531914892,0.0,0.0,0.0,0.0,0.0,0.0,0.0
2024-07-17 06:44:14.894736640,0.0049564909292598,0.0527529607380013,0.0032193488098073,1.032891639361702,0.38563045430851056,0.0,0.00018664779787234043,0.00019443763829787237,0.0006294589521276595,0.00012142779255319148,0.009921996457446808,0.0003025737553191489,0.00019365929787234045,0.0,0.0,0.0,0.0,0.0,0.0,0.0
2024-07-17 09:55:36.933333248,0.0806992649287963,0.0468880787813339,0.0027741156868165,1.0328744542553192,0.38455628909574474,0.0,0.00018323209574468087,0.00019561929255319148,0.0006137193829787235,0.00011489569680851064,0.009765743170212764,0.000290851329787234,0.00018359912234042555,0.0,0.0,0.0,0.0,0.0,0.0,0.0
2024-07-17 13:04:18.736842496,0.1006548569614551,0.051474535823458,0.0020188029189848,1.0328573085106383,0.3840189751595744,0.0,0.00018401480851063827,0.0001969065,0.0006081548563829787,0.00011473639893617022,0.009820445053191488,0.000288933170212766,0.00018314053191489363,0.0,0.0,0.0,0.0,0.0,0.0,0.0
2024-07-17 16:13:47.388889088,-0.0012024251885804,0.0651163930933674,0.002274310598931,1.0328400361702128,0.38350787324468083,0.0,0.00018524073404255318,0.0001953698244680851,0.0006044292234042554,0.00011241282978723406,0.00980143444680851,0.0002885348989361702,0.00018215076063829794,0.0,0.0,0.0,0.0,0.0,0.0,0.0
2024-07-17 19:27:30.125000192,0.0179561428240617,0.0662241438663281,0.0044755031158774,1.0328221643617022,0.38379090533783783,0.851063829787234,0.0001860939864864865,0.00019562881756756754,0.000611864304054054,0.0001142915337837838,0.009868924662162163,0.00029406612837837835,0.00018774722297297297,0.851063829787234,0.851063829787234,0.851063829787234,0.851063829787234,0.851063829787234,0.851063829787234,0.851063829787234
2024-07-17 22:39:24.555555840,0.107454846346684,0.0592677694396701,0.0040461246701453,1.0328043457446807,0.38302167122340425,0.0,0.00018620867021276597,0.00019656519680851065,0.0006047051117021276,0.00011433823936170215,0.009827706489361702,0.0002913770585106383,0.00018326901063829787,0.0,0.0,0.0,0.0,0.0,0.0,0.0
2024-07-18 01:44:26.526315776,0.1025058319285108,0.0651284681269386,0.0035973947708998,1.0327870228723406,0.3820012030851064,0.0,0.00018471867021276598,0.00019393517021276595,0.0005998485319148936,0.00011470125531914892,0.009767213127659576,0.0002895200691489362,0.0001807458404255319,0.0,0.0,0.0,0.0,0.0,0.0,0.0
2024-07-18 04:49:28.444444416,0.005465523319458,0.0760239588315217,0.0039688924158869,1.0327696005319147,0.3816175637765958,0.0,0.00018557697872340428,0.00019543098936170212,0.0006067690744680851,0.00011479228723404255,0.009785629792553192,0.0002910144308510638,0.00018076128723404258,0.0,0.0,0.0,0.0,0.0,0.0,0.0
2024-07-18 07:45:07.624999936,0.0684188993265593,0.0764018860600336,0.0044648116636259,1.032752967195767,0.3819802651851852,0.0,0.0001858261481481482,0.00019621875132275137,0.0006096315767195767,0.00011404,0.009716863253968254,0.0002915401904761905,0.00018288251322751324,0.0,0.0,0.0,0.0,0.0,0.0,0.0
2024-07-18 11:15:15.142857216,0.1505446442320703,0.0711290895723926,0.0039373968047384,1.0327328638297872,0.382400110319149,0.0,0.00018889434574468085,0.00019980174468085108,0.0006106629468085107,0.00011298364361702128,0.009731732893617022,0.000292639829787234,0.00018258578723404255,0.0,0.0,0.0,0.0,0.0,0.0,0.0
2024-07-18 14:14:34.157894912,0.1036873437413419,0.0781326667632636,0.0017723931178993,1.032715655319149,0.38108947212765953,0.0,0.00018829581914893618,0.00019362031914893618,0.0006035436436170212,0.00011114084574468086,0.009731555952127659,0.0002891838723404256,0.00018083977659574468,0.0,0.0,0.0,0.0,0.0,0.0,0.0
2024-07-18 17:32:43.687499776,0.0115182246394738,0.0886945403447131,0.0020005872285776,1.0326964856382979,0.3804865348936169,0.0,0.00018764156382978722,0.00019162717021276596,0.000604735505319149,0.00011038738297872341,0.009735134803191488,0.00028770189361702127,0.00017939314361702127,0.0,0.0,0.0,0.0,0.0,0.0,0.0
2024-07-18 20:39:04.722222080,0.094010441661112,0.0861758699390057,0.0022611789119866,1.0326783074074073,0.3798833879144385,0.042328042328042326,0.00018800026737967915,0.00019216808021390376,0.0006028653155080215,0.0001100873101604278,0.009733081064171124,0.0002850515882352941,0.00017866052406417113,0.042328042328042326,0.042328042328042326,0.042328042328042326,0.042328042328042326,0.042328042328042326,0.042328042328042326,0.042328042328042326
2024-07-18 23:44:39.947368704,0.1465978700888399,0.0803958083551929,0.0009504355181744,1.0326601329787235,0.37946101819148936,0.0,0.00018882496808510636,0.0001915485372340426,0.0006059710531914894,0.00011042140425531915,0.00974750054787234,0.0002856451117021277,0.00017795165425531914,0.0,0.0,0.0,0.0,0.0,0.0,0.0
2024-07-19 02:54:41.842105344,0.0856123188994502,0.0918411561319378,0.0005034213485125,1.0326414074468084,0.37930153276595746,0.0,0.0001881767712765957,0.00019138087234042554,0.000605207005319149,0.00011044962765957446,0.009750492313829786,0.0002848223989361702,0.00017959549468085106,0.0,0.0,0.0,0.0,0.0,0.0,0.0
2024-07-19 06:04:43.789473792,0.0321085026221226,0.0990700551088602,0.0019285025668094,1.0326225276595744,0.37941947638297874,0.0,0.00018969906914893616,0.00019370632978723407,0.0006061727180851064,0.00011297164893617022,0.009716930212765958,0.0002864362765957447,0.0001807228510638298,0.0,0.0,0.0,0.0,0.0,0.0,0.0
2024-07-19 09:00:08.769230592,0.0898440782927423,0.0920319180174829,0.0025889144650198,1.0326049804232804,0.3791017560846561,0.0,0.00019161154497354495,0.00019593433862433865,0.0006090066666666667,0.00011389838624338623,0.009615610592592593,0.0002881275767195767,0.00018331286243386243,0.0,0.0,0.0,0.0,0.0,0.0,0.0
2024-07-19 12:19:47.555555584,0.1552604993829049,0.0908673653021091,0.0029223508529924,1.0325849111702128,0.37837598840425535,0.0,0.00019025734042553194,0.00019269481914893616,0.0006032888457446809,0.00011428130851063831,0.00963800039893617,0.0002856112819148937,0.00018030588829787231,0.0,0.0,0.0,0.0,0.0,0.0,0.0
2024-07-19 15:23:42.777777408,0.0747121310724878,0.1041691737928632,0.0029553301588416,1.0325662856382978,0.37716254978723396,0.0,0.00018756665957446808,0.000190528505319149,0.0005992216170212766,0.00011358130319148934,0.00961059095212766,0.0002834403670212766,0.0001794547074468085,0.0,0.0,0.0,0.0,0.0,0.0,0.0
2024-07-19 18:29:13.874999808,0.0273650313389453,0.108715124000849,0.0041779708099962,1.0325473526595745,0.3763755327419354,0.0425531914893617,0.00018635385483870966,0.00019035364516129032,0.0006002161451612903,0.000114092188172043,0.009603193462365591,0.00028530941397849463,0.00018154687634408604,0.0425531914893617,0.0425531914893617,0.0425531914893617,0.0425531914893617,0.0425531914893617,0.0425531914893617,0.0425531914893617
2024-07-19 21:58:00.937500160,0.1542550444171411,0.1023411783538676,0.0041521902532892,1.0325259814814813,0.37590225925133697,0.042328042328042326,0.0001843101818181818,0.0001883820802139037,0.0005991240106951872,0.00011457478609625667,0.009627911796791443,0.0002837887860962567,0.00018117690374331547,0.042328042328042326,0.042328042328042326,0.042328042328042326,0.042328042328042326,0.042328042328042326,0.042328042328042326,0.042328042328042326
2024-07-20 00:54:55.263158016,0.1623945860265507,0.1032034779385333,0.0033268286856876,1.0325077603174604,0.3755222856565657,1.9047619047619047,0.0001841886153846154,0.00018837866666666667,0.0006014662051282052,0.00011388582051282053,0.00963001735897436,0.00028323415384615385,0.0001810008205128205,3.1746031746031744,3.1746031746031744,3.1746031746031744,3.1746031746031744,3.1746031746031744,3.1746031746031744,3.1746031746031744
2024-07-20 04:04:57.263158016,0.0590488620441647,0.1151247062365427,0.0033577140050908,1.0325077603174604,0.3755222856565657,1.9047619047619047,0.0001841886153846154,0.00018837866666666667,0.0006014662051282052,0.00011388582051282053,0.00963001735897436,0.00028323415384615385,0.0001810008205128205,3.1746031746031744,3.1746031746031744,3.1746031746031744,3.1746031746031744,3.1746031746031744,3.1746031746031744,3.1746031746031744
2024-07-20 07:12:45.777777920,0.0885481584414833,0.1205910243102677,0.0038946626121301,1.0325077603174604,0.3755222856565657,1.9047619047619047,0.0001841886153846154,0.00018837866666666667,0.0006014662051282052,0.00011388582051282053,0.00963001735897436,0.00028323415384615385,0.0001810008205128205,3.1746031746031744,3.1746031746031744,3.1746031746031744,3.1746031746031744,3.1746031746031744,3.1746031746031744,3.1746031746031744
2024-07-20 10:41:10.384615680,0.184441735019277,0.1132380788446574,0.0032197913463426,1.0325077603174604,0.3755222856565657,1.9047619047619047,0.0001841886153846154,0.00018837866666666667,0.0006014662051282052,0.00011388582051282053,0.00963001735897436,0.00028323415384615385,0.0001810008205128205,3.1746031746031744,3.1746031746031744,3.1746031746031744,3.1746031746031744,3.1746031746031744,3.1746031746031744,3.1746031746031744
2024-07-20 13:35:03.052631296,0.1531077943649279,0.1182486518296085,0.0026153263561667,1.0323686031746033,0.3708496468965517,3.386243386243386,0.00018490234482758624,0.0001829060344827586,0.0005970663793103449,0.00011432372413793102,0.009525072655172415,0.00028224841379310343,0.00018032493103448274,3.386243386243386,3.386243386243386,3.386243386243386,3.386243386243386,3.386243386243386,3.386243386243386,3.386243386243386
2024-07-20 16:36:19.874999808,0.0637365766780817,0.1316347593787948,0.0018605424136277,1.0323686031746033,0.3708496468965517,3.386243386243386,0.00018490234482758624,0.0001829060344827586,0.0005970663793103449,0.00011432372413793102,0.009525072655172415,0.00028224841379310343,0.00018032493103448274,3.386243386243386,3.386243386243386,3.386243386243386,3.386243386243386,3.386243386243386,3.386243386243386,3.386243386243386
2024-07-20 19:50:26.800000512,0.0968222135001042,0.1302501521633854,0.0028828739669055,1.0323686031746033,0.3708496468965517,3.386243386243386,0.00018490234482758624,0.0001829060344827586,0.0005970663793103449,0.00011432372413793102,0.009525072655172415,0.00028224841379310343,0.00018032493103448274,3.386243386243386,3.386243386243386,3.386243386243386,3.386243386243386,3.386243386243386,3.386243386243386,3.386243386243386
2024-07-20 22:55:08.736842240,0.1870844704962451,0.123295981201846,0.0021985459736147,1.0323686031746033,0.3708496468965517,3.386243386243386,0.00018490234482758624,0.0001829060344827586,0.0005970663793103449,0.00011432372413793102,0.009525072655172415,0.00028224841379310343,0.00018032493103448274,3.386243386243386,3.386243386243386,3.386243386243386,3.386243386243386,3.386243386243386,3.386243386243386,3.386243386243386
2024-07-21 02:05:10.631578880,0.1609062132511667,0.1316319507877735,0.0011820244277493,1.0323480857142857,0.3699795839153439,0.0,0.0001846734708994709,0.00018312443915343918,0.0005949258412698413,0.0001143043544973545,0.00947713637037037,0.00028121468783068787,0.00018114649735449735,0.0,0.0,0.0,0.0,0.0,0.0,0.0
2024-07-21 05:15:12.526316032,0.059672208329971,0.1412357839434609,0.0022205391840232,1.03232745,0.36894983622340427,0.0,0.00018382494680851063,0.00018185284574468087,0.0005915654680851063,0.0001139488510638298,0.009416463468085107,0.0002791508936170213,0.00018144225,0.0,0.0,0.0,0.0,0.0,0.0,0.0
2024-07-21 08:22:44.500000000,0.1398495798768522,0.1371546085886822,0.0035576033945334,1.0323070872340425,0.36901827659574465,0.0,0.00018267881914893616,0.00018144311170212765,0.000594125090425532,0.00011400608510638297,0.009331067563829787,0.00028049881914893614,0.00018354027659574467,0.0,0.0,0.0,0.0,0.0,0.0,0.0
2024-07-21 11:38:03.166666496,0.2013844294783666,0.1332076338470336,0.0030055560607016,1.0322856873015873,0.3683948135449736,0.0,0.0001819411587301587,0.00018068131216931216,0.000588283925925926,0.00011112639682539681,0.009356852857142857,0.0002771093068783069,0.00018038857142857145,0.0,0.0,0.0,0.0,0.0,0.0,0.0
2024-07-21 14:45:18.368420608,0.1362551506168188,0.1437671430932841,0.0025688416541695,1.032265049468085,0.3676510034042553,0.0,0.000180818085106383,0.00017964846276595747,0.0005856181063829787,0.00011124515957446807,0.009369617143617021,0.00027614322340425534,0.0001788396436170213,0.0,0.0,0.0,0.0,0.0,0.0,0.0
2024-07-21 17:54:13.611111168,0.0719903635265382,0.1529488593715681,0.0031506536596356,1.032244145744681,0.3676640951063829,0.0,0.00018053180319148936,0.00018191997872340427,0.0005871611117021277,0.00011168150531914893,0.009396762819148937,0.0002781425,0.00018071553191489364,0.0,0.0,0.0,0.0,0.0,0.0,0.0
2024-07-21 21:08:54.117647104,0.1674164666612227,0.1476543625982546,0.0033198415514067,1.0322225142857142,0.3671912681818183,0.042328042328042326,0.00017961167379679149,0.00018221271122994653,0.0005885051871657754,0.00011050039572192512,0.009417990144385028,0.0002756249465240642,0.00017842557754010693,0.042328042328042326,0.042328042328042326,0.042328042328042326,0.042328042328042326,0.042328042328042326,0.042328042328042326,0.042328042328042326
2024-07-22 00:10:24.111111168,0.2133979894654203,0.143151772316593,0.0023367207630454,1.032202215425532,0.3667244912234043,0.0,0.00018022536702127657,0.0001824305638297872,0.0005875355957446808,0.00011036328191489361,0.009431946579787234,0.0002750343829787234,0.00017950131382978723,0.0,0.0,0.0,0.0,0.0,0.0,0.0
2024-07-22 03:15:25.999999744,0.1313864554071528,0.1552298990575921,0.0015502347958578,1.0321814212765956,0.3661639360106383,0.0,0.00018070018085106384,0.00018178157978723406,0.0005866061117021277,0.00011132647340425532,0.009401478388297874,0.0002748466170212766,0.00018241759574468087,0.0,0.0,0.0,0.0,0.0,0.0,0.0
2024-07-22 06:25:27.947368704,0.1017971227234966,0.1603905410236385,0.0026633442683962,1.0321599765957445,0.3655465182978723,0.0,0.0001791757659574468,0.00018027897340425528,0.000580792335106383,0.0001081801170212766,0.009306494340425532,0.000270751085106383,0.0001774512819148936,0.0,0.0,0.0,0.0,0.0,0.0,0.0
2024-07-22 09:37:38.500000000,0.2010101968793378,0.1528289486798301,0.0023507967249589,1.032138195212766,0.36558623260638284,0.0,0.000177514,0.00017859032446808511,0.0005801971755319149,0.0001071919414893617,0.009220876776595745,0.00027128870212765957,0.00017830085106382979,0.0,0.0,0.0,0.0,0.0,0.0,0.0
2024-07-22 12:45:31.842105088,0.2161845251177965,0.1543285388742062,0.0018096355180479,1.0321167627659575,0.3652192649468085,0.0,0.00017653147340425534,0.00017784424468085107,0.0005798047712765957,0.00011006045212765957,0.009303171074468085,0.00026978944680851064,0.00017873596276595747,0.0,0.0,0.0,0.0,0.0,0.0,0.0
2024-07-22 15:54:27.055555328,0.1182560124431688,0.1661617704978434,0.0009997222604875,1.0320951015957447,0.3652791750531914,0.0,0.00017621133510638297,0.00017623715425531917,0.0005777341170212767,0.00011091601063829785,0.009314240031914894,0.00026977366489361706,0.0001775502021276596,0.0,0.0,0.0,0.0,0.0,0.0,0.0
2024-07-22 19:06:50.437499904,0.1023725395895667,0.1697445992861092,0.0026248414671286,1.0320729370370372,0.36488723155080216,0.042328042328042326,0.0001732084010695187,0.000171632128342246,0.0005701325026737968,0.00011119054545454546,0.009282948064171122,0.00026930271122994654,0.0001780942834224599,0.042328042328042326,0.042328042328042326,0.042328042328042326,0.042328042328042326,0.042328042328042326,0.042328042328042326,0.042328042328042326
2024-07-22 22:19:30.000000000,0.2166878559629594,0.1608794505708077,0.0019435913162358,1.0320506563829788,0.3649028139361702,0.0,0.0001715473829787234,0.00016971660106382977,0.0005694511223404256,0.00011230187765957447,0.009303633489361703,0.0002704788510638298,0.00017311778723404255,0.0,0.0,0.0,0.0,0.0,0.0,0.0
2024-07-23 01:30:05.166666752,0.2069379254354544,0.1627652635354348,0.000645154360815,1.0320285031746028,0.36436217,0.0,0.0001694260846560846,0.00016990708994708994,0.0005670926560846562,0.00010985229100529101,0.009288457513227514,0.0002687876613756614,0.0001708070687830688,0.0,0.0,0.0,0.0,0.0,0.0,0.0
2024-07-23 04:30:40.333333248,0.1030837290088584,0.1721210327541878,0.0002999025394278,1.0320074021276595,0.36461960499999996,0.0,0.0001689199840425532,0.0001698032180851064,0.0005707949840425532,0.00010991085638297871,0.00932108990425532,0.0002706898563829787,0.00017318953191489364,0.0,0.0,0.0,0.0,0.0,0.0,0.0
2024-07-23 07:26:56.937500160,0.155749823143708,0.1696058744139376,0.0012854892596884,1.031986671957672,0.364655824973545,0.0,0.00016881039153439153,0.00017069633333333331,0.0005667331904761905,0.00010869879894179896,0.009226254301587302,0.0002682987671957672,0.00017189498412698413,0.0,0.0,0.0,0.0,0.0,0.0,0.0
2024-07-23 10:46:19.588235264,0.2258223746338217,0.159976099803561,0.0004854894769455,1.0319631255319148,0.36476377031914897,0.0,0.0001676377819148936,0.00016876653723404253,0.000564223085106383,0.0001084079414893617,0.00918167360638298,0.0002687506436170213,0.00017245957978723406,0.0,0.0,0.0,0.0,0.0,0.0,0.0
2024-07-23 13:55:47.052631552,0.2139932409086782,0.1653806334545563,-0.000178288055513,1.0319407095744682,0.3648193832978724,0.0,0.00016735239361702125,0.00016855890425531922,0.0005633847553191489,0.00010878666489361701,0.009246905021276597,0.0002699319680851064,0.00017518426063829789,0.0,0.0,0.0,0.0,0.0,0.0,0.0
2024-07-23 17:07:41.500000000,0.0981510561665004,0.1748258549548696,-0.0006309141171637,1.0319178175531916,0.3644873645212766,0.0,0.00016584356382978724,0.00016674569680851062,0.0005615296861702127,0.00010870788829787233,0.009246322632978723,0.0002683542925531915,0.0001750769308510638,0.0,0.0,0.0,0.0,0.0,0.0,0.0
2024-07-23 20:21:11.066666496,0.1559020239473056,0.1706986948781657,0.0005904459219695,1.031894635978836,0.36435375759358285,0.042328042328042326,0.00016467108021390377,0.0001658202834224599,0.0005593077379679145,0.00010782713368983955,0.009253789229946525,0.000267909550802139,0.00017281940106951874,0.042328042328042326,0.042328042328042326,0.042328042328042326,0.042328042328042326,0.042328042328042326,0.042328042328042326,0.042328042328042326
2024-07-23 23:25:52.842105088,0.2234221225672854,0.1600990692748015,-0.0013637342968087,1.0318723687830689,0.36442336878306875,0.0,0.000164954455026455,0.00016598751322751323,0.0005582893121693122,0.0001087351746031746,0.009262674317460317,0.00026893493650793655,0.00017619307407407405,0.0,0.0,0.0,0.0,0.0,0.0,0.0
2024-07-24 02:35:54.736842240,0.1683131384560852,0.165991817081262,-0.002910795255893,1.0318493883597883,0.36408959809523805,0.0,0.00016372167195767196,0.0001651452222222222,0.0005554838306878308,0.00010835043386243386,0.009258941534391534,0.0002672751269841269,0.0001731191746031746,0.0,0.0,0.0,0.0,0.0,0.0,0.0
2024-07-24 05:45:56.736842240,0.0909974551829009,0.1698775663781606,-0.0019770451241903,1.0318262772486773,0.3648726397883597,0.0,0.00016489458730158728,0.00016413904232804232,0.0005576058994708994,0.00011037274074074074,0.009268946058201059,0.000270655708994709,0.00017543580423280426,0.0,0.0,0.0,0.0,0.0,0.0,0.0
2024-07-24 08:59:49.538461440,0.1885149499061071,0.1599268512013797,-0.0022455796102634,1.031802564021164,0.36549222084656086,0.0,0.0001629817619047619,0.00016235948148148147,0.0005631768042328042,0.00011266843386243387,0.009198615121693123,0.00027325147089947086,0.0001771750529100529,0.0,0.0,0.0,0.0,0.0,0.0,0.0
2024-07-24 12:01:00.500000000,0.2251604190936404,0.1514878079157273,-0.0020004274678789,1.0317803285714284,0.36544357264550265,0.0,0.00016155506349206352,0.00016140384656084658,0.0005589193597883599,0.0001107805291005291,0.009268542391534391,0.0002707823650793651,0.0001747293597883598,0.0,0.0,0.0,0.0,0.0,0.0,0.0
2024-07-24 14:54:02.266666752,0.1630347749658085,0.1630383139083339,-0.0008599785959923,1.0317589724867724,0.36548838877005346,0.042328042328042326,0.00016105686096256684,0.00016155926737967916,0.0005567827219251337,0.00010909082352941178,0.009295398310160428,0.0002704860427807487,0.0001740480695187166,0.042328042328042326,0.042328042328042326,0.042328042328042326,0.042328042328042326,0.042328042328042326,0.042328042328042326,0.042328042328042326
2024-07-24 18:17:19.187500032,0.0691427925917196,0.1651456042256165,-0.000466589171516,1.0317337319148936,0.36558643792553186,0.0,0.00016095907446808512,0.0001623396489361702,0.0005620398829787234,0.00011200376063829786,0.009341711824468087,0.00027264306382978725,0.000177491664893617,0.0,0.0,0.0,0.0,0.0,0.0,0.0
2024-07-24 21:29:59.333332992,0.1796894504928445,0.1538562206094105,-0.0011422879826279,1.0317097227513228,0.36492481201342286,0.8465608465608465,0.0001586150536912752,0.0001605475503355705,0.0005595365838926174,0.000109217644295302,0.009333905516778523,0.00027119981879194626,0.0001714584966442953,0.8465608465608465,0.8465608465608465,0.8465608465608465,0.8465608465608465,0.8465608465608465,0.8465608465608465,0.8465608465608465
2024-07-25 00:39:27.777778176,0.2062645640033906,0.1461980361495857,-0.0033917300477904,1.0316859361702126,0.36494209648936166,0.0,0.00015892897872340424,0.0001614190053191489,0.0005641994308510637,0.00011029181382978723,0.009360624335106383,0.00027502775,0.0001725482340425532,0.0,0.0,0.0,0.0,0.0,0.0,0.0
2024-07-25 03:45:02.833333248,0.0964630773356702,0.154210436990647,-0.0039007426135273,1.0316625544973546,0.3645588134391534,0.0,0.00015881933333333333,0.00016146999999999998,0.0005590046455026455,0.00010927152910052911,0.009331408846560845,0.0002726267513227513,0.00017118811111111116,0.0,0.0,0.0,0.0,0.0,0.0,0.0
2024-07-25 06:41:31.199999744,0.1042856781951968,0.15309870069617,-0.0019268786743417,1.0316402015957447,0.3647157692553192,0.0,0.00015943448936170214,0.00015946525,0.0005600276223404256,0.00010801207446808511,0.009295274755319148,0.0002740697553191489,0.0001723083670212766,0.0,0.0,0.0,0.0,0.0,0.0,0.0
2024-07-25 10:11:12.999999744,0.248307634070386,0.1411693663611073,-0.0018921849324064,1.0316134675531914,0.3647493786170212,0.0,0.00015763951063829787,0.0001568929414893617,0.000559061085106383,0.00010759027127659576,0.009212210627659574,0.0002737248723404255,0.00017194078191489357,0.0,0.0,0.0,0.0,0.0,0.0,0.0
2024-07-25 13:16:15.842105344,0.1832967980719786,0.1383360698042723,-0.001544639985,1.0315897946808512,0.3644835141489362,0.0,0.00015789903723404256,0.00015753027127659574,0.0005577670425531914,0.00010936852127659574,0.009280565510638298,0.0002721711329787234,0.0001720659734042553,0.0,0.0,0.0,0.0,0.0,0.0,0.0
2024-07-25 16:21:17.666666752,0.0766601355566081,0.1486578985318636,-0.0020633760455003,1.0315659893617022,0.3640413782446808,0.0,0.00015735202127659575,0.00015665210638297872,0.0005557684308510638,0.00010913047872340424,0.009270234164893618,0.0002714151382978723,0.00017234434574468085,0.0,0.0,0.0,0.0,0.0,0.0,0.0
2024-07-25 19:24:59.533333248,0.0687567404783635,0.1466818388274759,-0.0006937193501678,1.0315422608465605,0.3634513088770054,0.042328042328042326,0.0001569342513368984,0.00015778287700534758,0.0005540797005347594,0.000108080192513369,0.009248579598930481,0.0002706446470588236,0.00017055703208556148,0.042328042328042326,0.042328042328042326,0.042328042328042326,0.042328042328042326,0.042328042328042326,0.042328042328042326,0.042328042328042326
2024-07-25 22:36:21.473684480,0.195158666116697,0.1356123891792829,-0.0011818602582566,1.031517371276596,0.36297126239361704,0.0,0.0001572,0.0001573106755319149,0.0005554039468085107,0.00010776562234042553,0.009259297771276596,0.00027075321276595746,0.00017024680319148935,0.0,0.0,0.0,0.0,0.0,0.0,0.0
2024-07-26 01:46:23.368420864,0.174062378077906,0.1397429803659432,-0.0022079863099459,1.0314925335106382,0.3631403238829788,0.0,0.00015830855319148935,0.00015602062234042552,0.0005626055531914893,0.00010867040957446808,0.00931695869680851,0.0002741279521276596,0.00016921906382978723,0.0,0.0,0.0,0.0,0.0,0.0,0.0
2024-07-26 04:56:25.315789312,0.0700790727378262,0.1475652971184594,-0.0013882292853495,1.031467565425532,0.36251046537234044,0.0,0.00015625090425531915,0.0001534850744680851,0.0005570729255319149,0.00010668081914893617,0.009252519521276594,0.0002717734414893617,0.0001711320159574468,0.0,0.0,0.0,0.0,0.0,0.0,0.0
2024-07-26 07:55:12.062500096,0.1262019197269523,0.1373112532326235,0.0014130616887155,1.031443925531915,0.36288450750000006,0.0,0.00015525927659574467,0.00015339341489361703,0.0005612316010638297,0.00010806805851063829,0.009186776079787233,0.0002733400265957447,0.0001725753563829787,0.0,0.0,0.0,0.0,0.0,0.0,0.0
2024-07-26 11:19:15.666666496,0.2033265660504071,0.1286320873274943,0.0009781009321855,1.031416830319149,0.36326783,0.0,0.0001557166489361702,0.0001543162340425532,0.0005655791648936171,0.00010764910638297872,0.009241081888297871,0.00027508973404255315,0.00017067973936170212,0.0,0.0,0.0,0.0,0.0,0.0,0.0
2024-07-26 14:26:30.947368448,0.1540006743358049,0.1360832156789709,0.0004591593848979,1.0313918563829787,0.3631736168617021,0.0,0.00015353322872340428,0.00015586025531914892,0.0005647848510638298,0.0001075496489361702,0.009289481367021277,0.0002731255053191489,0.0001713631117021277,0.0,0.0,0.0,0.0,0.0,0.0,0.0
2024-07-26 17:33:36.352941312,0.0623617185768807,0.146522808247902,0.0001242365429679,1.031366739361702,0.3623017409042554,0.0,0.00015311655319148935,0.00015538542553191487,0.000561960494680851,0.00010747079255319148,0.009253506010638296,0.0002703308989361702,0.0001709712765957447,0.0,0.0,0.0,0.0,0.0,0.0,0.0
2024-07-26 20:55:24.235294208,0.1501607627622547,0.138789709202128,0.0002840410854072,1.0313394664893618,0.36226617456989246,0.0425531914893617,0.0001531077741935484,0.00015295949462365593,0.0005636182903225806,0.00010873990860215053,0.009256977150537636,0.00027145509139784945,0.000171499811827957,0.0425531914893617,0.0425531914893617,0.0425531914893617,0.0425531914893617,0.0425531914893617,0.0425531914893617,0.0425531914893617
2024-07-26 23:51:36.666666752,0.2059757959779062,0.1295441740559183,-0.0011588547718413,1.031315570212766,0.3625097580319149,0.0,0.00015273209042553188,0.0001510211010638298,0.0005656265904255319,0.00011028609042553192,0.00930628030319149,0.00027354993085106387,0.0001707814255319149,0.0,0.0,0.0,0.0,0.0,0.0,0.0
2024-07-27 02:56:38.526315520,0.1150050635545198,0.1363177612457075,-0.0025033960703668,1.0312903207446806,0.36394762829787236,0.0,0.00015392392021276597,0.0001555349680851064,0.0005816226436170213,0.00011125470744680852,0.009418340670212764,0.0002812598404255319,0.00017529586170212768,0.0,0.0,0.0,0.0,0.0,0.0,0.0
2024-07-27 06:06:40.473684480,0.0704676413052993,0.1399145908852119,-0.0016844577619188,1.0312642420212765,0.36427918707446805,0.0,0.0001546178244680851,0.00015850624468085106,0.000586655494680851,0.00011282077127659574,0.009405722159574468,0.0002846880478723405,0.00017507559574468084,0.0,0.0,0.0,0.0,0.0,0.0,0.0
2024-07-27 09:00:20.454545664,0.1735248041258046,0.1283472446594767,-0.0021124650611486,1.0312402287234044,0.3632908660106383,0.0,0.0001538447659574468,0.00015689494680851064,0.000575629920212766,0.00010945195744680851,0.009214867329787234,0.0002783041329787234,0.00017171153723404255,0.0,0.0,0.0,0.0,0.0,0.0,0.0
2024-07-27 12:36:04.333333248,0.2044714438744677,0.123420365753969,-0.002391596758057,1.0312103121693121,0.36308819814814813,0.0,0.00015337644973544972,0.00015355003174603174,0.0005659834708994708,0.00010816757671957674,0.009245168074074075,0.0002735201058201058,0.00017001930158730156,0.0,0.0,0.0,0.0,0.0,0.0,0.0
2024-07-27 15:36:46.263157760,0.0946283785216337,0.1310968944251709,-0.0034629878401911,1.031185109574468,0.36322657861702123,0.0,0.00015142116489361704,0.0001488785585106383,0.0005592814468085106,0.00010809921808510638,0.009230582074468086,0.0002719837021276596,0.00016861719148936172,0.0,0.0,0.0,0.0,0.0,0.0,0.0
2024-07-27 18:52:08.266667008,0.0538704211771801,0.130947863704928,-0.0021651532676463,1.0311576571428571,0.3649303229411765,0.042328042328042326,0.00015226805882352943,0.00014791045989304813,0.0005817195080213904,0.00011122523529411765,0.00939609273262032,0.00028370847593582886,0.0001721962727272727,0.042328042328042326,0.042328042328042326,0.042328042328042326,0.042328042328042326,0.042328042328042326,0.042328042328042326,0.042328042328042326
2024-07-27 21:58:05.249999872,0.158135706205087,0.1170466645989581,-0.0027636720078493,1.0311313915343914,0.36467803534391535,0.0,0.00015114943915343914,0.00014911666666666667,0.0005763325661375661,0.00010914497354497353,0.00940925119047619,0.0002789279523809524,0.00016893144444444442,0.0,0.0,0.0,0.0,0.0,0.0,0.0
2024-07-28 01:06:52.052631296,0.1729607050405093,0.1116637582245735,-0.0052164605286168,1.0311045994708996,0.366485897936508,0.0,0.0001519303544973545,0.0001504383650793651,0.0005968404021164021,0.00011511566666666667,0.009531782804232804,0.0002923556772486772,0.00017673746031746034,0.0,0.0,0.0,0.0,0.0,0.0,0.0
2024-07-28 04:11:53.999999744,0.0529510651158489,0.1180120897986573,-0.0054383267768148,1.0310781735449737,0.36645664830687835,0.0,0.00015015237566137567,0.00015306543386243385,0.0005960815925925924,0.00011200224867724866,0.009533133640211642,0.00028909387301587306,0.00016902175132275132,0.0,0.0,0.0,0.0,0.0,0.0,0.0
2024-07-28 07:14:09.166666752,0.0899512485642048,0.1118881967223396,-0.0040976585004404,1.0310520407407409,0.3658574078306878,0.0,0.0001491003015873016,0.0001529202275132275,0.0005844980846560847,0.0001101818783068783,0.00938138816931217,0.00028471052380952384,0.00016564662962962964,0.0,0.0,0.0,0.0,0.0,0.0,0.0
2024-07-28 10:34:57.799999744,0.1621565913025051,0.0964538335450872,-0.0040992964941108,1.0310229984126986,0.36693652084656087,0.0,0.00015083351322751323,0.0001540940529100529,0.0005947026190476191,0.00011275720105820106,0.0093590094021164,0.00029156286243386243,0.00017054153439153443,0.0,0.0,0.0,0.0,0.0,0.0,0.0
2024-07-28 13:36:59.631579136,0.1482233633990972,0.095551814970017,-0.004616265527959,1.0309965486772485,0.3682949931746032,0.0,0.00015227647619047617,0.00015720898412698416,0.000608647560846561,0.00011403398412698411,0.009563442862433862,0.0002962888624338624,0.0001727715767195767,0.0,0.0,0.0,0.0,0.0,0.0,0.0
2024-07-28 16:45:21.500000000,0.0252602076002972,0.1043823190679299,-0.0038090061854847,1.0309689957446808,0.36692524968085105,0.0,0.0001503960904255319,0.00015498405319148937,0.0005932436755319148,0.00010986861170212766,0.009477463632978723,0.0002847681436170213,0.00016906749999999994,0.0,0.0,0.0,0.0,0.0,0.0,0.0
2024-07-28 19:54:54.785714176,0.0450272806875204,0.0985304478829964,-0.0024774233263736,1.0309411365079364,0.36675809919786095,0.042328042328042326,0.00014987303743315507,0.00015379967379679146,0.0005944327326203208,0.00011062668449197862,0.00948793477540107,0.0002831473903743316,0.0001674676524064171,0.042328042328042326,0.042328042328042326,0.042328042328042326,0.042328042328042326,0.042328042328042326,0.042328042328042326,0.042328042328042326
2024-07-28 23:07:05.052631296,0.1529959517683892,0.0851666308631619,-0.0028883265379089,1.030912726984127,0.36673336322751326,0.0,0.000150263,0.00015664520105820106,0.0005883797513227513,0.00011041964021164021,0.009487830132275131,0.0002804090687830688,0.00016660451851851853,0.0,0.0,0.0,0.0,0.0,0.0,0.0
2024-07-29 02:21:33.611111424,0.0939141941336743,0.0893753153171963,-0.0033857164681308,1.0308837372340425,0.36756155893617026,0.0,0.0001513518085106383,0.00015589957978723402,0.0006010691861702127,0.0001141183085106383,0.009561032835106384,0.00028900474468085104,0.0001710629255319149,0.0,0.0,0.0,0.0,0.0,0.0,0.0
2024-07-29 05:27:08.736842240,0.0038247225701866,0.0929304456360481,-0.0018209510995508,1.0308559777777777,0.3666312966666666,0.0,0.00014961393121693122,0.0001566325132275132,0.0005907467830687832,0.0001114084074074074,0.009490960767195768,0.0002814970105820106,0.0001676118941798942,0.0,0.0,0.0,0.0,0.0,0.0,0.0
2024-07-29 08:32:10.214285824,0.0829021370457212,0.0830754633594429,-0.0010997902419204,1.0308281317460317,0.3661992414814815,0.0,0.0001491792962962963,0.00015593345502645502,0.0005832766878306879,0.00010887070899470899,0.009300672238095237,0.0002791798201058201,0.00016666047089947085,0.0,0.0,0.0,0.0,0.0,0.0,0.0
2024-07-29 11:48:27.937500160,0.1686669744500477,0.0728300870574291,-0.0008372443685224,1.030798375,0.3673052833510638,0.0,0.00015033359042553192,0.0001547200159574468,0.0005970772287234043,0.0001138195904255319,0.009459027888297871,0.00028872138829787235,0.00017629979255319147,0.0,0.0,0.0,0.0,0.0,0.0,0.0
2024-07-29 14:47:14.947368704,0.0820613808009511,0.0817050734695061,-0.0004315272959988,1.0307711117021277,0.36768293367021276,0.0,0.00015010977659574468,0.0001568623244680851,0.0006055977765957447,0.0001135792074468085,0.009577740361702128,0.0002903888085106383,0.00017440980319148935,0.0,0.0,0.0,0.0,0.0,0.0,0.0
2024-07-29 17:55:36.944444416,-0.0007689162173392,0.0882720871970395,-0.0002369351829121,1.030742315957447,0.36629796659574465,0.0,0.00014737897872340423,0.00015465802127659573,0.0005905043510638297,0.0001114279840425532,0.009480496675531915,0.0002815943138297872,0.00017183808510638296,0.0,0.0,0.0,0.0,0.0,0.0,0.0
2024-07-29 21:14:57.764705792,0.1076639630182967,0.0787178854358697,0.0002915401031115,1.0307115719576718,0.3663074363636363,0.042328042328042326,0.00014789785026737967,0.0001546201657754011,0.0005889635668449198,0.00011372566310160428,0.00947122392513369,0.00028290464171122994,0.00017121012299465242,0.042328042328042326,0.042328042328042326,0.042328042328042326,0.042328042328042326,0.042328042328042326,0.042328042328042326,0.042328042328042326
2024-07-30 00:17:20.736842240,0.1361679427092781,0.0744839605368777,-0.0004375485180419,1.030683310106383,0.3658203882446809,0.0,0.00014751530851063831,0.00015346769148936171,0.0005865308829787234,0.00011347680319148937,0.009470253404255318,0.00028222214361702127,0.0001713272340425532,0.0,0.0,0.0,0.0,0.0,0.0,0.0
2024-07-30 03:27:22.736842240,0.0340418217066371,0.0850861319471723,-0.0009408491969649,1.030653704787234,0.3652438830319149,0.0,0.00014807188829787235,0.00015550988829787234,0.0005832296542553191,0.0001121915585106383,0.009437008686170213,0.0002812702925531915,0.00017086667021276591,0.0,0.0,0.0,0.0,0.0,0.0,0.0
2024-07-30 06:37:24.631578880,0.0150334714729183,0.0888514121750614,0.0005168426934552,1.0306238984042553,0.36517791164893615,0.0,0.0001495191170212766,0.0001577197074468085,0.0005813122925531916,0.00011262164361702128,0.009351009473404255,0.0002811906063829787,0.00017041219148936171,0.0,0.0,0.0,0.0,0.0,0.0,0.0
2024-07-30 09:51:17.384615168,0.1406350309572985,0.0768652316732614,0.0010810197837542,1.0305932781914893,0.3645436154787234,0.0,0.00014849543085106382,0.00015546657978723406,0.000573908159574468,0.00011145987234042551,0.009176207824468086,0.00027894038829787235,0.00017038073936170216,0.0,0.0,0.0,0.0,0.0,0.0,0.0
2024-07-30 12:57:28.526316032,0.1303984591454536,0.0748664784692454,0.000595564776868,1.0305637430851065,0.3656608275531915,0.0,0.00014919642021276596,0.00015740588297872342,0.0005796677127659574,0.00011280221808510639,0.00934221389893617,0.00028325762234042553,0.00017490355319148938,0.0,0.0,0.0,0.0,0.0,0.0,0.0
2024-07-30 16:02:30.444444672,0.0287913288731829,0.0855447969253584,-0.0002305412195537,1.0305342053191489,0.36591706760638293,0.0,0.00015155179255319152,0.00015927390957446808,0.0005818369468085106,0.00011410188829787234,0.009370813335106384,0.00028544825531914896,0.00017660168085106384,0.0,0.0,0.0,0.0,0.0,0.0,0.0
2024-07-30 19:12:32.249999872,0.0388731704467772,0.084888550425813,0.0010681507158509,1.0305036819148936,0.36622567196808514,0.0,0.00015421992021276597,0.00016342512765957445,0.0005928332127659575,0.00011876598404255318,0.00942319460638298,0.0002882489361702128,0.00018202545744680853,0.0,0.0,0.0,0.0,0.0,0.0,0.0
2024-07-30 22:17:34.210525952,0.1416529509040174,0.0714790538241083,-0.0010159626646321,1.0304737909574466,0.3659371676344087,0.0425531914893617,0.00015514470967741936,0.0001658534247311828,0.0005917006397849462,0.00011575777956989248,0.009427529021505376,0.00028694740860215056,0.00017734053225806453,0.0425531914893617,0.0425531914893617,0.0425531914893617,0.0425531914893617,0.0425531914893617,0.0425531914893617,0.0425531914893617
2024-07-31 01:27:36.157894912,0.1318507800082784,0.0723726087418517,-0.0033070985654186,1.0304429228723404,0.366626892393617,0.0,0.00015534575531914895,0.00016649055319148937,0.000588663005319149,0.00011614015957446808,0.009433293638297872,0.0002914734574468085,0.00018277177659574466,0.0,0.0,0.0,0.0,0.0,0.0,0.0
2024-07-31 04:37:38.052631552,0.012846627926649,0.0819655146660019,-0.0032915058314209,1.030411859574468,0.3666929277659575,0.0,0.00015531992021276597,0.00016620028723404257,0.0005878047925531915,0.00011711236702127658,0.009404551968085107,0.00029110517553191485,0.00018282619148936175,0.0,0.0,0.0,0.0,0.0,0.0,0.0
2024-07-31 07:22:39.642857472,0.0560775891487423,0.0761554436609055,-0.0015908565270839,1.0303847287234043,0.3665795076595745,0.0,0.0001564210744680851,0.00016669019680851061,0.0005932068138297872,0.00011787909574468083,0.00931375895744681,0.00029206156382978726,0.00018364733510638294,0.0,0.0,0.0,0.0,0.0,0.0,0.0
2024-07-31 11:15:02.133333248,0.1380492237121302,0.0662982906362816,-0.001940849574455,1.0303462666666665,0.3660607875132275,0.0,0.00015732837566137569,0.00017142414285714283,0.000584121783068783,0.00011569686243386243,0.00923773080952381,0.000284592037037037,0.00018039238095238095,0.0,0.0,0.0,0.0,0.0,0.0,0.0
2024-07-31 14:07:43.842105344,0.0991327585242061,0.0724924086080398,-0.0019652962839228,1.03031755106383,0.36618722319148933,0.0,0.00016046325531914897,0.00017350340425531917,0.0005869696489361701,0.00011901538829787234,0.00929326629787234,0.0002866873670212766,0.00018258629255319151,0.0,0.0,0.0,0.0,0.0,0.0,0.0
2024-07-31 17:30:25.933333248,-0.0381555131128834,0.0815329481217234,-0.0004921535038629,1.0302835574468086,0.366453864893617,0.0,0.00015870176063829787,0.00017177432446808513,0.0005830489042553191,0.00011976842021276596,0.009303488324468085,0.0002857671968085106,0.00018393909574468086,0.0,0.0,0.0,0.0,0.0,0.0,0.0
2024-07-31 20:35:55.312500224,0.0456580356373024,0.0755475232504592,0.0012369503214734,1.0302523063492064,0.3661648105442177,0.8888888888888888,0.00015868038775510203,0.00017270765986394557,0.0005831122448979592,0.00011834959183673469,0.009300318700680273,0.00028554531972789114,0.00018307196598639454,0.8888888888888888,0.8888888888888888,0.8888888888888888,0.8888888888888888,0.8888888888888888,0.8888888888888888,0.8888888888888888
2024-07-31 23:32:49.555555584,0.1397412484868709,0.0651614446708252,0.0008074349843316,1.0302280958677685,0.3655811639669422,0.0,0.00016049203305785125,0.00017462806611570245,0.0005828350661157024,0.00011649688429752067,0.009282587256198347,0.0002827617685950413,0.00017995377685950414,0.0,0.0,0.0,0.0,0.0,0.0,0.0
2024-08-01 02:37:51.473684224,0.0651041078910452,0.0743804750805408,0.0010216753924828,1.0302280958677685,0.3655811639669422,0.0,0.00016049203305785125,0.00017462806611570245,0.0005828350661157024,0.00011649688429752067,0.009282587256198347,0.0002827617685950413,0.00017995377685950414,0.0,0.0,0.0,0.0,0.0,0.0,0.0
2024-08-01 05:47:53.473684224,0.0022554698253429,0.0808393757176522,0.0024824266704021,1.0302280958677685,0.3655811639669422,0.0,0.00016049203305785125,0.00017462806611570245,0.0005828350661157024,0.00011649688429752067,0.009282587256198347,0.0002827617685950413,0.00017995377685950414,0.0,0.0,0.0,0.0,0.0,0.0,0.0
2024-08-01 09:01:29.714286080,0.1093148625060393,0.072956148972843,0.003190318636518,1.0302280958677685,0.3655811639669422,0.0,0.00016049203305785125,0.00017462806611570245,0.0005828350661157024,0.00011649688429752067,0.009282587256198347,0.0002827617685950413,0.00017995377685950414,0.0,0.0,0.0,0.0,0.0,0.0,0.0
2024-08-01 12:07:57.315789568,0.1564001841246636,0.0682066741020959,0.0030245872312952,1.0302280958677685,0.3655811639669422,0.0,0.00016049203305785125,0.00017462806611570245,0.0005828350661157024,0.00011649688429752067,0.009282587256198347,0.0002827617685950413,0.00017995377685950414,0.0,0.0,0.0,0.0,0.0,0.0,0.0
2024-08-01 15:17:59.263158016,0.0638424275775833,0.0806378007358935,0.0007549138447099,1.0302280958677685,0.3655811639669422,0.0,0.00016049203305785125,0.00017462806611570245,0.0005828350661157024,0.00011649688429752067,0.009282587256198347,0.0002827617685950413,0.00017995377685950414,0.0,0.0,0.0,0.0,0.0,0.0,0.0
2024-08-01 18:26:41.199999744,-0.0031682415269642,0.0874352102287791,0.0011695346917615,1.0302280958677685,0.3655811639669422,0.0,0.00016049203305785125,0.00017462806611570245,0.0005828350661157024,0.00011649688429752067,0.009282587256198347,0.0002827617685950413,0.00017995377685950414,0.0,0.0,0.0,0.0,0.0,0.0,0.0
2024-08-01 21:51:10.812499968,0.1326940232529523,0.0776776493705798,0.0007238684852541,1.0302280958677685,0.3655811639669422,0.0,0.00016049203305785125,0.00017462806611570245,0.0005828350661157024,0.00011649688429752067,0.009282587256198347,0.0002827617685950413,0.00017995377685950414,0.0,0.0,0.0,0.0,0.0,0.0,0.0
2024-08-02 00:48:05.052631552,0.1400432974311911,0.0732262643013803,-0.0020819780786552,1.0302280958677685,0.3655811639669422,0.0,0.00016049203305785125,0.00017462806611570245,0.0005828350661157024,0.00011649688429752067,0.009282587256198347,0.0002827617685950413,0.00017995377685950414,0.0,0.0,0.0,0.0,0.0,0.0,0.0
2024-08-02 03:53:06.888889088,0.0355672760296101,0.0845238797462264,-0.002309485350581,1.0302280958677685,0.3655811639669422,0.0,0.00016049203305785125,0.00017462806611570245,0.0005828350661157024,0.00011649688429752067,0.009282587256198347,0.0002827617685950413,0.00017995377685950414,0.0,0.0,0.0,0.0,0.0,0.0,0.0
2024-08-02 06:50:29.882352896,0.0373895852044938,0.0853121343595786,-0.0002008774620148,1.0302280958677685,0.3655811639669422,0.0,0.00016049203305785125,0.00017462806611570245,0.0005828350661157024,0.00011649688429752067,0.009282587256198347,0.0002827617685950413,0.00017995377685950414,0.0,0.0,0.0,0.0,0.0,0.0,0.0
2024-08-02 10:10:24.111111168,0.1234491331264848,0.0745675060125344,0.0002719996581865,1.0302280958677685,0.3655811639669422,0.0,0.00016049203305785125,0.00017462806611570245,0.0005828350661157024,0.00011649688429752067,0.009282587256198347,0.0002827617685950413,0.00017995377685950414,0.0,0.0,0.0,0.0,0.0,0.0,0.0
2024-08-02 13:18:12.631578880,0.1340243590448153,0.0782806694387239,0.0010972783811997,1.0302280958677685,0.3655811639669422,0.0,0.00016049203305785125,0.00017462806611570245,0.0005828350661157024,0.00011649688429752067,0.009282587256198347,0.0002827617685950413,0.00017995377685950414,0.0,0.0,0.0,0.0,0.0,0.0,0.0
2024-08-02 16:28:14.526315520,0.0128929573302798,0.0914668809473631,0.0009307325302102,1.0302280958677685,0.3655811639669422,0.0,0.00016049203305785125,0.00017462806611570245,0.0005828350661157024,0.00011649688429752067,0.009282587256198347,0.0002827617685950413,0.00017995377685950414,0.0,0.0,0.0,0.0,0.0,0.0,0.0
2024-08-02 19:41:07.857143296,0.0072361019914524,0.0890671221855847,0.0028470603684187,1.0302280958677685,0.3655811639669422,0.0,0.00016049203305785125,0.00017462806611570245,0.0005828350661157024,0.00011649688429752067,0.009282587256198347,0.0002827617685950413,0.00017995377685950414,0.0,0.0,0.0,0.0,0.0,0.0,0.0
2024-08-02 22:48:18.368421120,0.1491244706083421,0.0780525017342702,0.001767664121113,1.0302280958677685,0.3655811639669422,0.0,0.00016049203305785125,0.00017462806611570245,0.0005828350661157024,0.00011649688429752067,0.009282587256198347,0.0002827617685950413,0.00017995377685950414,0.0,0.0,0.0,0.0,0.0,0.0,0.0
2024-08-03 01:58:20.263158016,0.1195621724796183,0.0832368300810256,0.000954860147961,1.0302280958677685,0.3655811639669422,0.0,0.00016049203305785125,0.00017462806611570245,0.0005828350661157024,0.00011649688429752067,0.009282587256198347,0.0002827617685950413,0.00017995377685950414,0.0,0.0,0.0,0.0,0.0,0.0,0.0
2024-08-03 05:08:22.263157760,0.0167200156130888,0.0924705172365459,0.0016373514377174,1.0302280958677685,0.3655811639669422,0.0,0.00016049203305785125,0.00017462806611570245,0.0005828350661157024,0.00011649688429752067,0.009282587256198347,0.0002827617685950413,0.00017995377685950414,0.0,0.0,0.0,0.0,0.0,0.0,0.0
2024-08-03 08:18:24.000000000,0.1121135521180463,0.0881314639588901,0.0019905154537177,1.0302280958677685,0.3655811639669422,0.0,0.00016049203305785125,0.00017462806611570245,0.0005828350661157024,0.00011649688429752067,0.009282587256198347,0.0002827617685950413,0.00017995377685950414,0.0,0.0,0.0,0.0,0.0,0.0,0.0
2024-08-03 11:28:26.062499840,0.1682525080853452,0.08047412608596,0.0019868631571709,1.0302280958677685,0.3655811639669422,0.0,0.00016049203305785125,0.00017462806611570245,0.0005828350661157024,0.00011649688429752067,0.009282587256198347,0.0002827617685950413,0.00017995377685950414,0.0,0.0,0.0,0.0,0.0,0.0,0.0
2024-08-03 14:28:27.947368448,0.101497159349833,0.0930565616043981,0.0025521091825244,1.0302280958677685,0.3655811639669422,0.0,0.00016049203305785125,0.00017462806611570245,0.0005828350661157024,0.00011649688429752067,0.009282587256198347,0.0002827617685950413,0.00017995377685950414,0.0,0.0,0.0,0.0,0.0,0.0,0.0
2024-08-03 17:34:22.764705792,-0.0031467684358972,0.1053596991701991,0.0016948495955144,1.0302280958677685,0.3655811639669422,0.0,0.00016049203305785125,0.00017462806611570245,0.0005828350661157024,0.00011649688429752067,0.009282587256198347,0.0002827617685950413,0.00017995377685950414,0.0,0.0,0.0,0.0,0.0,0.0,0.0
2024-08-03 20:52:25.166666752,0.102963544537431,0.099662054724888,0.0023790570788199,1.0302280958677685,0.3655811639669422,0.0,0.00016049203305785125,0.00017462806611570245,0.0005828350661157024,0.00011649688429752067,0.009282587256198347,0.0002827617685950413,0.00017995377685950414,0.0,0.0,0.0,0.0,0.0,0.0,0.0
2024-08-03 23:58:33.736842240,0.1574275182262567,0.0950071024285884,0.0018055145057436,1.0302280958677685,0.3655811639669422,0.0,0.00016049203305785125,0.00017462806611570245,0.0005828350661157024,0.00011649688429752067,0.009282587256198347,0.0002827617685950413,0.00017995377685950414,0.0,0.0,0.0,0.0,0.0,0.0,0.0
2024-08-04 03:08:35.631578624,0.0670414405169594,0.1087843269559654,0.0021181045306552,1.0302280958677685,0.3655811639669422,0.0,0.00016049203305785125,0.00017462806611570245,0.0005828350661157024,0.00011649688429752067,0.009282587256198347,0.0002827617685950413,0.00017995377685950414,0.0,0.0,0.0,0.0,0.0,0.0,0.0
2024-08-04 06:18:37.578947328,0.0344789666967244,,,1.0302280958677685,0.3655811639669422,0.0,0.00016049203305785125,0.00017462806611570245,0.0005828350661157024,0.00011649688429752067,0.009282587256198347,0.0002827617685950413,0.00017995377685950414,0.0,0.0,0.0,0.0,0.0,0.0,0.0
2024-08-04 09:33:39.666666752,0.176464619069975,,,1.0302280958677685,0.3655811639669422,0.0,0.00016049203305785125,0.00017462806611570245,0.0005828350661157024,0.00011649688429752067,0.009282587256198347,0.0002827617685950413,0.00017995377685950414,0.0,0.0,0.0,0.0,0.0,0.0,0.0
2024-08-04 12:38:41.473684224,0.167176890346866,,,1.0302280958677685,0.3655811639669422,0.0,0.00016049203305785125,0.00017462806611570245,0.0005828350661157024,0.00011649688429752067,0.009282587256198347,0.0002827617685950413,0.00017995377685950414,0.0,0.0,0.0,0.0,0.0,0.0,0.0
2024-08-04 15:39:58.312500224,0.0750550928192979,,,1.0302280958677685,0.3655811639669422,0.0,0.00016049203305785125,0.00017462806611570245,0.0005828350661157024,0.00011649688429752067,0.009282587256198347,0.0002827617685950413,0.00017995377685950414,0.0,0.0,0.0,0.0,0.0,0.0,0.0
2024-08-04 18:50:31.117647104,0.059047792627723,,,1.0302280958677685,0.3655811639669422,0.0,0.00016049203305785125,0.00017462806611570245,0.0005828350661157024,0.00011649688429752067,0.009282587256198347,0.0002827617685950413,0.00017995377685950414,0.0,0.0,0.0,0.0,0.0,0.0,0.0
2024-08-04 21:58:47.157894656,0.19582393446899,,,1.0302280958677685,0.3655811639669422,0.0,0.00016049203305785125,0.00017462806611570245,0.0005828350661157024,0.00011649688429752067,0.009282587256198347,0.0002827617685950413,0.00017995377685950414,0.0,0.0,0.0,0.0,0.0,0.0,0.0
2024-08-04 23:48:48.000000000,,,,1.0302280958677685,0.3655811639669422,0.0,0.00016049203305785125,0.00017462806611570245,0.0005828350661157024,0.00011649688429752067,0.009282587256198347,0.0002827617685950413,0.00017995377685950414,0.0,0.0,0.0,0.0,0.0,0.0,0.0
