timestamp,altitude_diff,altitude_diff_smoothed,slope,AU_Factor,MgII_Index,MgII_Flag,irr_256,irr_284,irr_304,irr_1175,irr_1216,irr_1335,irr_1405,irr_256_flag_flag,irr_284_flag_flag,irr_304_flag_flag,irr_1175_flag_flag,irr_1216_flag_flag,irr_1335_flag_flag,irr_1405_flag_flag,estimated_slope,slope_difference,PCN
2024-05-07 01:29:38.000000000,0.0937152214601724,0.0866077977736002,-0.0079535963875514,1.0182260420212763,0.3482379762234043,0.0,0.0001398738963297,0.0001279406307446,0.0005444923270212,0.0001085863038882,0.0088172981702127,0.0002711331712234,0.0001642518104787,0.0,0.0,0.0,0.0,0.0,0.0,0.0,-0.0133725455320568,0.0054189491445054,0.02053191489361702
2024-05-07 04:39:39.947368448,0.0491607882635776,0.0629463226448794,-0.0094103569470329,1.018290144148936,0.3474125772340425,0.0,0.000137830838617,0.0001269787616489,0.0005329339092021,0.0001065158349521,0.0087217234148936,0.0002645710515425,0.0001615683428723,0.0,0.0,0.0,0.0,0.0,0.0,0.0,-0.0141722465631182,0.0047618896160853,0.4962234042553192
2024-05-07 07:47:55.941176576,0.0536192179455952,0.0655299236810012,-0.0131380781013263,1.0183535973544973,0.3478783385185184,0.0,0.0001383214968783,0.0001280221153439,0.0005367358436507,0.000107045103619,0.0086150277486772,0.0002649751973544,0.0001607660795767,0.0,0.0,0.0,0.0,0.0,0.0,0.0,-0.01571500232045,0.0025769242191237,1.1870899470899472
2024-05-07 11:14:43.937500160,0.0974632668829826,0.0648954478335907,-0.0106822772420931,1.0184229462765957,0.3480337439361702,0.0,0.0001365063118617,0.0001273908281914,0.0005300240179787,0.0001082970868351,0.0086274802127659,0.000262737156117,0.0001615240063829,0.0,0.0,0.0,0.0,0.0,0.0,0.0,-0.0154168539657119,0.0047345767236188,0.9570744680851063
2024-05-07 14:09:45.736842240,0.0428186964209658,0.0473156035648558,-0.0071218883543925,1.0184815787234045,0.3482564542021277,0.0,0.0001365511238297,0.0001269111560638,0.000528770409734,0.0001084251061808,0.0086771906143617,0.0002615259995744,0.0001607014073936,0.0,0.0,0.0,0.0,0.0,0.0,0.0,-0.0131717836674709,0.0060498953130784,0.07574468085106384
2024-05-07 17:15:20.944444416,-0.0414113149332138,0.0317706670557779,-0.0094889075755418,1.0185437622340423,0.3486890277540107,0.0212765957446808,0.0001389064052406,0.0001291451338502,0.0005373309864171,0.0001105164437112,0.0087291680561497,0.0002651115727272,0.0001615776561497,0.0212765957446808,0.0212765957446808,0.0212765957446808,0.0212765957446808,0.0212765957446808,0.0212765957446808,0.0212765957446808,-0.0142393791454084,0.0047504715698666,0.7165957446808512
2024-05-07 20:30:56.222222336,0.0510128534635327,0.0251551881228743,-0.010849676754114,1.0186089603174602,0.3495933328877005,0.0423280423280423,0.0001423601112834,0.000131239660909,0.0005541908617112,0.0001129355403315,0.0088177901711229,0.000272091936631,0.0001631070882352,0.0423280423280423,0.0423280423280423,0.0423280423280423,0.0423280423280423,0.0423280423280423,0.0423280423280423,0.0423280423280423,-0.0123523113355129,0.0015026345813989,0.4816402116402116
2024-05-07 23:39:51.526315776,0.07872955017217,0.02268236643443,-0.0080637652937724,1.0186718343915344,0.3491467814285714,0.0,0.0001437028032804,0.0001349218706878,0.0005479559117989,0.0001107934047142,0.0087920736031746,0.0002684790062962,0.000162667115238,0.0,0.0,0.0,0.0,0.0,0.0,0.0,-0.0143051188062398,0.0062413535124674,0.3106349206349206
2024-05-08 02:49:53.473684224,0.0007321524079202,0.0006568816949083,-0.0100619210702025,1.0187348894179895,0.3489711704761905,0.0,0.0001455761106349,0.0001351428373544,0.0005536116835978,0.0001127165006507,0.008804504021164,0.0002720445015873,0.0001667922464021,0.0,0.0,0.0,0.0,0.0,0.0,0.0,-0.0137148382739907,0.0036529172037882,0.7092063492063493
2024-05-08 05:59:55.368420864,-0.0461892071215288,-0.0150980148713794,-0.0131905868010666,1.0187978095238095,0.3502818007222222,0.1904761904761904,0.0001488922167777,0.0001397968246111,0.0005773004161666,0.0001170763772833,0.0088787990333333,0.0002848579868888,0.0001711513380555,0.1904761904761904,0.1904761904761904,0.1904761904761904,0.1904761904761904,0.1904761904761904,0.1904761904761904,0.1904761904761904,-0.0129698530266142,-0.0002207337744523,0.7140740740740741
2024-05-08 09:04:39.647058944,-0.0103785221325551,-0.0107965717861652,-0.0145567159592132,1.0188587659574468,0.3493642152127659,0.0,0.0001498406321276,0.0001429784390957,0.0005614818757978,0.0001122328258191,0.0086873277712765,0.0002717775965425,0.0001655216167021,0.0,0.0,0.0,0.0,0.0,0.0,0.0,-0.0071901317920749,-0.0073665841671382,1.1971808510638298
2024-05-08 12:24:59.333333248,0.0313638227495971,-0.0198324871710155,-0.0107068514026688,1.018924843915344,0.3499929878835978,0.0,0.0001497024788888,0.0001425716316931,0.0005707361255026,0.0001146335784074,0.0088127128068783,0.0002794117950793,0.0001710115114285,0.0,0.0,0.0,0.0,0.0,0.0,0.0,-0.0129031884196406,0.0021963370169718,0.44185185185185183
2024-05-08 15:30:01.157894656,-0.1007660957727125,-0.0359533910592138,-0.0055950881341099,1.0189856682539684,0.3491675209523809,0.0,0.0001475277125925,0.0001404154341798,0.0005533308160317,0.0001115107194338,0.0087937917063492,0.0002683530519047,0.0001679303981481,0.0,0.0,0.0,0.0,0.0,0.0,0.0,-0.0137896374656094,0.0081945493314995,0.2202116402116402
2024-05-08 18:25:22.933333504,-0.0989753726756248,-0.0467366123067323,-0.0065621893625509,1.0190432414893615,0.3499746681914893,0.0,0.0001488180161702,0.0001427278609574,0.0005699666812765,0.0001157155585478,0.0088890500851063,0.0002787600607446,0.0001722484901595,0.0,0.0,0.0,0.0,0.0,0.0,0.0,-0.0129907024968135,0.0064285131342626,1.4006382978723404
2024-05-08 21:45:05.000000000,-0.0026983271662857,-0.0489897029878091,-0.0078319329934165,1.0191085269841271,0.351033017852349,0.8465608465608465,0.0001548328946979,0.0001498717051006,0.0005910277583221,0.000121588822557,0.0089885752583892,0.0002925683573825,0.0001781179068456,0.8465608465608465,0.8465608465608465,0.8465608465608465,0.8465608465608465,0.8465608465608465,0.8465608465608465,0.8465608465608465,-0.0135107291699239,0.0056787961765074,0.15592592592592594
2024-05-09 00:50:06.842105088,-0.0303103850001207,-0.0554319100935332,-0.0059055801285628,1.019168970899471,0.3484767687301587,0.0,0.0001506238396296,0.0001453937607407,0.0005604515723809,0.0001128893526084,0.0088508609365079,0.0002722738829629,0.0001685886562433,0.0,0.0,0.0,0.0,0.0,0.0,0.0,-0.0105574988813925,0.0046519187528297,0.27116402116402116
2024-05-09 04:00:08.789473536,-0.0663585848216143,-0.0789066082030684,-0.0069710390678144,1.0192308698412698,0.3483003770899471,0.0,0.0001504705131216,0.0001466597697883,0.0005556474410582,0.0001121177387566,0.0087984104259259,0.0002689371891005,0.0001675352328042,0.0,0.0,0.0,0.0,0.0,0.0,0.0,-0.009494183270417,0.0025231442026026,0.48693121693121694
2024-05-09 07:10:10.736842496,-0.0963168388197459,-0.0790569825994932,-0.0103401868411159,1.019292598941799,0.3485667846031746,0.0,0.0001514443045502,0.0001481055201587,0.0005587570107407,0.0001139480586084,0.0087278621613756,0.0002715673563492,0.0001694923292592,0.0,0.0,0.0,0.0,0.0,0.0,0.0,-0.0107412564711174,0.0004010696300015,0.4676190476190476
2024-05-09 10:21:52.499999744,-0.0664670232512207,-0.0745923024849477,-0.0106491372838083,1.0193548312169312,0.3511533002116402,0.0,0.0001556931817989,0.0001541787020634,0.0005871731298941,0.0001225167516931,0.008824440026455,0.0002910683261904,0.0001822824214285,0.0,0.0,0.0,0.0,0.0,0.0,0.0,-0.0111140878976874,0.0004649506138791,0.45873015873015865
2024-05-09 13:30:14.473683968,-0.0683583860840713,-0.0879162349766159,-0.0078594004810099,1.0194157787234042,0.3493754384574468,0.0,0.0001531162087765,0.0001535730337234,0.0005598651736702,0.0001147044180691,0.0088037799547872,0.0002713411563829,0.0001727377205319,0.0,0.0,0.0,0.0,0.0,0.0,0.0,-0.0107618607249612,0.0029024602439513,1.026968085106383
2024-05-09 16:30:16.411764736,-0.1799084602362199,-0.1032564739452494,-0.0084226663657157,1.0194738436170212,0.3491656188297873,0.0,0.0001520926549468,0.0001515033203723,0.0005582984714893,0.0001148442846436,0.0087844371515957,0.0002723365968617,0.0001736833017553,0.0,0.0,0.0,0.0,0.0,0.0,0.0,-0.0111441426470655,0.0027214762813498,1.294468085106383
2024-05-09 19:52:04.294117632,-0.1021194653405359,-0.1115734085131583,-0.0078781437379158,1.0195386862433862,0.3493758025396825,1.3333333333333333,0.0001513585911904,0.0001532555411111,0.0005553948505555,0.0001108580630079,0.0088026493690476,0.0002687450592063,0.0001680251539682,1.3333333333333333,1.3333333333333333,1.3333333333333333,1.3333333333333333,1.3333333333333333,1.3333333333333333,1.3333333333333333,-0.0107369283627294,0.0028587846248136,0.23253968253968252
2024-05-09 23:00:20.263158016,-0.0587932516447153,-0.1111271133945781,-0.0053218812127558,1.0195991813829786,0.3482333514189189,0.851063829787234,0.0001519410480405,0.0001555934727702,0.0005532654881081,0.0001114439840675,0.0087812384087837,0.0002657075219594,0.0001688799729729,0.851063829787234,0.851063829787234,0.851063829787234,0.851063829787234,0.851063829787234,0.851063829787234,0.851063829787234,-0.0100261637678562,0.0047042825551004,0.8347340425531915
2024-05-10 02:10:22.210525952,-0.1226137195912997,-0.1244142071708501,-0.0065951239570154,1.0196599617021276,0.3479694947872341,0.0,0.0001529411326595,0.0001565448806382,0.0005427385112765,0.0001122392899627,0.0087408853803191,0.000261337124734,0.0001681154440425,0.0,0.0,0.0,0.0,0.0,0.0,0.0,-0.0102306300086751,0.0036355060516597,2.4347340425531914
2024-05-10 05:20:24.157894912,-0.1683725357178218,-0.1415466617587778,-0.0084662235467552,1.019720664361702,0.3492085087765957,0.0,0.0001548280089893,0.0001545035542021,0.0005536098784574,0.0001197287233457,0.0087681691010638,0.0002731803595744,0.0001798008993085,0.0,0.0,0.0,0.0,0.0,0.0,0.0,-0.0083135804002304,-0.0001526431465247,1.348244680851064
2024-05-10 08:22:26.000000000,-0.1412109959327949,-0.1336393040895636,-0.009476078716843,1.0197786664893618,0.3505058429255319,0.0,0.0001576744943617,0.000159981706117,0.0005701072904255,0.0001194995984734,0.0087219587978723,0.0002793952378191,0.0001778573418617,0.0,0.0,0.0,0.0,0.0,0.0,0.0,-0.0062878036152277,-0.0031882751016152,1.141755319148936
2024-05-10 11:47:44.294117632,-0.092300182752524,-0.1300240019695277,-0.0025789216324672,1.0198438462765955,0.3503947125531915,0.0,0.0001561219115425,0.0001613208847872,0.0005509091886702,0.0001157814202712,0.0087746297420212,0.0002667212585638,0.0001726520890425,0.0,0.0,0.0,0.0,0.0,0.0,0.0,-0.0089040731802084,0.0063251515477412,1.871063829787234
2024-05-10 14:47:46.052631552,-0.1860508672376681,-0.1318355264264014,0.0070187762421303,1.0199009409574469,0.3520458815957447,0.0,0.0001582511191489,0.0001608187280851,0.00055506099,0.0001168994662606,0.0088606411675531,0.000269239779468,0.0001739886715957,0.0,0.0,0.0,0.0,0.0,0.0,0.0,-0.0063527844776238,0.0133715607197541,2.195478723404255
2024-05-10 17:54:16.235293952,-0.222550477375421,-0.1223302760259343,0.0141051975076758,1.0199601132978724,0.3529630691489361,0.0,0.0001577324798404,0.0001581716334042,0.0005528456420212,0.0001153674851595,0.008877556893617,0.0002703893760638,0.0001738970457978,0.0,0.0,0.0,0.0,0.0,0.0,0.0,-0.0077846533741013,0.0218898508817771,8.043351063829787
2024-05-10 21:09:09.933333248,-0.1087422412132923,-0.0961412132511061,0.0229122962187896,1.0200215164021162,0.3533914061290322,0.0634920634920634,0.0001571079815053,0.0001600826929569,0.0005542288737634,0.0001160484775053,0.0088966964086021,0.0002715488546236,0.0001751448848924,0.0634920634920634,0.0634920634920634,0.0634920634920634,0.0634920634920634,0.0634920634920634,0.0634920634920634,0.0634920634920634,-0.0057779301281294,0.028690226346919,11.116719576719577
2024-05-11 00:17:51.842105344,-0.0695817462602121,-0.0671613703155079,0.0335397345778953,1.0200810984126985,0.3551318431216931,0.0,0.0001620121118518,0.0001657638677777,0.0005739897549735,0.0001245398998783,0.009013882021164,0.0002839680423809,0.0001915808389947,0.0,0.0,0.0,0.0,0.0,0.0,0.0,-0.0030502682642328,0.0365900028421282,12.521481481481482
2024-05-11 03:27:53.842105344,-0.0750969717565794,-0.0516128415685935,0.0390980299604914,1.0201408322751322,0.3559000474603174,0.0,0.0001590637759788,0.0001661753646031,0.0005676213404761,0.0001173415859365,0.0090682904682539,0.0002771278761904,0.000177569347619,0.0,0.0,0.0,0.0,0.0,0.0,0.0,-0.0074787446954535,0.0465767746559449,10.775132275132275
2024-05-11 06:32:55.666666752,-0.0370664659870954,-0.0207062171714116,0.0374763007484394,1.020198823280423,0.3555013651851851,0.0,0.0001587291522222,0.0001653165862962,0.0005535830044973,0.0001143680966772,0.0089331736269841,0.0002704741997354,0.0001740402021164,0.0,0.0,0.0,0.0,0.0,0.0,0.0,-0.0079682963996582,0.0454445971480976,11.708783068783069
2024-05-11 09:46:42.562500096,0.0673290292556316,0.0252407061845285,0.0347678157314021,1.0202593377659577,0.3567801243085106,0.0,0.0001617696767553,0.0001674667070212,0.0005584636152127,0.0001160127787553,0.008877665305851,0.0002730826138297,0.0001762023870212,0.0,0.0,0.0,0.0,0.0,0.0,0.0,-0.0070587856850904,0.0418266014164925,12.058244680851065
2024-05-11 12:47:59.473684224,0.1196075904875897,0.0538193260582223,0.0318175455459453,1.0203159698412698,0.3585761267195767,0.0,0.0001650834204232,0.0001710318477248,0.0005691001080952,0.0001184695724338,0.0090560158439153,0.0002788793173544,0.0001827725795767,0.0,0.0,0.0,0.0,0.0,0.0,0.0,-0.0011149162153114,0.0329324617612567,9.282063492063491
2024-05-11 15:53:34.777777664,0.0476365759697046,0.0737559286913488,0.025269346278056,1.0203737122340426,0.3602248878723404,0.0,0.0001662845273404,0.0001734501452127,0.000572696551117,0.0001160276026329,0.009146640893617,0.0002788150237234,0.0001801056946808,0.0,0.0,0.0,0.0,0.0,0.0,0.0,-0.0055505727771654,0.0308199190552214,7.178351063829787
2024-05-11 18:57:23.333333504,0.0921087523369692,0.0953109180754773,0.0158744048413439,1.0204308622340428,0.3608409820967741,0.0425531914893617,0.0001655408351612,0.0001717094455376,0.0005625989453763,0.0001143105571774,0.0091588388333333,0.0002765666097849,0.0001780511763978,0.0425531914893617,0.0425531914893617,0.0425531914893617,0.0425531914893617,0.0425531914893617,0.0425531914893617,0.0425531914893617,-0.0051111379951039,0.0209855428364478,3.1307446808510635
2024-05-11 22:18:05.263158272,0.1909718328280405,0.1187698370078843,0.0100931485914022,1.0204929973544974,0.3613675455555555,0.0,0.0001639858200529,0.0001685993780952,0.0005591791373544,0.0001148740891904,0.0091529697962962,0.000276212832328,0.0001766768342857,0.0,0.0,0.0,0.0,0.0,0.0,0.0,-0.0077406180208981,0.0178337666123003,4.591746031746031
2024-05-12 01:28:07.263158016,0.1484653376499523,0.1249917924369583,0.0061102006860087,1.0205517185185184,0.3623888893650794,0.0,0.0001635865959788,0.000167017402328,0.0005612741856084,0.0001161225541587,0.009212899079365,0.000278043750582,0.0001791738688888,0.0,0.0,0.0,0.0,0.0,0.0,0.0,-0.007343362667538,0.0134535633535467,7.277566137566137
2024-05-12 04:38:09.157894656,0.1098476774379264,0.1158147886869123,-0.0002036318564241,1.020610325925926,0.3639354886772487,0.0,0.0001637494849206,0.0001691601639682,0.0005679911210582,0.0001172241134179,0.0092839468095238,0.0002813245474074,0.0001804281621693,0.0,0.0,0.0,0.0,0.0,0.0,0.0,-0.0076986580092772,0.0074950261528531,4.542857142857143
2024-05-12 07:48:10.947368448,0.1188979327005768,0.1261068511169203,-0.0042551263060005,1.0206687936507937,0.3651188573015873,0.0,0.0001661731537566,0.0001743700913756,0.0005733657669312,0.0001166010882116,0.009229036037037,0.000279230297619,0.0001787512173015,0.0,0.0,0.0,0.0,0.0,0.0,0.0,-0.0022681403963735,-0.0019869859096269,0.4422222222222221
2024-05-12 11:18:12.100000000,0.1740638044045681,0.1335943363296791,-0.0048623499953379,1.0207334186170212,0.3658079419680851,0.0,0.000166832087234,0.0001742575428191,0.0005694033466489,0.0001167680357127,0.0092309784627659,0.0002782214332978,0.0001796258303723,0.0,0.0,0.0,0.0,0.0,0.0,0.0,-0.003171359201827,-0.0016909907935108,0.23542553191489335
2024-05-12 14:23:15.000000000,0.1233266281172973,0.1223083069528898,-0.0030273431466573,1.0207900771276597,0.3666748100531914,0.0,0.0001680395796276,0.0001741664466489,0.0005687775116489,0.0001160886104148,0.0092909753404255,0.0002786029770744,0.000179708393617,0.0,0.0,0.0,0.0,0.0,0.0,0.0,-0.0055903678301454,0.0025630246834881,0.5786170212765958
2024-05-12 17:08:54.062499840,0.0370145567371764,0.1117792161020171,-0.0054212430526215,1.02084065978836,0.3674850133333333,0.0,0.0001690983714814,0.0001738685653968,0.0005720218085714,0.0001166798888835,0.0093336367671957,0.0002801065100529,0.0001812367979365,0.0,0.0,0.0,0.0,0.0,0.0,0.0,-0.0049692251419892,-0.0004520179106322,0.15671957671957668
2024-05-12 20:40:11.312500224,0.1402651378397763,0.1094034488119619,-0.0071364342262683,1.0209050063492064,0.3682521529411764,0.0423280423280423,0.0001702030322459,0.0001777170413368,0.0005718176956684,0.000116943916786,0.009359128933155,0.0002799476199465,0.0001826876739037,0.0423280423280423,0.0423280423280423,0.0423280423280423,0.0423280423280423,0.0423280423280423,0.0423280423280423,0.0423280423280423,-0.0050118058971216,-0.0021246283291466,5.732857142857143
2024-05-12 23:38:20.631578880,0.1594961192517985,0.110106635486103,-0.0052903496384914,1.0209593148936171,0.3690367570212766,0.0,0.0001725958465957,0.0001779891895212,0.0005736557742021,0.0001162852401276,0.0093995904973404,0.0002783679453191,0.0001801961079787,0.0,0.0,0.0,0.0,0.0,0.0,0.0,-0.0044319044703444,-0.0008584451681469,3.6645744680851067
2024-05-13 02:48:22.526315520,0.0893975684369365,0.0933970469680439,-0.0057225274115571,1.0210169925531916,0.3701461216489362,0.0,0.0001718858742021,0.0001763167615425,0.0005730247857446,0.0001158137849202,0.0094421287287234,0.0002786299214361,0.0001813225086702,0.0,0.0,0.0,0.0,0.0,0.0,0.0,0.0032062864435446,-0.0089288138551017,5.651595744680851
2024-05-13 05:53:24.444444672,0.0537035199920978,0.080980644056486,-0.0086829319861038,1.0210730372340424,0.3711321285638297,0.0,0.0001716577385638,0.0001773604877659,0.0005707587499468,0.0001151167559308,0.0094113805877659,0.0002781240506914,0.0001810684756914,0.0,0.0,0.0,0.0,0.0,0.0,0.0,-0.003305197188606,-0.0053777347974977,2.039414893617021
2024-05-13 08:56:40.470588416,0.0884657718274297,0.0890257136160685,-0.0104508033482507,1.0211283574468086,0.3734797458510638,0.0,0.0001733695082446,0.000177540724468,0.0005814781723936,0.0001184123441808,0.0093958292180851,0.0002844668563829,0.0001852912874468,0.0,0.0,0.0,0.0,0.0,0.0,0.0,-0.0049452776453882,-0.0055055257028624,1.0985106382978722
2024-05-13 12:08:28.263158016,0.1252266127678467,0.0829656495022466,-0.0064009281829877,1.0211862771276594,0.375100711861702,0.0,0.0001732507920212,0.0001795809812234,0.0005926816359042,0.0001188147952925,0.0096008530478723,0.000286737318617,0.0001852927361702,0.0,0.0,0.0,0.0,0.0,0.0,0.0,-0.0039404572990184,-0.0024604708839692,1.212340425531915
2024-05-13 15:18:30.157894400,0.0236775077420361,0.0706051809476851,-0.0023376388532919,1.0212434670212764,0.3753546345652173,0.0851063829787234,0.0001699330588043,0.0001786944492391,0.0005857467882065,0.0001158082551413,0.009633255722826,0.00028475698875,0.0001861530866847,0.0851063829787234,0.0851063829787234,0.0851063829787234,0.0851063829787234,0.0851063829787234,0.0851063829787234,0.0851063829787234,-0.0008871277041823,-0.0014505111491095,2.0111702127659576
2024-05-13 18:18:32.062499840,0.0115790019132759,0.0630882110784353,-0.004028962651454,1.0212975329787233,0.3759545213978494,0.0425531914893617,0.0001719413720967,0.0001822695313978,0.0005855477427956,0.0001152838007258,0.009661098844086,0.0002843479187634,0.0001842892577956,0.0425531914893617,0.0425531914893617,0.0425531914893617,0.0425531914893617,0.0425531914893617,0.0425531914893617,0.0425531914893617,-0.002126494512672,-0.0019024681387819,0.6037765957446809
2024-05-13 21:43:34.111111168,0.1094201827734195,0.0649963707873363,-0.0042917704890641,1.021358970212766,0.3758761511827957,0.0425531914893617,0.0001731402206451,0.0001827118598924,0.0005816316912903,0.0001133924775913,0.0096645372069892,0.0002815355151612,0.0001837244205376,0.0425531914893617,0.0425531914893617,0.0425531914893617,0.0425531914893617,0.0425531914893617,0.0425531914893617,0.0425531914893617,-0.0030812795396899,-0.0012104909493741,0.09313829787234043
2024-05-14 00:48:35.947368448,0.0857245608153789,0.0618799412050886,-0.0026412180823986,1.0214142627659577,0.3759631694148936,0.0,0.000173145894468,0.0001810382804787,0.0005832077504255,0.0001139070536648,0.0096682683643617,0.0002816193856914,0.000180959151117,0.0,0.0,0.0,0.0,0.0,0.0,0.0,-0.003719970020807,0.0010787519384084,0.34952127659574467
2024-05-14 03:58:37.894736384,0.0482519022607448,0.0429617379572909,-0.0044901392966636,1.0214709574468086,0.3767134069148935,0.0,0.0001735140930319,0.0001802335528723,0.0005822620049468,0.0001127503211808,0.0096792421835106,0.0002804570649468,0.0001786389705851,0.0,0.0,0.0,0.0,0.0,0.0,0.0,-0.0025595368084512,-0.0019306024882123,0.4890957446808511
2024-05-14 07:08:39.842105344,0.0217448396136887,0.0463739860163816,-0.0053354249934973,1.0215275297872342,0.3776974238297872,0.0,0.0001725699435638,0.0001774530206914,0.0005799709450531,0.0001115819610638,0.0096124597579787,0.0002807398059042,0.0001798879615957,0.0,0.0,0.0,0.0,0.0,0.0,0.0,-0.0019766359632167,-0.0033587890302805,0.46755319148936164
2024-05-14 10:28:41.812499968,0.0708769573722065,0.054532417265553,-0.0056596138594604,1.0215869617021276,0.3786757110638298,0.0,0.0001730214620744,0.0001792642830851,0.0005875387063297,0.0001122361620212,0.0096194064228723,0.0002844604377127,0.0001786002588829,0.0,0.0,0.0,0.0,0.0,0.0,0.0,-0.0027559533653339,-0.0029036604941264,0.04781914893617026
2024-05-14 13:28:43.684210688,0.0604179055872009,0.0460947693867347,-0.0024890377605714,1.0216403324468086,0.3785406264361702,0.0,0.0001706837128723,0.0001788693456914,0.0005848390988829,0.0001127457397819,0.0097024817712765,0.0002812658572872,0.0001770901640957,0.0,0.0,0.0,0.0,0.0,0.0,0.0,-0.002349499224067,-0.0001395385365043,0.07893617021276597
2024-05-14 16:28:45.529411840,-0.0450372164623331,0.0347831266398151,-0.0033315546944265,1.0216935973404255,0.3801758550531914,0.0,0.0001714151548936,0.000179508888617,0.0005918964503191,0.0001179307686063,0.0097897305904255,0.000287743588617,0.0001832416868085,0.0,0.0,0.0,0.0,0.0,0.0,0.0,-0.0023111300596386,-0.0010204246347878,1.9968617021276593
2024-05-14 20:16:17.749999872,0.054387740273853,0.0313409441685052,-0.003376547834073,1.021760920744681,0.3808880316666667,0.0425531914893617,0.0001690595287096,0.0001803103062365,0.000595891286129,0.0001180738994193,0.0098614307204301,0.0002863314945161,0.0001787904464516,0.0425531914893617,0.0425531914893617,0.0425531914893617,0.0425531914893617,0.0425531914893617,0.0425531914893617,0.0425531914893617,-0.0016008430928284,-0.0017757047412445,0.35329787234042553
2024-05-14 22:58:49.473684224,0.0850048831558183,0.0356613160740961,-0.002223740373941,1.021808805820106,0.3811959833862434,0.0,0.0001690563703174,0.0001815733485714,0.0005921592469312,0.0001170512909365,0.0098768889259259,0.0002846263161375,0.0001766233414814,0.0,0.0,0.0,0.0,0.0,0.0,0.0,-0.0009265854524827,-0.0012971549214582,0.03851851851851851
2024-05-15 02:03:51.444444416,0.0334813518640544,0.0260151310901998,-0.0027291051695622,1.021863222222222,0.3812419662433862,0.0,0.0001723456032275,0.0001835876643915,0.0005913867785714,0.0001162432157883,0.0098672653465608,0.000283454949947,0.0001770236342328,0.0,0.0,0.0,0.0,0.0,0.0,0.0,-0.0020844772360225,-0.0006446279335396,0.16037037037037036
2024-05-15 05:08:53.263158272,-0.0160802239068971,0.0125866049813099,-0.005625804660346,1.0219175232804234,0.3817067753439154,0.0,0.0001733521485185,0.0001840665734391,0.000590329402328,0.000115870716947,0.0098389392169312,0.0002836678308465,0.0001763636738095,0.0,0.0,0.0,0.0,0.0,0.0,0.0,-0.001561011213079,-0.0040647934472669,1.5912169312169309
2024-05-15 08:30:21.071428352,0.0172722600189558,0.0207870917580395,-0.0093490858108547,1.021976544148936,0.3832360708510638,0.0,0.0001762059438829,0.0001854036756914,0.0005953184687234,0.00011474401125,0.0097557873297872,0.000286209326117,0.0001806792809574,0.0,0.0,0.0,0.0,0.0,0.0,0.0,-0.0016790665677253,-0.0076700192431293,0.7453723404255319
2024-05-15 11:43:57.312500224,0.0606281867640063,0.0203209892728939,-0.00458865002457,1.022033103174603,0.3840447079365078,0.0,0.0001753273824867,0.000184824169365,0.0005979240889417,0.0001158711816031,0.0098838930238095,0.0002862433512698,0.0001802627731746,0.0,0.0,0.0,0.0,0.0,0.0,0.0,0.0002833776068203,-0.0048720276313903,2.233597883597884
2024-05-15 14:38:59.052631552,-0.01593870748286,0.0109549413632837,-0.0005056946878975,1.02208415026455,0.3850801724338624,0.0,0.0001787207628042,0.000184604576455,0.0006015537041798,0.0001167209449999,0.0099569308597883,0.000287373137037,0.0001837324349206,0.0,0.0,0.0,0.0,0.0,0.0,0.0,0.0002840508641099,-0.0007897455520074,1.602063492063492
2024-05-15 17:44:34.222222336,-0.0604388293928082,0.0048649287355399,-0.0007807406894282,1.022138164361702,0.3859471413829788,0.0,0.0001748391823936,0.0001832019999999,0.0006021571576063,0.0001163250914202,0.0100012099760638,0.0002883825729787,0.0001807933043085,0.0,0.0,0.0,0.0,0.0,0.0,0.0,0.0006838768457178,-0.001464617535146,0.8940957446808511
2024-05-15 20:59:36.222222336,0.028767164528233,0.010693476740294,-0.0004253847829412,1.0221948319148937,0.3861379160135135,0.851063829787234,0.0001734834896621,0.0001835768827027,0.0005995429244594,0.0001171164005472,0.0100029453682432,0.0002887030037837,0.0001806700929054,0.851063829787234,0.851063829787234,0.851063829787234,0.851063829787234,0.851063829787234,0.851063829787234,0.851063829787234,-0.0001822901438684,-0.0002430946390727,2.8322340425531918
2024-05-16 00:09:04.842105088,0.0501928179075434,0.0155664749787168,0.0034852316519116,1.0222498063492065,0.3857348052910053,0.0,0.000174126570582,0.0001839447615873,0.0005987062780423,0.0001151441068306,0.0100121466851851,0.0002879742686243,0.000181093194074,0.0,0.0,0.0,0.0,0.0,0.0,0.0,-0.0004447838686031,0.0039300155205147,2.322275132275132
2024-05-16 03:19:06.736842240,0.0007104519693257,0.0040876554789722,0.0033571967198582,1.0223048174603175,0.3858258509523809,0.0,0.0001748764528042,0.000184831763492,0.0006000488403174,0.0001153179936243,0.0100110020714285,0.0002870531958201,0.0001811046878306,0.0,0.0,0.0,0.0,0.0,0.0,0.0,-0.0017298723783068,0.005087069098165,1.3173015873015872
2024-05-16 06:29:08.684210688,-0.0213287617856394,0.0067813700275552,0.0019694710047332,1.022359706878307,0.3865583655555556,0.0,0.0001754580544973,0.0001841747927513,0.0006000717747619,0.000114733154582,0.0099649987460317,0.0002883117539682,0.0001804453230687,0.0,0.0,0.0,0.0,0.0,0.0,0.0,-0.0028081171669595,0.0047775881716927,5.902380952380951
2024-05-16 09:43:33.125000192,0.0363767081358901,0.024350990829128,0.0024282135726224,1.022415784574468,0.387914887287234,0.0,0.0001748909065957,0.0001831558191489,0.0006017802421808,0.0001143117309468,0.0098993553218085,0.0002890774353723,0.0001826351291489,0.0,0.0,0.0,0.0,0.0,0.0,0.0,-0.0022276804165698,0.0046558939891922,5.40595744680851
2024-05-16 12:49:12.526316032,0.0611292441647606,0.0279441023173047,0.0052465065203942,1.0224693042553192,0.3883030994680851,0.0,0.0001750269612234,0.0001839683640425,0.0006047601734574,0.0001170902769308,0.0100488116648936,0.000290704202234,0.0001840530621276,0.0,0.0,0.0,0.0,0.0,0.0,0.0,-0.0028261074442604,0.0080726139646546,0.25138297872340426
2024-05-16 15:59:14.473684224,-0.0426811887336953,0.0246729017237549,0.0066210935028,1.0225238712765958,0.3894995838829788,0.0,0.0001753302948404,0.0001846732256382,0.0006169546489893,0.0001192800615478,0.0101803526702127,0.0002959799070212,0.0001848084562234,0.0,0.0,0.0,0.0,0.0,0.0,0.0,-0.0035278855224243,0.0101489790252243,0.9285106382978725
2024-05-16 18:59:53.874999808,0.0083047234543869,0.0285557078581114,0.0053564097202496,1.0225756232804233,0.3901474508021391,0.0423280423280423,0.0001760193517647,0.0001865458940641,0.0006180737619251,0.0001179808623475,0.010200281959893,0.0002958461139037,0.0001838843969518,0.0423280423280423,0.0423280423280423,0.0423280423280423,0.0423280423280423,0.0423280423280423,0.0423280423280423,0.0423280423280423,-0.0006691220701149,0.0060255317903645,0.46253968253968264
2024-05-16 22:19:18.368420608,0.0976877578213475,0.0406562839727813,0.0051340849424889,1.0226327021276596,0.3898798696276595,0.0,0.0001762341387765,0.0001861732070744,0.0006171980784574,0.0001172974563563,0.0101940899361702,0.0002934255568617,0.0001836518029255,0.0,0.0,0.0,0.0,0.0,0.0,0.0,-0.002737722617305,0.0078718075597939,0.8929255319148937
2024-05-17 01:24:20.222222592,0.0611051679218235,0.0424774205335185,0.0055848305033975,1.0226854718085103,0.3900277737765957,0.0,0.0001766327659574,0.0001851989982978,0.0006209597642021,0.0001191417990159,0.0102245966196808,0.000295709988617,0.000183310727234,0.0,0.0,0.0,0.0,0.0,0.0,0.0,-0.0037448294387161,0.0093296599421136,0.013085106382978726
2024-05-17 04:29:22.105263360,0.0207520125655946,0.0332496332673978,0.0028459316884114,1.0227382031914891,0.3896405337765957,0.0,0.0001762005252659,0.0001849021339893,0.0006097310730851,0.0001162754810478,0.0101476459547872,0.0002927080525,0.0001834776017553,0.0,0.0,0.0,0.0,0.0,0.0,0.0,-0.0035588035811596,0.006404735269571,0.00202127659574477
2024-05-17 07:39:24.052631296,0.0356557071785346,0.0476965751279168,0.0001244735045588,1.0227922686170212,0.3897665664893617,0.0,0.0001750270819148,0.0001833845006914,0.0006098383278191,0.0001158986264574,0.0100437464813829,0.0002925393705319,0.0001811628304255,0.0,0.0,0.0,0.0,0.0,0.0,0.0,-0.00386550337342,0.0039899768779788,0.14707446808510638
2024-05-17 11:04:26.125000192,0.0875764232463893,0.0615166561139264,0.0025077443451351,1.0228504808510637,0.3902602764893617,0.0,0.0001753400755319,0.0001846922702659,0.0006107785660638,0.0001165905109255,0.010061697393617,0.0002921641537234,0.0001818590854255,0.0,0.0,0.0,0.0,0.0,0.0,0.0,-0.0018599349044504,0.0043676792495855,0.6733510638297873
2024-05-17 13:59:27.894736896,0.0527669371825254,0.061417162147437,0.0078737132213547,1.022900089361702,0.3910631212234042,0.0,0.0001746254723404,0.0001843106005319,0.0006124685292021,0.0001168752788244,0.0101642379414893,0.0002937335804787,0.0001839574445744,0.0,0.0,0.0,0.0,0.0,0.0,0.0,-0.0020534962847235,0.0099272095060782,2.5614361702127653
2024-05-17 16:59:29.705882368,-0.021920841230326,0.0620228015791705,0.0081902977465527,1.02295102606383,0.3911871619148936,0.0,0.0001740622743085,0.0001841203979787,0.0006127127266489,0.0001157067245691,0.0102024381223404,0.0002942203581382,0.0001825899017021,0.0,0.0,0.0,0.0,0.0,0.0,0.0,-0.0004410593882943,0.008631357134847,4.688989361702127
2024-05-17 20:25:46.750000128,0.0873412880109754,0.074151694868874,0.0092770153683384,1.0230092132978723,0.3915620137765957,0.0,0.0001765701694148,0.0001873640909574,0.0006221251655319,0.0001218778720851,0.0102529688138297,0.0003013867464361,0.0001904410709042,0.0,0.0,0.0,0.0,0.0,0.0,0.0,-0.001806945457113,0.0110839608254514,4.165265957446809
2024-05-17 23:29:33.684210432,0.1326854523284737,0.0890078122813709,0.0124162876622856,1.023061110106383,0.3897908649468085,0.0,0.0001726434487234,0.0001861841995212,0.0006108563469148,0.0001164081616542,0.0101809763297872,0.000293878760851,0.0001829800693085,0.0,0.0,0.0,0.0,0.0,0.0,0.0,-0.0018642048175242,0.0142804924798098,3.8026063829787233
