timestamp,altitude_diff,altitude_diff_smoothed,slope,AU_Factor,MgII_Index,MgII_Flag,irr_256,irr_284,irr_304,irr_1175,irr_1216,irr_1335,irr_1405,irr_256_flag_flag,irr_284_flag_flag,irr_304_flag_flag,irr_1175_flag_flag,irr_1216_flag_flag,irr_1335_flag_flag,irr_1405_flag_flag,estimated_slope,slope_difference
2024-04-27 01:37:11.842105344,0.7740070120785276,0.7725605342491368,0.0012723272254722,1.0151649725663716,0.3321561762162162,0.0707964601769911,0.0001229473905945,0.0001059981574414,0.0004711478116216,0.0001014810639279,0.0081584774189189,0.0002370018667567,0.0001528247062162,0.0707964601769911,0.0707964601769911,0.0707964601769911,0.0707964601769911,0.0707964601769911,0.0707964601769911,0.0707964601769911,,
2024-04-27 04:47:13.789473792,0.7417693604699025,0.7738328614746092,0.0012723272254722,1.0151649725663716,0.3321561762162162,0.0707964601769911,0.0001229473905945,0.0001059981574414,0.0004711478116216,0.0001014810639279,0.0081584774189189,0.0002370018667567,0.0001528247062162,0.0707964601769911,0.0707964601769911,0.0707964601769911,0.0707964601769911,0.0707964601769911,0.0707964601769911,0.0707964601769911,,
2024-04-27 07:49:15.599999744,0.7664523060740862,0.7751051887000814,0.0012723272254722,1.0151649725663716,0.3321561762162162,0.0707964601769911,0.0001229473905945,0.0001059981574414,0.0004711478116216,0.0001014810639279,0.0081584774189189,0.0002370018667567,0.0001528247062162,0.0707964601769911,0.0707964601769911,0.0707964601769911,0.0707964601769911,0.0707964601769911,0.0707964601769911,0.0707964601769911,,
2024-04-27 11:17:17.705882112,0.8526253739177037,0.7763775159255537,0.0012723272254722,1.0151649725663716,0.3321561762162162,0.0707964601769911,0.0001229473905945,0.0001059981574414,0.0004711478116216,0.0001014810639279,0.0081584774189189,0.0002370018667567,0.0001528247062162,0.0707964601769911,0.0707964601769911,0.0707964601769911,0.0707964601769911,0.0707964601769911,0.0707964601769911,0.0707964601769911,,
2024-04-27 14:17:19.631579136,0.7705287326897405,0.7776498431510264,0.0012723272254722,1.0151649725663716,0.3321561762162162,0.0707964601769911,0.0001229473905945,0.0001059981574414,0.0004711478116216,0.0001014810639279,0.0081584774189189,0.0002370018667567,0.0001528247062162,0.0707964601769911,0.0707964601769911,0.0707964601769911,0.0707964601769911,0.0707964601769911,0.0707964601769911,0.0707964601769911,,
2024-04-27 17:19:51.500000000,0.7044653337286491,0.770249848816977,-0.0037140940358322,1.0151649725663716,0.3321561762162162,0.0707964601769911,0.0001229473905945,0.0001059981574414,0.0004711478116216,0.0001014810639279,0.0081584774189189,0.0002370018667567,0.0001528247062162,0.0707964601769911,0.0707964601769911,0.0707964601769911,0.0707964601769911,0.0707964601769911,0.0707964601769911,0.0707964601769911,,
2024-04-27 20:35:02.294117888,0.8241760941035068,0.7681543033233804,-0.0092434945840513,1.0151649725663716,0.3321561762162162,0.0707964601769911,0.0001229473905945,0.0001059981574414,0.0004711478116216,0.0001014810639279,0.0081584774189189,0.0002370018667567,0.0001528247062162,0.0707964601769911,0.0707964601769911,0.0707964601769911,0.0707964601769911,0.0707964601769911,0.0707964601769911,0.0707964601769911,,
2024-04-27 23:47:25.421052928,0.8289092738061186,0.7720733390012557,-0.0071473727647202,1.0151649725663716,0.3321561762162162,0.0707964601769911,0.0001229473905945,0.0001059981574414,0.0004711478116216,0.0001014810639279,0.0081584774189189,0.0002370018667567,0.0001528247062162,0.0707964601769911,0.0707964601769911,0.0707964601769911,0.0707964601769911,0.0707964601769911,0.0707964601769911,0.0707964601769911,,
2024-04-28 02:57:27.368420864,0.7359151014910026,0.7512396761414948,-0.0075647652431096,1.0151649725663716,0.3321561762162162,0.0707964601769911,0.0001229473905945,0.0001059981574414,0.0004711478116216,0.0001014810639279,0.0081584774189189,0.0002370018667567,0.0001528247062162,0.0707964601769911,0.0707964601769911,0.0707964601769911,0.0707964601769911,0.0707964601769911,0.0707964601769911,0.0707964601769911,,
2024-04-28 06:07:29.263158016,0.7074070630720826,0.745716053476359,-0.0079855803599542,1.0151649725663716,0.3321561762162162,0.0707964601769911,0.0001229473905945,0.0001059981574414,0.0004711478116216,0.0001014810639279,0.0081584774189189,0.0002370018667567,0.0001528247062162,0.0707964601769911,0.0707964601769911,0.0707964601769911,0.0707964601769911,0.0707964601769911,0.0707964601769911,0.0707964601769911,,
2024-04-28 09:12:48.823529728,0.7229094510275331,0.7536105908061157,-0.0094364659242567,1.0151649725663716,0.3321561762162162,0.0707964601769911,0.0001229473905945,0.0001059981574414,0.0004711478116216,0.0001014810639279,0.0081584774189189,0.0002370018667567,0.0001528247062162,0.0707964601769911,0.0707964601769911,0.0707964601769911,0.0707964601769911,0.0707964601769911,0.0707964601769911,0.0707964601769911,,
2024-04-28 12:27:33.157894912,0.8017236271749653,0.7443183998055108,-0.004426955030011,1.0151649725663716,0.3321561762162162,0.0707964601769911,0.0001229473905945,0.0001059981574414,0.0004711478116216,0.0001014810639279,0.0081584774189189,0.0002370018667567,0.0001528247062162,0.0707964601769911,0.0707964601769911,0.0707964601769911,0.0707964601769911,0.0707964601769911,0.0707964601769911,0.0707964601769911,,
2024-04-28 15:37:35.052631296,0.6651224081798546,0.7294783944874819,-0.0006423271207372,1.0151649725663716,0.3321561762162162,0.0707964601769911,0.0001229473905945,0.0001059981574414,0.0004711478116216,0.0001014810639279,0.0081584774189189,0.0002370018667567,0.0001528247062162,0.0707964601769911,0.0707964601769911,0.0707964601769911,0.0707964601769911,0.0707964601769911,0.0707964601769911,0.0707964601769911,,
2024-04-28 18:45:51.058823168,0.7208161287035182,0.7225998563151217,-0.0038039439736252,1.0151649725663716,0.3321561762162162,0.0707964601769911,0.0001229473905945,0.0001059981574414,0.0004711478116216,0.0001014810639279,0.0081584774189189,0.0002370018667567,0.0001528247062162,0.0707964601769911,0.0707964601769911,0.0707964601769911,0.0707964601769911,0.0707964601769911,0.0707964601769911,0.0707964601769911,,
2024-04-28 21:52:38.888889088,0.7755161696964592,0.7224159221014917,-0.006193223488259,1.0151649725663716,0.3321561762162162,0.0707964601769911,0.0001229473905945,0.0001059981574414,0.0004711478116216,0.0001014810639279,0.0081584774189189,0.0002370018667567,0.0001528247062162,0.0707964601769911,0.0707964601769911,0.0707964601769911,0.0707964601769911,0.0707964601769911,0.0707964601769911,0.0707964601769911,,
2024-04-29 00:57:40.736842240,0.740546375098063,0.7197018339153879,-0.007747647061015,1.0151649725663716,0.3321561762162162,0.0707964601769911,0.0001229473905945,0.0001059981574414,0.0004711478116216,0.0001014810639279,0.0081584774189189,0.0002370018667567,0.0001528247062162,0.0707964601769911,0.0707964601769911,0.0707964601769911,0.0707964601769911,0.0707964601769911,0.0707964601769911,0.0707964601769911,,
2024-04-29 04:07:42.684210432,0.6953492259438576,0.6935270599148566,-0.0111492424723972,1.0151649725663716,0.3321561762162162,0.0707964601769911,0.0001229473905945,0.0001059981574414,0.0004711478116216,0.0001014810639279,0.0081584774189189,0.0002370018667567,0.0001528247062162,0.0707964601769911,0.0707964601769911,0.0707964601769911,0.0707964601769911,0.0707964601769911,0.0707964601769911,0.0707964601769911,-0.01480463883670978,0.00365539636431258
2024-04-29 07:17:44.631579136,0.6740082579397608,0.6955538117790449,-0.0141938891141345,1.0151649725663716,0.3321561762162162,0.0707964601769911,0.0001229473905945,0.0001059981574414,0.0004711478116216,0.0001014810639279,0.0081584774189189,0.0002370018667567,0.0001528247062162,0.0707964601769911,0.0707964601769911,0.0707964601769911,0.0707964601769911,0.0707964601769911,0.0707964601769911,0.0707964601769911,-0.01480463883670978,0.0006107497225752798
2024-04-29 10:27:46.500000256,0.7057516551494132,0.6940176062080166,-0.0113262649180806,1.0151649725663716,0.3321561762162162,0.0707964601769911,0.0001229473905945,0.0001059981574414,0.0004711478116216,0.0001014810639279,0.0081584774189189,0.0002370018667567,0.0001528247062162,0.0707964601769911,0.0707964601769911,0.0707964601769911,0.0707964601769911,0.0707964601769911,0.0707964601769911,0.0707964601769911,-0.01480463883670978,0.0034783739186291796
2024-04-29 13:37:48.473684224,0.6984826573525993,0.676210078784253,-0.0097859968490723,1.0151649725663716,0.3321561762162162,0.0707964601769911,0.0001229473905945,0.0001059981574414,0.0004711478116216,0.0001014810639279,0.0081584774189189,0.0002370018667567,0.0001528247062162,0.0707964601769911,0.0707964601769911,0.0707964601769911,0.0707964601769911,0.0707964601769911,0.0707964601769911,0.0707964601769911,-0.01480463883670978,0.0050186419876374795
2024-04-29 16:32:50.375000064,0.5661506611701839,0.6577097306270681,-0.0112357612963118,1.0151649725663716,0.3321561762162162,0.0707964601769911,0.0001229473905945,0.0001059981574414,0.0004711478116216,0.0001014810639279,0.0081584774189189,0.0002370018667567,0.0001528247062162,0.0707964601769911,0.0707964601769911,0.0707964601769911,0.0707964601769911,0.0707964601769911,0.0707964601769911,0.0707964601769911,-0.01480463883670978,0.0035688775403979797
2024-04-29 20:06:37.375000064,0.6833631749575488,0.647126046906572,-0.0119400472310909,1.0151649725663716,0.3321561762162162,0.0707964601769911,0.0001229473905945,0.0001059981574414,0.0004711478116216,0.0001014810639279,0.0081584774189189,0.0002370018667567,0.0001528247062162,0.0707964601769911,0.0707964601769911,0.0707964601769911,0.0707964601769911,0.0707964601769911,0.0707964601769911,0.0707964601769911,-0.01480463883670978,0.0028645916056188794
2024-04-29 23:07:54.157894912,0.7069902785642626,0.6431400712419242,-0.0102993009749013,1.0151649725663716,0.3321561762162162,0.0707964601769911,0.0001229473905945,0.0001059981574414,0.0004711478116216,0.0001014810639279,0.0081584774189189,0.0002370018667567,0.0001528247062162,0.0707964601769911,0.0707964601769911,0.0707964601769911,0.0707964601769911,0.0707964601769911,0.0707964601769911,0.0707964601769911,-0.01480463883670978,0.00450533786180848
2024-04-30 02:17:56.157894656,0.615248422882587,0.6249088224772728,-0.0118463126475688,1.0151649725663716,0.3321561762162162,0.0707964601769911,0.0001229473905945,0.0001059981574414,0.0004711478116216,0.0001014810639279,0.0081584774189189,0.0002370018667567,0.0001528247062162,0.0707964601769911,0.0707964601769911,0.0707964601769911,0.0707964601769911,0.0707964601769911,0.0707964601769911,0.0707964601769911,-0.01480463883670978,0.0029583261891409796
2024-04-30 05:27:58.052631296,0.5740432416833983,0.6057451522129832,-0.0123084395748435,1.0151649725663716,0.3321561762162162,0.0707964601769911,0.0001229473905945,0.0001059981574414,0.0004711478116216,0.0001014810639279,0.0081584774189189,0.0002370018667567,0.0001528247062162,0.0707964601769911,0.0707964601769911,0.0707964601769911,0.0707964601769911,0.0707964601769911,0.0707964601769911,0.0707964601769911,-0.01480463883670978,0.0024961992618662797
2024-04-30 08:32:59.944444672,0.6000960724593938,0.6099857234975478,-0.0157032704605247,1.0151649725663716,0.3321561762162162,0.0707964601769911,0.0001229473905945,0.0001059981574414,0.0004711478116216,0.0001014810639279,0.0081584774189189,0.0002370018667567,0.0001528247062162,0.0707964601769911,0.0707964601769911,0.0707964601769911,0.0707964601769911,0.0707964601769911,0.0707964601769911,0.0707964601769911,-0.01480463883670978,-0.0008986316238149203
2024-04-30 11:55:05.588235264,0.63813447695793,0.599962969815585,-0.0107103049507022,1.0151649725663716,0.3321561762162162,0.0707964601769911,0.0001229473905945,0.0001059981574414,0.0004711478116216,0.0001014810639279,0.0081584774189189,0.0002370018667567,0.0001528247062162,0.0707964601769911,0.0707964601769911,0.0707964601769911,0.0707964601769911,0.0707964601769911,0.0707964601769911,0.0707964601769911,-0.01480463883670978,0.00409433388600758
2024-04-30 14:58:03.842105088,0.5416704162675501,0.579357985374366,-0.007019199303132,1.0151649725663716,0.3321561762162162,0.0707964601769911,0.0001229473905945,0.0001059981574414,0.0004711478116216,0.0001014810639279,0.0081584774189189,0.0002370018667567,0.0001528247062162,0.0707964601769911,0.0707964601769911,0.0707964601769911,0.0707964601769911,0.0707964601769911,0.0707964601769911,0.0707964601769911,-0.01480463883670978,0.00778543953357778
2024-04-30 18:07:28.312500224,0.5260096249739945,0.566437608941006,-0.0093878595369147,1.0151649725663716,0.3321561762162162,0.0707964601769911,0.0001229473905945,0.0001059981574414,0.0004711478116216,0.0001014810639279,0.0081584774189189,0.0002370018667567,0.0001528247062162,0.0707964601769911,0.0707964601769911,0.0707964601769911,0.0707964601769911,0.0707964601769911,0.0707964601769911,0.0707964601769911,-0.01480463883670978,0.005416779299795079
2024-04-30 21:14:35.941176576,0.6043158027312643,0.5634603545213901,-0.0100333672773255,1.0151649725663716,0.3321561762162162,0.0707964601769911,0.0001229473905945,0.0001059981574414,0.0004711478116216,0.0001014810639279,0.0081584774189189,0.0002370018667567,0.0001528247062162,0.0707964601769911,0.0707964601769911,0.0707964601769911,0.0707964601769911,0.0707964601769911,0.0707964601769911,0.0707964601769911,-0.01480463883670978,0.004771271559384279
2024-05-01 00:18:09.526315520,0.593158391819884,0.5575182520865256,-0.0081032710475436,1.0151649725663716,0.3321561762162162,0.0707964601769911,0.0001229473905945,0.0001059981574414,0.0004711478116216,0.0001014810639279,0.0081584774189189,0.0002370018667567,0.0001528247062162,0.0707964601769911,0.0707964601769911,0.0707964601769911,0.0707964601769911,0.0707964601769911,0.0707964601769911,0.0707964601769911,-0.01480463883670978,0.00670136778916618
2024-05-01 03:28:11.473684224,0.5215454185932913,0.5322908765181436,-0.0111472626578622,1.0152204142857142,0.3317713374074074,0.0,0.0001229764849206,0.0001067592667354,0.0004651790613756,0.0001012965040793,0.0081145503386243,0.0002339556381481,0.0001518507547089,0.0,0.0,0.0,0.0,0.0,0.0,0.0,-0.01480463883670978,0.0036573761788475795
2024-05-01 06:38:13.473684480,0.4989650349823478,0.523344870435911,-0.0151079353447907,1.0152898484042552,0.3321770667582417,0.1276595744680851,0.0001238119501098,0.0001056362387637,0.000469231802912,0.0001030733358956,0.0080894922774725,0.0002367511907692,0.0001531618501098,0.1276595744680851,0.1276595744680851,0.1276595744680851,0.1276595744680851,0.1276595744680851,0.1276595744680851,0.1276595744680851,-0.01480463883670978,-0.00030329650808092086
2024-05-01 10:04:15.533333504,0.5472479519068543,0.5249321403157348,-0.013755860236184,1.0153648361702128,0.3326126569892473,0.0425531914893617,0.0001229573397258,0.0001038419334677,0.0004669864453225,9.96244652096774e-05,0.0079936722526881,0.0002346504117741,0.0001524087501612,0.0425531914893617,0.0425531914893617,0.0425531914893617,0.0425531914893617,0.0425531914893617,0.0425531914893617,0.0425531914893617,-0.01480463883670978,0.0010487786005257804
2024-05-01 12:58:17.263158016,0.5466171505456145,0.509297523341186,-0.0112290810585837,1.0154281101063831,0.3336883362765958,0.0,0.0001217049356755,0.0001015590547393,0.0004658106930851,0.0001004945470425,0.0081262544095744,0.0002357627838829,0.0001540796632446,0.0,0.0,0.0,0.0,0.0,0.0,0.0,-0.01480463883670978,0.0035755577781260792
2024-05-01 16:08:19.263158272,0.4110880968424908,0.4898143841962729,-0.0103398342737269,1.015497125,0.3344982432758621,0.2978723404255319,0.0001213884160057,0.0001023804487816,0.0004695964905172,0.0001037070116494,0.0081853633275862,0.0002405382482758,0.0001575673390804,0.2978723404255319,0.2978723404255319,0.2978723404255319,0.2978723404255319,0.2978723404255319,0.2978723404255319,0.2978723404255319,-0.01480463883670978,0.00446480456298288
2024-05-01 19:09:46.785714432,0.4611563615274576,0.4785741408304413,-0.0123243251336731,1.0155627973404255,0.3345717564150944,0.6170212765957447,0.0001221297682641,0.0001026616955786,0.0004699916292452,0.0001027420025283,0.0082014903962264,0.0002419497506289,0.0001552581359119,0.6170212765957447,0.6170212765957447,0.6170212765957447,0.6170212765957447,0.6170212765957447,0.6170212765957447,0.6170212765957447,-0.01480463883670978,0.0024803137030366806
2024-05-01 22:28:23.052631296,0.5402950538924074,0.4760777041124129,-0.0107635530417042,1.015634913297872,0.3343654284042553,0.0,0.0001229148830638,0.0001028046453989,0.0004730177288829,0.0001025014060053,0.0082212396329787,0.0002410217887765,0.0001548453477659,0.0,0.0,0.0,0.0,0.0,0.0,0.0,-0.01480463883670978,0.00404108579500558
2024-05-02 01:38:25.052631296,0.4636042499603263,0.4618316695179361,-0.008635636629224,1.0157037329787235,0.3347500138709677,0.0425531914893617,0.0001230977843548,0.0001017489973709,0.0004719339684408,0.0001033266169354,0.0082359179516129,0.0002411708166666,0.0001545101304838,0.0425531914893617,0.0425531914893617,0.0425531914893617,0.0425531914893617,0.0425531914893617,0.0425531914893617,0.0425531914893617,-0.01480463883670978,0.00616900220748578
2024-05-02 04:48:26.947368448,0.4178101395156659,0.4387374667770195,-0.0097743361196222,1.0157724170212763,0.3354350560106383,0.0,0.0001233579112234,0.0001018285569787,0.0004744494625531,0.0001016589939893,0.0082551453776595,0.000242057228351,0.0001555076740957,0.0,0.0,0.0,0.0,0.0,0.0,0.0,-0.01480463883670978,0.005030302717087579
2024-05-02 07:47:45.928571392,0.4203832283008069,0.4427213683230649,-0.0115314006821743,1.0158370388297873,0.3354558165934065,0.1276595744680851,0.0001218229386043,0.0001005248289285,0.0004734652921978,0.0001033732213351,0.0081429029725274,0.0002412603221978,0.0001534719493406,0.1276595744680851,0.1276595744680851,0.1276595744680851,0.1276595744680851,0.1276595744680851,0.1276595744680851,0.1276595744680851,-0.01480463883670978,0.0032732381545354794
2024-05-02 11:13:30.888889088,0.4764971045200923,0.4442574765346055,-0.007844486774591,1.0159113138297873,0.3361255753723403,0.0,0.0001210540880691,0.0001020979437925,0.0004789566149468,0.0001044633007659,0.0082376448085106,0.0002431156451063,0.0001556607671276,0.0,0.0,0.0,0.0,0.0,0.0,0.0,-0.01480463883670978,0.00696015206211878
2024-05-02 14:18:32.736842240,0.4190336405565631,0.4291952687108089,-0.0024761748651987,1.01597792393617,0.3365264777127659,0.0,0.0001212371895159,0.0001041387418297,0.0004798204923404,0.0001046851473776,0.0083057593829787,0.000244429822234,0.0001567005235106,0.0,0.0,0.0,0.0,0.0,0.0,0.0,-0.01480463883670978,0.01232846397151108
2024-05-02 17:24:41.333333504,0.3387693258773652,0.417992852339397,-0.0040362775006182,1.0160448026595743,0.336835264574468,0.0,0.0001235146220212,0.0001048182621223,0.000483903556968,0.0001061366229787,0.0083414918297872,0.0002473778482978,0.0001594106473936,0.0,0.0,0.0,0.0,0.0,0.0,0.0,-0.01480463883670978,0.010768361336091579
2024-05-02 20:35:04.823529472,0.4469432107568991,0.4157057090805615,-0.0054359703794792,1.0161132031746032,0.3367273281283422,0.0423280423280423,0.0001242623680748,0.0001044364049839,0.0004840366417647,0.0001062635226791,0.0083414041925133,0.0002477837796256,0.0001594445284491,0.0423280423280423,0.0423280423280423,0.0423280423280423,0.0423280423280423,0.0423280423280423,0.0423280423280423,0.0423280423280423,-0.01480463883670978,0.00936866845723058
2024-05-02 23:38:38.473683968,0.4749813354313232,0.4175409573160462,-0.0036331935551515,1.0161789776595749,0.3370240817021276,0.0,0.0001244282751063,0.0001043388200319,0.0004878675401063,0.0001075312615691,0.0083748304867021,0.0002497036243617,0.0001608516646276,0.0,0.0,0.0,0.0,0.0,0.0,0.0,-0.01480463883670978,0.011171445281558279
2024-05-03 02:48:40.368421120,0.4047351834782375,0.3985843096590997,-0.0061637600687125,1.01624697393617,0.3378386265425532,0.0,0.0001250783379255,0.0001055140335744,0.0004963312555319,0.000108654866851,0.0084271067074468,0.0002529661709574,0.000162416061968,0.0,0.0,0.0,0.0,0.0,0.0,0.0,-0.01480463883670978,0.00864087876799728
2024-05-03 05:58:42.368421120,0.3627825026176197,0.3886098484020724,-0.0090810371883094,1.0163149021276596,0.3380823897340425,0.0,0.0001250300149999,0.0001072005262234,0.0004988603317553,0.0001053138893723,0.0084355082606382,0.0002503030156382,0.0001598933882978,0.0,0.0,0.0,0.0,0.0,0.0,0.0,-0.0152572579853959,0.006176220797086501
2024-05-03 09:19:24.466666496,0.3972258501861461,0.3956006010351669,-0.0123626639871588,1.0163866468085108,0.3379052686702128,0.0,0.0001258287646808,0.0001092981926436,0.0004959076507978,0.0001038618901648,0.0082595611861702,0.0002468837573404,0.000157727907234,0.0,0.0,0.0,0.0,0.0,0.0,0.0,-0.014647959801909569,0.0022852958147507683
2024-05-03 12:23:46.222222336,0.4369004624201693,0.3863863479212834,-0.010189824397229,1.0164522212765958,0.3389587922340425,0.0,0.0001257706079787,0.00011077394525,0.0004930045224468,0.000102015128984,0.008384935287234,0.0002472559036702,0.0001558224582446,0.0,0.0,0.0,0.0,0.0,0.0,0.0,-0.01499794381554477,0.0048081194183157705
2024-05-03 15:28:48.157894912,0.3058872756075743,0.3724432002567002,-0.005266464869473,1.0165182275132276,0.3398386784656084,0.0,0.0001280761964021,0.0001134310094761,0.0004985173069312,0.0001059558799841,0.0084409379973544,0.0002504806388359,0.0001563331080952,0.0,0.0,0.0,0.0,0.0,0.0,0.0,-0.014221429531549645,0.008954964662076646
2024-05-03 18:35:53.529411840,0.329263489243317,0.3600982118922439,-0.0078296604049162,1.0165846603174602,0.3397724878835979,0.0,0.0001290894284126,0.0001095293626031,0.0004973568427513,0.0001054815163386,0.0084303856825396,0.0002496957397883,0.0001543627637566,0.0,0.0,0.0,0.0,0.0,0.0,0.0,-0.012600621045848776,0.0047709606409325755
2024-05-03 21:50:37.823529216,0.4016860995752154,0.3589801965014202,-0.0080978260306039,1.0166536473404255,0.3396536302659574,0.0,0.0001276164265957,0.0001080574928244,0.0005005004621276,0.0001052557444787,0.0084297524202127,0.0002525355572872,0.000155228640851,0.0,0.0,0.0,0.0,0.0,0.0,0.0,-0.013673764384542583,0.005575938353938683
2024-05-04 00:58:53.894736384,0.3640149327319477,0.349804038978473,-0.0078666724916634,1.0167203708994708,0.3396182762433862,0.0,0.0001282846601587,0.0001091406620952,0.0005035632666666,0.0001052713238941,0.008433511010582,0.0002528666020634,0.0001557193587301,0.0,0.0,0.0,0.0,0.0,0.0,0.0,-0.013865597158381801,0.0059989246667184
2024-05-04 04:02:15.800000256,0.3494930064500749,0.3219863064776152,-0.0114928484759237,1.0167852265957444,0.3394627483510637,0.0,0.0001279286431914,0.0001076711896489,0.0004963123387765,0.0001054947087659,0.0083866322207446,0.0002507256637765,0.0001537026518617,0.0,0.0,0.0,0.0,0.0,0.0,0.0,-0.014021380849573578,0.0025285323736498784
2024-05-04 07:10:57.599999744,0.2936302881981305,0.3186014479453673,-0.0159386182257786,1.0168517444444445,0.3402286229629629,0.0,0.0001287645385714,0.0001058968002222,0.0005021131981481,0.0001067152359153,0.008329201084656,0.000253131505238,0.0001562897419047,0.0,0.0,0.0,0.0,0.0,0.0,0.0,-0.01355779787135411,-0.0023808203544244885
2024-05-04 10:45:25.499999744,0.3527203641002074,0.3162216362642375,-0.015767199039764,1.0169272946808512,0.3401834405851064,0.0,0.0001265162125,0.0001048109951276,0.0004970441203191,0.0001045013738882,0.0083209273297872,0.0002490371560638,0.0001522719013297,0.0,0.0,0.0,0.0,0.0,0.0,0.0,-0.01450384908510191,-0.0012633499546620894
2024-05-04 13:39:01.631578880,0.3146404324796208,0.298492590132096,-0.0135849572224022,1.016988291005291,0.341372710952381,0.0,0.0001267776272486,0.0001065570705555,0.0004991520592592,0.0001041639537301,0.0084436022804232,0.0002489419307407,0.0001518685863492,0.0,0.0,0.0,0.0,0.0,0.0,0.0,-0.013486651785282078,-9.8305437120123e-05
2024-05-04 16:40:14.058823424,0.1865408699124486,0.2793779655770107,-0.0152253805654756,1.0170519925531916,0.3415575280851063,0.0,0.0001261880832978,0.0001060761344734,0.0004977210767021,0.0001029006019574,0.0084515187925531,0.0002494772571276,0.0001531799893085,0.0,0.0,0.0,0.0,0.0,0.0,0.0,-0.013003451497190649,-0.0022219290682849516
2024-05-04 19:57:05.533332992,0.2754235488173435,0.2637933265192739,-0.014058907869158,1.0171208291005291,0.3412799082352941,0.0423280423280423,0.0001265016174331,0.0001062330956577,0.0004982461998395,0.0001018750774117,0.0084678867379679,0.0002476801859893,0.0001526936457219,0.0423280423280423,0.0423280423280423,0.0423280423280423,0.0423280423280423,0.0423280423280423,0.0423280423280423,0.0423280423280423,-0.011743990471088886,-0.002314917398069114
2024-05-04 22:59:07.368420864,0.3078451841131482,0.2590745770329161,-0.0124146133091443,1.017184466137566,0.3417498623280424,0.0,0.0001280324491534,0.0001085003365396,0.0005053414583068,0.0001037055988835,0.0085062496798941,0.00025373438,0.0001559063023809,0.0,0.0,0.0,0.0,0.0,0.0,0.0,-0.01172824511376662,-0.0006863681953776807
2024-05-05 02:09:09.263158272,0.2421246843859421,0.2371641958688239,-0.0115139739475059,1.0172507746031745,0.3415583166137566,0.0,0.0001273325908465,0.0001089590673227,0.0005051352410052,0.0001035662926455,0.0085190938809523,0.0002521125817989,0.0001541854957671,0.0,0.0,0.0,0.0,0.0,0.0,0.0,-0.011074314425817133,-0.00043965952168876707
2024-05-05 05:19:11.157894656,0.1919833117361804,0.2155322857969016,-0.0128716844990397,1.0173169544973544,0.3413512108994709,0.0,0.0001262059814285,0.0001075132567724,0.0005007018142328,0.0001023522185555,0.0084661583121693,0.0002499546468783,0.0001508657747619,0.0,0.0,0.0,0.0,0.0,0.0,0.0,-0.010347300619573702,-0.002524383879465998
2024-05-05 08:22:33.133332992,0.2092312549304438,0.217705422129427,-0.0159165150821924,1.0173807462765958,0.3421671736702127,0.0,0.0001265614034574,0.0001083994310478,0.0005034413143085,0.0001026651961382,0.0083673229787234,0.0002510967512234,0.0001515073340957,0.0,0.0,0.0,0.0,0.0,0.0,0.0,-0.011519648935132229,-0.004396866147060172
2024-05-05 11:44:15.055555584,0.2511615428209097,0.2097311318005444,-0.0120433702763345,1.0174508313829789,0.3435562299468085,0.0,0.0001289649521808,0.0001149704789627,0.0005185726345744,0.0001062899423936,0.0085443110106382,0.0002575002553191,0.0001563383042553,0.0,0.0,0.0,0.0,0.0,0.0,0.0,-0.012526001087417776,0.00048263081108327645
2024-05-05 14:49:16.842105344,0.1555269336233777,0.1901776501418718,-0.0090583514246475,1.0175148813829786,0.343944631968085,0.0,0.0001285957317553,0.0001159680069946,0.0005140452607978,0.0001042631988989,0.008608433375,0.0002556635243085,0.0001540410390425,0.0,0.0,0.0,0.0,0.0,0.0,0.0,-0.013411509958221782,0.004353158533574281
2024-05-05 17:56:22.235293952,0.1199532418323201,0.1754880738918321,-0.0100800420380608,1.0175794994680851,0.3443972193085106,0.0,0.0001308494580319,0.000117711175351,0.0005250236905851,0.0001069009455744,0.0086758488457446,0.0002580358478723,0.000158101655,0.0,0.0,0.0,0.0,0.0,0.0,0.0,-0.013174198450489727,0.0030941564124289268
2024-05-05 21:09:20.736842240,0.2060990969051772,,,1.0176460531914893,0.3438965493010752,0.0425531914893617,0.0001309378584946,0.000114704344629,0.0005148015862903,0.0001042754291612,0.0086215792795698,0.0002525958613978,0.0001538995796236,0.0425531914893617,0.0425531914893617,0.0425531914893617,0.0425531914893617,0.0425531914893617,0.0425531914893617,0.0425531914893617,-0.014089865781431052,
2024-05-06 00:19:22.631578880,0.2036549358574007,,,1.017711460638298,0.344514235,0.0,0.0001303629528191,0.0001122188765425,0.0005157284061702,0.0001053352893617,0.0086512286755319,0.0002553631281914,0.0001551697526063,0.0,0.0,0.0,0.0,0.0,0.0,0.0,-0.013687471462620865,
2024-05-06 03:29:24.578947328,0.1318638491850947,,,1.017776714361702,0.3456894358510638,0.0,0.0001320551704255,0.0001146477920053,0.0005219477988829,0.0001074837554787,0.0086921830053191,0.0002600218279255,0.000156772821117,0.0,0.0,0.0,0.0,0.0,0.0,0.0,-0.013459422830816747,
2024-05-06 06:39:26.526315520,0.1099184981355847,,,1.0178418186170213,0.3480377139893617,0.0,0.0001385393347872,0.0001211061772234,0.0005528372786702,0.0001170559686861,0.0087611440265957,0.0002793911910106,0.0001692096970744,0.0,0.0,0.0,0.0,0.0,0.0,0.0,-0.014396635966258328,
2024-05-06 10:17:48.000000000,,,,1.0179165100529102,0.3468322402116401,0.0,0.0001344437391005,0.0001211781450052,0.0005326027489417,0.0001068567501534,0.0086347656058201,0.0002616666674074,0.0001569162708465,0.0,0.0,0.0,0.0,0.0,0.0,0.0,-0.013194351782641028,
2024-05-06 13:09:30.470588160,0.1715419612252731,,,1.017975,0.3467082158510638,0.0,0.0001346029631914,0.0001216043411117,0.0005259212015957,0.0001050773309521,0.0086779310824468,0.0002578712492021,0.0001550087987765,0.0,0.0,0.0,0.0,0.0,0.0,0.0,-0.015061540823350567,
2024-05-06 16:09:32.315789312,0.0277604441384369,,,1.0180362723404257,0.3466398417021277,0.0,0.0001338270834042,0.0001195047390372,0.0005191668282978,0.0001044859057393,0.008658389143617,0.0002566519657446,0.000156727956968,0.0,0.0,0.0,0.0,0.0,0.0,0.0,-0.01524897118488093,
2024-05-06 18:52:54.111111168,0.0844398327988642,,,1.0180918126984126,0.3464077384491978,0.0423280423280423,0.0001341391557754,0.0001192647531122,0.00051572856877,0.0001043912096363,0.0086478127647058,0.000255258856524,0.0001556089571122,0.0423280423280423,0.0423280423280423,0.0423280423280423,0.0423280423280423,0.0423280423280423,0.0423280423280423,0.0423280423280423,-0.014639530071464166,
2024-05-06 22:24:36.111111168,0.1589507508265342,,,1.0181634973404254,0.3478200396710527,0.7659574468085106,0.0001376555800657,0.0001222927997894,0.0005344719326315,0.0001091411499736,0.0087482096217105,0.0002679084304605,0.0001619637547368,0.7659574468085106,0.7659574468085106,0.7659574468085106,0.7659574468085106,0.7659574468085106,0.7659574468085106,0.7659574468085106,-0.014865545862277105,
2024-05-07 01:29:38.000000000,0.0937152214601724,0.0866077977736002,-0.0079535963875514,1.0182260420212763,0.3482379762234043,0.0,0.0001398738963297,0.0001279406307446,0.0005444923270212,0.0001085863038882,0.0088172981702127,0.0002711331712234,0.0001642518104787,0.0,0.0,0.0,0.0,0.0,0.0,0.0,-0.013372545532056829,0.0054189491445054295
2024-05-07 04:39:39.947368448,0.0491607882635776,0.0629463226448794,-0.0094103569470329,1.018290144148936,0.3474125772340425,0.0,0.000137830838617,0.0001269787616489,0.0005329339092021,0.0001065158349521,0.0087217234148936,0.0002645710515425,0.0001615683428723,0.0,0.0,0.0,0.0,0.0,0.0,0.0,-0.014172246563118246,0.004761889616085346
2024-05-07 07:47:55.941176576,0.0536192179455952,0.0655299236810012,-0.0131380781013263,1.0183535973544973,0.3478783385185184,0.0,0.0001383214968783,0.0001280221153439,0.0005367358436507,0.000107045103619,0.0086150277486772,0.0002649751973544,0.0001607660795767,0.0,0.0,0.0,0.0,0.0,0.0,0.0,-0.01571500232045009,0.002576924219123788
2024-05-07 11:14:43.937500160,0.0974632668829826,0.0648954478335907,-0.0106822772420931,1.0184229462765957,0.3480337439361702,0.0,0.0001365063118617,0.0001273908281914,0.0005300240179787,0.0001082970868351,0.0086274802127659,0.000262737156117,0.0001615240063829,0.0,0.0,0.0,0.0,0.0,0.0,0.0,-0.015416853965711977,0.004734576723618877
2024-05-07 14:09:45.736842240,0.0428186964209658,0.0473156035648558,-0.0071218883543925,1.0184815787234045,0.3482564542021277,0.0,0.0001365511238297,0.0001269111560638,0.000528770409734,0.0001084251061808,0.0086771906143617,0.0002615259995744,0.0001607014073936,0.0,0.0,0.0,0.0,0.0,0.0,0.0,-0.013171783667470988,0.006049895313078487
2024-05-07 17:15:20.944444416,-0.0414113149332138,0.0317706670557779,-0.0094889075755418,1.0185437622340423,0.3486890277540107,0.0212765957446808,0.0001389064052406,0.0001291451338502,0.0005373309864171,0.0001105164437112,0.0087291680561497,0.0002651115727272,0.0001615776561497,0.0212765957446808,0.0212765957446808,0.0212765957446808,0.0212765957446808,0.0212765957446808,0.0212765957446808,0.0212765957446808,-0.014239379145408404,0.0047504715698666045
2024-05-07 20:30:56.222222336,0.0510128534635327,0.0251551881228743,-0.010849676754114,1.0186089603174602,0.3495933328877005,0.0423280423280423,0.0001423601112834,0.000131239660909,0.0005541908617112,0.0001129355403315,0.0088177901711229,0.000272091936631,0.0001631070882352,0.0423280423280423,0.0423280423280423,0.0423280423280423,0.0423280423280423,0.0423280423280423,0.0423280423280423,0.0423280423280423,-0.012352311335512955,0.001502634581398956
2024-05-07 23:39:51.526315776,0.07872955017217,0.02268236643443,-0.0080637652937724,1.0186718343915344,0.3491467814285714,0.0,0.0001437028032804,0.0001349218706878,0.0005479559117989,0.0001107934047142,0.0087920736031746,0.0002684790062962,0.000162667115238,0.0,0.0,0.0,0.0,0.0,0.0,0.0,-0.01430511880623983,0.006241353512467431
2024-05-08 02:49:53.473684224,0.0007321524079202,0.0006568816949083,-0.0100619210702025,1.0187348894179895,0.3489711704761905,0.0,0.0001455761106349,0.0001351428373544,0.0005536116835978,0.0001127165006507,0.008804504021164,0.0002720445015873,0.0001667922464021,0.0,0.0,0.0,0.0,0.0,0.0,0.0,-0.013714838273990781,0.0036529172037882817
2024-05-08 05:59:55.368420864,-0.0461892071215288,-0.0150980148713794,-0.0131905868010666,1.0187978095238095,0.3502818007222222,0.1904761904761904,0.0001488922167777,0.0001397968246111,0.0005773004161666,0.0001170763772833,0.0088787990333333,0.0002848579868888,0.0001711513380555,0.1904761904761904,0.1904761904761904,0.1904761904761904,0.1904761904761904,0.1904761904761904,0.1904761904761904,0.1904761904761904,-0.012969853026614298,-0.00022073377445230163
2024-05-08 09:04:39.647058944,-0.0103785221325551,-0.0107965717861652,-0.0145567159592132,1.0188587659574468,0.3493642152127659,0.0,0.0001498406321276,0.0001429784390957,0.0005614818757978,0.0001122328258191,0.0086873277712765,0.0002717775965425,0.0001655216167021,0.0,0.0,0.0,0.0,0.0,0.0,0.0,-0.007190131792074936,-0.007366584167138264
2024-05-08 12:24:59.333333248,0.0313638227495971,-0.0198324871710155,-0.0107068514026688,1.018924843915344,0.3499929878835978,0.0,0.0001497024788888,0.0001425716316931,0.0005707361255026,0.0001146335784074,0.0088127128068783,0.0002794117950793,0.0001710115114285,0.0,0.0,0.0,0.0,0.0,0.0,0.0,-0.012903188419640652,0.0021963370169718523
2024-05-08 15:30:01.157894656,-0.1007660957727125,-0.0359533910592138,-0.0055950881341099,1.0189856682539684,0.3491675209523809,0.0,0.0001475277125925,0.0001404154341798,0.0005533308160317,0.0001115107194338,0.0087937917063492,0.0002683530519047,0.0001679303981481,0.0,0.0,0.0,0.0,0.0,0.0,0.0,-0.013789637465609475,0.008194549331499575
2024-05-08 18:25:22.933333504,-0.0989753726756248,-0.0467366123067323,-0.0065621893625509,1.0190432414893615,0.3499746681914893,0.0,0.0001488180161702,0.0001427278609574,0.0005699666812765,0.0001157155585478,0.0088890500851063,0.0002787600607446,0.0001722484901595,0.0,0.0,0.0,0.0,0.0,0.0,0.0,-0.0129907024968135,0.0064285131342626
2024-05-08 21:45:05.000000000,-0.0026983271662857,-0.0489897029878091,-0.0078319329934165,1.0191085269841271,0.351033017852349,0.8465608465608465,0.0001548328946979,0.0001498717051006,0.0005910277583221,0.000121588822557,0.0089885752583892,0.0002925683573825,0.0001781179068456,0.8465608465608465,0.8465608465608465,0.8465608465608465,0.8465608465608465,0.8465608465608465,0.8465608465608465,0.8465608465608465,-0.013510729169923921,0.005678796176507421
2024-05-09 00:50:06.842105088,-0.0303103850001207,-0.0554319100935332,-0.0059055801285628,1.019168970899471,0.3484767687301587,0.0,0.0001506238396296,0.0001453937607407,0.0005604515723809,0.0001128893526084,0.0088508609365079,0.0002722738829629,0.0001685886562433,0.0,0.0,0.0,0.0,0.0,0.0,0.0,-0.010557498881392582,0.0046519187528297826
2024-05-09 04:00:08.789473536,-0.0663585848216143,-0.0789066082030684,-0.0069710390678144,1.0192308698412698,0.3483003770899471,0.0,0.0001504705131216,0.0001466597697883,0.0005556474410582,0.0001121177387566,0.0087984104259259,0.0002689371891005,0.0001675352328042,0.0,0.0,0.0,0.0,0.0,0.0,0.0,-0.009494183270417081,0.002523144202602681
2024-05-09 07:10:10.736842496,-0.0963168388197459,-0.0790569825994932,-0.0103401868411159,1.019292598941799,0.3485667846031746,0.0,0.0001514443045502,0.0001481055201587,0.0005587570107407,0.0001139480586084,0.0087278621613756,0.0002715673563492,0.0001694923292592,0.0,0.0,0.0,0.0,0.0,0.0,0.0,-0.010741256471117483,0.0004010696300015826
2024-05-09 10:21:52.499999744,-0.0664670232512207,-0.0745923024849477,-0.0106491372838083,1.0193548312169312,0.3511533002116402,0.0,0.0001556931817989,0.0001541787020634,0.0005871731298941,0.0001225167516931,0.008824440026455,0.0002910683261904,0.0001822824214285,0.0,0.0,0.0,0.0,0.0,0.0,0.0,-0.011114087897687419,0.00046495061387911985
2024-05-09 13:30:14.473683968,-0.0683583860840713,-0.0879162349766159,-0.0078594004810099,1.0194157787234042,0.3493754384574468,0.0,0.0001531162087765,0.0001535730337234,0.0005598651736702,0.0001147044180691,0.0088037799547872,0.0002713411563829,0.0001727377205319,0.0,0.0,0.0,0.0,0.0,0.0,0.0,-0.01076186072496127,0.0029024602439513703
2024-05-09 16:30:16.411764736,-0.1799084602362199,-0.1032564739452494,-0.0084226663657157,1.0194738436170212,0.3491656188297873,0.0,0.0001520926549468,0.0001515033203723,0.0005582984714893,0.0001148442846436,0.0087844371515957,0.0002723365968617,0.0001736833017553,0.0,0.0,0.0,0.0,0.0,0.0,0.0,-0.011144142647065591,0.0027214762813498918
2024-05-09 19:52:04.294117632,-0.1021194653405359,-0.1115734085131583,-0.0078781437379158,1.0195386862433862,0.3493758025396825,1.3333333333333333,0.0001513585911904,0.0001532555411111,0.0005553948505555,0.0001108580630079,0.0088026493690476,0.0002687450592063,0.0001680251539682,1.3333333333333333,1.3333333333333333,1.3333333333333333,1.3333333333333333,1.3333333333333333,1.3333333333333333,1.3333333333333333,-0.010736928362729464,0.002858784624813664
2024-05-09 23:00:20.263158016,-0.0587932516447153,-0.1111271133945781,-0.0053218812127558,1.0195991813829786,0.3482333514189189,0.851063829787234,0.0001519410480405,0.0001555934727702,0.0005532654881081,0.0001114439840675,0.0087812384087837,0.0002657075219594,0.0001688799729729,0.851063829787234,0.851063829787234,0.851063829787234,0.851063829787234,0.851063829787234,0.851063829787234,0.851063829787234,-0.010026163767856228,0.004704282555100428
2024-05-10 02:10:22.210525952,-0.1226137195912997,-0.1244142071708501,-0.0065951239570154,1.0196599617021276,0.3479694947872341,0.0,0.0001529411326595,0.0001565448806382,0.0005427385112765,0.0001122392899627,0.0087408853803191,0.000261337124734,0.0001681154440425,0.0,0.0,0.0,0.0,0.0,0.0,0.0,-0.010230630008675148,0.0036355060516597487
2024-05-10 05:20:24.157894912,-0.1683725357178218,-0.1415466617587778,-0.0084662235467552,1.019720664361702,0.3492085087765957,0.0,0.0001548280089893,0.0001545035542021,0.0005536098784574,0.0001197287233457,0.0087681691010638,0.0002731803595744,0.0001798008993085,0.0,0.0,0.0,0.0,0.0,0.0,0.0,-0.008313580400230447,-0.00015264314652475332
2024-05-10 08:22:26.000000000,-0.1412109959327949,-0.1336393040895636,-0.009476078716843,1.0197786664893618,0.3505058429255319,0.0,0.0001576744943617,0.000159981706117,0.0005701072904255,0.0001194995984734,0.0087219587978723,0.0002793952378191,0.0001778573418617,0.0,0.0,0.0,0.0,0.0,0.0,0.0,-0.006287803615227738,-0.003188275101615262
2024-05-10 11:47:44.294117632,-0.092300182752524,-0.1300240019695277,-0.0025789216324672,1.0198438462765955,0.3503947125531915,0.0,0.0001561219115425,0.0001613208847872,0.0005509091886702,0.0001157814202712,0.0087746297420212,0.0002667212585638,0.0001726520890425,0.0,0.0,0.0,0.0,0.0,0.0,0.0,-0.00890407318020843,0.00632515154774123
2024-05-10 14:47:46.052631552,-0.1860508672376681,-0.1318355264264014,0.0070187762421303,1.0199009409574469,0.3520458815957447,0.0,0.0001582511191489,0.0001608187280851,0.00055506099,0.0001168994662606,0.0088606411675531,0.000269239779468,0.0001739886715957,0.0,0.0,0.0,0.0,0.0,0.0,0.0,-0.006352784477623899,0.013371560719754198
2024-05-10 17:54:16.235293952,-0.222550477375421,-0.1223302760259343,0.0141051975076758,1.0199601132978724,0.3529630691489361,0.0,0.0001577324798404,0.0001581716334042,0.0005528456420212,0.0001153674851595,0.008877556893617,0.0002703893760638,0.0001738970457978,0.0,0.0,0.0,0.0,0.0,0.0,0.0,-0.007784653374101336,0.021889850881777136
2024-05-10 21:09:09.933333248,-0.1087422412132923,-0.0961412132511061,0.0229122962187896,1.0200215164021162,0.3533914061290322,0.0634920634920634,0.0001571079815053,0.0001600826929569,0.0005542288737634,0.0001160484775053,0.0088966964086021,0.0002715488546236,0.0001751448848924,0.0634920634920634,0.0634920634920634,0.0634920634920634,0.0634920634920634,0.0634920634920634,0.0634920634920634,0.0634920634920634,-0.005777930128129452,0.028690226346919052
2024-05-11 00:17:51.842105344,-0.0695817462602121,-0.0671613703155079,0.0335397345778953,1.0200810984126985,0.3551318431216931,0.0,0.0001620121118518,0.0001657638677777,0.0005739897549735,0.0001245398998783,0.009013882021164,0.0002839680423809,0.0001915808389947,0.0,0.0,0.0,0.0,0.0,0.0,0.0,-0.0030502682642328943,0.0365900028421282
2024-05-11 03:27:53.842105344,-0.0750969717565794,-0.0516128415685935,0.0390980299604914,1.0201408322751322,0.3559000474603174,0.0,0.0001590637759788,0.0001661753646031,0.0005676213404761,0.0001173415859365,0.0090682904682539,0.0002771278761904,0.000177569347619,0.0,0.0,0.0,0.0,0.0,0.0,0.0,-0.0074787446954535375,0.04657677465594494
2024-05-11 06:32:55.666666752,-0.0370664659870954,-0.0207062171714116,0.0374763007484394,1.020198823280423,0.3555013651851851,0.0,0.0001587291522222,0.0001653165862962,0.0005535830044973,0.0001143680966772,0.0089331736269841,0.0002704741997354,0.0001740402021164,0.0,0.0,0.0,0.0,0.0,0.0,0.0,-0.007968296399658237,0.045444597148097635
2024-05-11 09:46:42.562500096,0.0673290292556316,0.0252407061845285,0.0347678157314021,1.0202593377659577,0.3567801243085106,0.0,0.0001617696767553,0.0001674667070212,0.0005584636152127,0.0001160127787553,0.008877665305851,0.0002730826138297,0.0001762023870212,0.0,0.0,0.0,0.0,0.0,0.0,0.0,-0.007058785685090496,0.041826601416492595
2024-05-11 12:47:59.473684224,0.1196075904875897,0.0538193260582223,0.0318175455459453,1.0203159698412698,0.3585761267195767,0.0,0.0001650834204232,0.0001710318477248,0.0005691001080952,0.0001184695724338,0.0090560158439153,0.0002788793173544,0.0001827725795767,0.0,0.0,0.0,0.0,0.0,0.0,0.0,-0.0011149162153114428,0.03293246176125674
2024-05-11 15:53:34.777777664,0.0476365759697046,0.0737559286913488,0.025269346278056,1.0203737122340426,0.3602248878723404,0.0,0.0001662845273404,0.0001734501452127,0.000572696551117,0.0001160276026329,0.009146640893617,0.0002788150237234,0.0001801056946808,0.0,0.0,0.0,0.0,0.0,0.0,0.0,-0.005550572777165488,0.03081991905522149
2024-05-11 18:57:23.333333504,0.0921087523369692,0.0953109180754773,0.0158744048413439,1.0204308622340428,0.3608409820967741,0.0425531914893617,0.0001655408351612,0.0001717094455376,0.0005625989453763,0.0001143105571774,0.0091588388333333,0.0002765666097849,0.0001780511763978,0.0425531914893617,0.0425531914893617,0.0425531914893617,0.0425531914893617,0.0425531914893617,0.0425531914893617,0.0425531914893617,-0.0051111379951039315,0.02098554283644783
2024-05-11 22:18:05.263158272,0.1909718328280405,0.1187698370078843,0.0100931485914022,1.0204929973544974,0.3613675455555555,0.0,0.0001639858200529,0.0001685993780952,0.0005591791373544,0.0001148740891904,0.0091529697962962,0.000276212832328,0.0001766768342857,0.0,0.0,0.0,0.0,0.0,0.0,0.0,-0.007740618020898149,0.01783376661230035
2024-05-12 01:28:07.263158016,0.1484653376499523,0.1249917924369583,0.0061102006860087,1.0205517185185184,0.3623888893650794,0.0,0.0001635865959788,0.000167017402328,0.0005612741856084,0.0001161225541587,0.009212899079365,0.000278043750582,0.0001791738688888,0.0,0.0,0.0,0.0,0.0,0.0,0.0,-0.0073433626675380725,0.013453563353546773
2024-05-12 04:38:09.157894656,0.1098476774379264,0.1158147886869123,-0.0002036318564241,1.020610325925926,0.3639354886772487,0.0,0.0001637494849206,0.0001691601639682,0.0005679911210582,0.0001172241134179,0.0092839468095238,0.0002813245474074,0.0001804281621693,0.0,0.0,0.0,0.0,0.0,0.0,0.0,-0.007698658009277284,0.007495026152853184
2024-05-12 07:48:10.947368448,0.1188979327005768,0.1261068511169203,-0.0042551263060005,1.0206687936507937,0.3651188573015873,0.0,0.0001661731537566,0.0001743700913756,0.0005733657669312,0.0001166010882116,0.009229036037037,0.000279230297619,0.0001787512173015,0.0,0.0,0.0,0.0,0.0,0.0,0.0,-0.002268140396373533,-0.0019869859096269668
2024-05-12 11:18:12.100000000,0.1740638044045681,0.1335943363296791,-0.0048623499953379,1.0207334186170212,0.3658079419680851,0.0,0.000166832087234,0.0001742575428191,0.0005694033466489,0.0001167680357127,0.0092309784627659,0.0002782214332978,0.0001796258303723,0.0,0.0,0.0,0.0,0.0,0.0,0.0,-0.0031713592018270953,-0.0016909907935108047
2024-05-12 14:23:15.000000000,0.1233266281172973,0.1223083069528898,-0.0030273431466573,1.0207900771276597,0.3666748100531914,0.0,0.0001680395796276,0.0001741664466489,0.0005687775116489,0.0001160886104148,0.0092909753404255,0.0002786029770744,0.000179708393617,0.0,0.0,0.0,0.0,0.0,0.0,0.0,-0.005590367830145493,0.002563024683488193
2024-05-12 17:08:54.062499840,0.0370145567371764,0.1117792161020171,-0.0054212430526215,1.02084065978836,0.3674850133333333,0.0,0.0001690983714814,0.0001738685653968,0.0005720218085714,0.0001166798888835,0.0093336367671957,0.0002801065100529,0.0001812367979365,0.0,0.0,0.0,0.0,0.0,0.0,0.0,-0.004969225141989261,-0.00045201791063223876
2024-05-12 20:40:11.312500224,0.1402651378397763,0.1094034488119619,-0.0071364342262683,1.0209050063492064,0.3682521529411764,0.0423280423280423,0.0001702030322459,0.0001777170413368,0.0005718176956684,0.000116943916786,0.009359128933155,0.0002799476199465,0.0001826876739037,0.0423280423280423,0.0423280423280423,0.0423280423280423,0.0423280423280423,0.0423280423280423,0.0423280423280423,0.0423280423280423,-0.005011805897121677,-0.002124628329146623
2024-05-12 23:38:20.631578880,0.1594961192517985,0.110106635486103,-0.0052903496384914,1.0209593148936171,0.3690367570212766,0.0,0.0001725958465957,0.0001779891895212,0.0005736557742021,0.0001162852401276,0.0093995904973404,0.0002783679453191,0.0001801961079787,0.0,0.0,0.0,0.0,0.0,0.0,0.0,-0.004431904470344417,-0.0008584451681469835
2024-05-13 02:48:22.526315520,0.0893975684369365,0.0933970469680439,-0.0057225274115571,1.0210169925531916,0.3701461216489362,0.0,0.0001718858742021,0.0001763167615425,0.0005730247857446,0.0001158137849202,0.0094421287287234,0.0002786299214361,0.0001813225086702,0.0,0.0,0.0,0.0,0.0,0.0,0.0,0.0032062864435446203,-0.00892881385510172
2024-05-13 05:53:24.444444672,0.0537035199920978,0.080980644056486,-0.0086829319861038,1.0210730372340424,0.3711321285638297,0.0,0.0001716577385638,0.0001773604877659,0.0005707587499468,0.0001151167559308,0.0094113805877659,0.0002781240506914,0.0001810684756914,0.0,0.0,0.0,0.0,0.0,0.0,0.0,-0.003305197188606071,-0.00537773479749773
2024-05-13 08:56:40.470588416,0.0884657718274297,0.0890257136160685,-0.0104508033482507,1.0211283574468086,0.3734797458510638,0.0,0.0001733695082446,0.000177540724468,0.0005814781723936,0.0001184123441808,0.0093958292180851,0.0002844668563829,0.0001852912874468,0.0,0.0,0.0,0.0,0.0,0.0,0.0,-0.004945277645388282,-0.005505525702862418
2024-05-13 12:08:28.263158016,0.1252266127678467,0.0829656495022466,-0.0064009281829877,1.0211862771276594,0.375100711861702,0.0,0.0001732507920212,0.0001795809812234,0.0005926816359042,0.0001188147952925,0.0096008530478723,0.000286737318617,0.0001852927361702,0.0,0.0,0.0,0.0,0.0,0.0,0.0,-0.003940457299018471,-0.0024604708839692287
2024-05-13 15:18:30.157894400,0.0236775077420361,0.0706051809476851,-0.0023376388532919,1.0212434670212764,0.3753546345652173,0.0851063829787234,0.0001699330588043,0.0001786944492391,0.0005857467882065,0.0001158082551413,0.009633255722826,0.00028475698875,0.0001861530866847,0.0851063829787234,0.0851063829787234,0.0851063829787234,0.0851063829787234,0.0851063829787234,0.0851063829787234,0.0851063829787234,-0.0008871277041823111,-0.001450511149109589
2024-05-13 18:18:32.062499840,0.0115790019132759,0.0630882110784353,-0.004028962651454,1.0212975329787233,0.3759545213978494,0.0425531914893617,0.0001719413720967,0.0001822695313978,0.0005855477427956,0.0001152838007258,0.009661098844086,0.0002843479187634,0.0001842892577956,0.0425531914893617,0.0425531914893617,0.0425531914893617,0.0425531914893617,0.0425531914893617,0.0425531914893617,0.0425531914893617,-0.0021264945126720364,-0.0019024681387819634
2024-05-13 21:43:34.111111168,0.1094201827734195,0.0649963707873363,-0.0042917704890641,1.021358970212766,0.3758761511827957,0.0425531914893617,0.0001731402206451,0.0001827118598924,0.0005816316912903,0.0001133924775913,0.0096645372069892,0.0002815355151612,0.0001837244205376,0.0425531914893617,0.0425531914893617,0.0425531914893617,0.0425531914893617,0.0425531914893617,0.0425531914893617,0.0425531914893617,-0.0030812795396899517,-0.0012104909493741486
2024-05-14 00:48:35.947368448,0.0857245608153789,0.0618799412050886,-0.0026412180823986,1.0214142627659577,0.3759631694148936,0.0,0.000173145894468,0.0001810382804787,0.0005832077504255,0.0001139070536648,0.0096682683643617,0.0002816193856914,0.000180959151117,0.0,0.0,0.0,0.0,0.0,0.0,0.0,-0.0037199700208070813,0.0010787519384084813
2024-05-14 03:58:37.894736384,0.0482519022607448,0.0429617379572909,-0.0044901392966636,1.0214709574468086,0.3767134069148935,0.0,0.0001735140930319,0.0001802335528723,0.0005822620049468,0.0001127503211808,0.0096792421835106,0.0002804570649468,0.0001786389705851,0.0,0.0,0.0,0.0,0.0,0.0,0.0,-0.0025595368084512654,-0.0019306024882123343
2024-05-14 07:08:39.842105344,0.0217448396136887,0.0463739860163816,-0.0053354249934973,1.0215275297872342,0.3776974238297872,0.0,0.0001725699435638,0.0001774530206914,0.0005799709450531,0.0001115819610638,0.0096124597579787,0.0002807398059042,0.0001798879615957,0.0,0.0,0.0,0.0,0.0,0.0,0.0,-0.001976635963216705,-0.003358789030280595
2024-05-14 10:28:41.812499968,0.0708769573722065,0.054532417265553,-0.0056596138594604,1.0215869617021276,0.3786757110638298,0.0,0.0001730214620744,0.0001792642830851,0.0005875387063297,0.0001122361620212,0.0096194064228723,0.0002844604377127,0.0001786002588829,0.0,0.0,0.0,0.0,0.0,0.0,0.0,-0.002755953365333949,-0.0029036604941264513
2024-05-14 13:28:43.684210688,0.0604179055872009,0.0460947693867347,-0.0024890377605714,1.0216403324468086,0.3785406264361702,0.0,0.0001706837128723,0.0001788693456914,0.0005848390988829,0.0001127457397819,0.0097024817712765,0.0002812658572872,0.0001770901640957,0.0,0.0,0.0,0.0,0.0,0.0,0.0,-0.002349499224067006,-0.0001395385365043941
2024-05-14 16:28:45.529411840,-0.0450372164623331,0.0347831266398151,-0.0033315546944265,1.0216935973404255,0.3801758550531914,0.0,0.0001714151548936,0.000179508888617,0.0005918964503191,0.0001179307686063,0.0097897305904255,0.000287743588617,0.0001832416868085,0.0,0.0,0.0,0.0,0.0,0.0,0.0,-0.002311130059638608,-0.0010204246347878918
2024-05-14 20:16:17.749999872,0.054387740273853,0.0313409441685052,-0.003376547834073,1.021760920744681,0.3808880316666667,0.0425531914893617,0.0001690595287096,0.0001803103062365,0.000595891286129,0.0001180738994193,0.0098614307204301,0.0002863314945161,0.0001787904464516,0.0425531914893617,0.0425531914893617,0.0425531914893617,0.0425531914893617,0.0425531914893617,0.0425531914893617,0.0425531914893617,-0.001600843092828444,-0.001775704741244556
2024-05-14 22:58:49.473684224,0.0850048831558183,0.0356613160740961,-0.002223740373941,1.021808805820106,0.3811959833862434,0.0,0.0001690563703174,0.0001815733485714,0.0005921592469312,0.0001170512909365,0.0098768889259259,0.0002846263161375,0.0001766233414814,0.0,0.0,0.0,0.0,0.0,0.0,0.0,-0.0009265854524827533,-0.0012971549214582465
2024-05-15 02:03:51.444444416,0.0334813518640544,0.0260151310901998,-0.0027291051695622,1.021863222222222,0.3812419662433862,0.0,0.0001723456032275,0.0001835876643915,0.0005913867785714,0.0001162432157883,0.0098672653465608,0.000283454949947,0.0001770236342328,0.0,0.0,0.0,0.0,0.0,0.0,0.0,-0.002084477236022564,-0.0006446279335396363
2024-05-15 05:08:53.263158272,-0.0160802239068971,0.0125866049813099,-0.005625804660346,1.0219175232804234,0.3817067753439154,0.0,0.0001733521485185,0.0001840665734391,0.000590329402328,0.000115870716947,0.0098389392169312,0.0002836678308465,0.0001763636738095,0.0,0.0,0.0,0.0,0.0,0.0,0.0,-0.0015610112130790138,-0.004064793447266986
2024-05-15 08:30:21.071428352,0.0172722600189558,0.0207870917580395,-0.0093490858108547,1.021976544148936,0.3832360708510638,0.0,0.0001762059438829,0.0001854036756914,0.0005953184687234,0.00011474401125,0.0097557873297872,0.000286209326117,0.0001806792809574,0.0,0.0,0.0,0.0,0.0,0.0,0.0,-0.0016790665677253735,-0.007670019243129326
2024-05-15 11:43:57.312500224,0.0606281867640063,0.0203209892728939,-0.00458865002457,1.022033103174603,0.3840447079365078,0.0,0.0001753273824867,0.000184824169365,0.0005979240889417,0.0001158711816031,0.0098838930238095,0.0002862433512698,0.0001802627731746,0.0,0.0,0.0,0.0,0.0,0.0,0.0,0.00028337760682038693,-0.004872027631390387
2024-05-15 14:38:59.052631552,-0.01593870748286,0.0109549413632837,-0.0005056946878975,1.02208415026455,0.3850801724338624,0.0,0.0001787207628042,0.000184604576455,0.0006015537041798,0.0001167209449999,0.0099569308597883,0.000287373137037,0.0001837324349206,0.0,0.0,0.0,0.0,0.0,0.0,0.0,0.00028405086410997205,-0.0007897455520074721
2024-05-15 17:44:34.222222336,-0.0604388293928082,0.0048649287355399,-0.0007807406894282,1.022138164361702,0.3859471413829788,0.0,0.0001748391823936,0.0001832019999999,0.0006021571576063,0.0001163250914202,0.0100012099760638,0.0002883825729787,0.0001807933043085,0.0,0.0,0.0,0.0,0.0,0.0,0.0,0.0006838768457178152,-0.0014646175351460153
2024-05-15 20:59:36.222222336,0.028767164528233,0.010693476740294,-0.0004253847829412,1.0221948319148937,0.3861379160135135,0.851063829787234,0.0001734834896621,0.0001835768827027,0.0005995429244594,0.0001171164005472,0.0100029453682432,0.0002887030037837,0.0001806700929054,0.851063829787234,0.851063829787234,0.851063829787234,0.851063829787234,0.851063829787234,0.851063829787234,0.851063829787234,-0.00018229014386846043,-0.00024309463907273957
2024-05-16 00:09:04.842105088,0.0501928179075434,0.0155664749787168,0.0034852316519116,1.0222498063492065,0.3857348052910053,0.0,0.000174126570582,0.0001839447615873,0.0005987062780423,0.0001151441068306,0.0100121466851851,0.0002879742686243,0.000181093194074,0.0,0.0,0.0,0.0,0.0,0.0,0.0,-0.0004447838686031935,0.003930015520514793
2024-05-16 03:19:06.736842240,0.0007104519693257,0.0040876554789722,0.0033571967198582,1.0223048174603175,0.3858258509523809,0.0,0.0001748764528042,0.000184831763492,0.0006000488403174,0.0001153179936243,0.0100110020714285,0.0002870531958201,0.0001811046878306,0.0,0.0,0.0,0.0,0.0,0.0,0.0,-0.0017298723783068237,0.005087069098165024
2024-05-16 06:29:08.684210688,-0.0213287617856394,0.0067813700275552,0.0019694710047332,1.022359706878307,0.3865583655555556,0.0,0.0001754580544973,0.0001841747927513,0.0006000717747619,0.000114733154582,0.0099649987460317,0.0002883117539682,0.0001804453230687,0.0,0.0,0.0,0.0,0.0,0.0,0.0,-0.00280811716695957,0.00477758817169277
2024-05-16 09:43:33.125000192,0.0363767081358901,0.024350990829128,0.0024282135726224,1.022415784574468,0.387914887287234,0.0,0.0001748909065957,0.0001831558191489,0.0006017802421808,0.0001143117309468,0.0098993553218085,0.0002890774353723,0.0001826351291489,0.0,0.0,0.0,0.0,0.0,0.0,0.0,-0.00222768041656983,0.004655893989192229
2024-05-16 12:49:12.526316032,0.0611292441647606,0.0279441023173047,0.0052465065203942,1.0224693042553192,0.3883030994680851,0.0,0.0001750269612234,0.0001839683640425,0.0006047601734574,0.0001170902769308,0.0100488116648936,0.000290704202234,0.0001840530621276,0.0,0.0,0.0,0.0,0.0,0.0,0.0,-0.00282610744426047,0.00807261396465467
2024-05-16 15:59:14.473684224,-0.0426811887336953,0.0246729017237549,0.0066210935028,1.0225238712765958,0.3894995838829788,0.0,0.0001753302948404,0.0001846732256382,0.0006169546489893,0.0001192800615478,0.0101803526702127,0.0002959799070212,0.0001848084562234,0.0,0.0,0.0,0.0,0.0,0.0,0.0,-0.003527885522424376,0.010148979025224377
2024-05-16 18:59:53.874999808,0.0083047234543869,0.0285557078581114,0.0053564097202496,1.0225756232804233,0.3901474508021391,0.0423280423280423,0.0001760193517647,0.0001865458940641,0.0006180737619251,0.0001179808623475,0.010200281959893,0.0002958461139037,0.0001838843969518,0.0423280423280423,0.0423280423280423,0.0423280423280423,0.0423280423280423,0.0423280423280423,0.0423280423280423,0.0423280423280423,-0.000669122070114922,0.006025531790364522
2024-05-16 22:19:18.368420608,0.0976877578213475,0.0406562839727813,0.0051340849424889,1.0226327021276596,0.3898798696276595,0.0,0.0001762341387765,0.0001861732070744,0.0006171980784574,0.0001172974563563,0.0101940899361702,0.0002934255568617,0.0001836518029255,0.0,0.0,0.0,0.0,0.0,0.0,0.0,-0.002737722617305066,0.007871807559793966
2024-05-17 01:24:20.222222592,0.0611051679218235,0.0424774205335185,0.0055848305033975,1.0226854718085103,0.3900277737765957,0.0,0.0001766327659574,0.0001851989982978,0.0006209597642021,0.0001191417990159,0.0102245966196808,0.000295709988617,0.000183310727234,0.0,0.0,0.0,0.0,0.0,0.0,0.0,-0.00374482943871611,0.00932965994211361
2024-05-17 04:29:22.105263360,0.0207520125655946,0.0332496332673978,0.0028459316884114,1.0227382031914891,0.3896405337765957,0.0,0.0001762005252659,0.0001849021339893,0.0006097310730851,0.0001162754810478,0.0101476459547872,0.0002927080525,0.0001834776017553,0.0,0.0,0.0,0.0,0.0,0.0,0.0,-0.0035588035811596475,0.006404735269571048
2024-05-17 07:39:24.052631296,0.0356557071785346,0.0476965751279168,0.0001244735045588,1.0227922686170212,0.3897665664893617,0.0,0.0001750270819148,0.0001833845006914,0.0006098383278191,0.0001158986264574,0.0100437464813829,0.0002925393705319,0.0001811628304255,0.0,0.0,0.0,0.0,0.0,0.0,0.0,-0.0038655033734200234,0.0039899768779788234
2024-05-17 11:04:26.125000192,0.0875764232463893,0.0615166561139264,0.0025077443451351,1.0228504808510637,0.3902602764893617,0.0,0.0001753400755319,0.0001846922702659,0.0006107785660638,0.0001165905109255,0.010061697393617,0.0002921641537234,0.0001818590854255,0.0,0.0,0.0,0.0,0.0,0.0,0.0,-0.0018599349044504249,0.004367679249585525
2024-05-17 13:59:27.894736896,0.0527669371825254,0.061417162147437,0.0078737132213547,1.022900089361702,0.3910631212234042,0.0,0.0001746254723404,0.0001843106005319,0.0006124685292021,0.0001168752788244,0.0101642379414893,0.0002937335804787,0.0001839574445744,0.0,0.0,0.0,0.0,0.0,0.0,0.0,-0.002053496284723552,0.009927209506078252
2024-05-17 16:59:29.705882368,-0.021920841230326,0.0620228015791705,0.0081902977465527,1.02295102606383,0.3911871619148936,0.0,0.0001740622743085,0.0001841203979787,0.0006127127266489,0.0001157067245691,0.0102024381223404,0.0002942203581382,0.0001825899017021,0.0,0.0,0.0,0.0,0.0,0.0,0.0,-0.0004410593882943348,0.008631357134847036
2024-05-17 20:25:46.750000128,0.0873412880109754,0.074151694868874,0.0092770153683384,1.0230092132978723,0.3915620137765957,0.0,0.0001765701694148,0.0001873640909574,0.0006221251655319,0.0001218778720851,0.0102529688138297,0.0003013867464361,0.0001904410709042,0.0,0.0,0.0,0.0,0.0,0.0,0.0,-0.00180694545711306,0.01108396082545146
2024-05-17 23:29:33.684210432,0.1326854523284737,0.0890078122813709,0.0124162876622856,1.023061110106383,0.3897908649468085,0.0,0.0001726434487234,0.0001861841995212,0.0006108563469148,0.0001164081616542,0.0101809763297872,0.000293878760851,0.0001829800693085,0.0,0.0,0.0,0.0,0.0,0.0,0.0,-0.0018642048175242787,0.014280492479809878
2024-05-18 02:39:35.631579136,0.0967923121229432,0.0870655820454544,0.0110362411654885,1.023114635638298,0.3896918041489361,0.0,0.0001722936711702,0.0001830707381914,0.0006095745118617,0.0001168032967819,0.0101800940664893,0.0002939804365957,0.0001821780698936,0.0,0.0,0.0,0.0,0.0,0.0,0.0,-0.0016675793291868468,0.012703820494675347
2024-05-18 05:49:37.526315520,0.0665559228074244,0.090608374404332,0.0080171198513757,1.023168014361702,0.3897716338829787,0.0,0.0001739214084042,0.0001835665498936,0.0006110977553723,0.0001160407096914,0.0101612709228723,0.0002921827602127,0.0001823015705851,0.0,0.0,0.0,0.0,0.0,0.0,0.0,-0.0016622378986448638,0.009679357750020564
2024-05-18 09:22:09.666666496,0.1299120521729264,0.1130751668739359,0.0046178129879393,1.0232275947089946,0.3888927423809524,0.0,0.0001723196664021,0.000180044031164,0.0006021944710582,0.0001136991409735,0.0099756865502645,0.0002893471577248,0.0001781565403703,0.0,0.0,0.0,0.0,0.0,0.0,0.0,-0.0019686608724458488,0.006586473860385148
2024-05-18 12:14:41.500000000,0.1693607638910066,0.1218566298821125,0.0060266089634012,1.0232758739361705,0.3882003214893618,0.0,0.0001727886819148,0.0001782838253723,0.0005999310695744,0.0001153140641914,0.0100476089042553,0.0002895900241489,0.0001795011380851,0.0,0.0,0.0,0.0,0.0,0.0,0.0,-0.0009510042885410575,0.0069776132519422576
2024-05-18 15:19:43.368420864,0.0700963511231407,0.1222882823549487,0.0079099238140571,1.023327569148936,0.3879737444680851,0.0,0.0001716051085638,0.0001768029254787,0.000601125248351,0.0001166472196968,0.0100781907632978,0.0002900756496276,0.0001784280435638,0.0,0.0,0.0,0.0,0.0,0.0,0.0,-0.0002920560627794472,0.008201979876836548
2024-05-18 18:26:13.470587904,0.0846520684124243,0.1241758456663053,0.0052180662660703,1.023379729787234,0.387763279787234,0.0,0.0001721626167553,0.0001775033236702,0.0006035024323404,0.000116688930484,0.0101057555292553,0.0002926657278723,0.0001785453938829,0.0,0.0,0.0,0.0,0.0,0.0,0.0,5.899409731668914e-05,0.005159072168753611
2024-05-18 21:39:47.263158272,0.1802802909961087,0.1349010899439804,0.0030102244038431,1.0234334675531915,0.3866318787096773,0.0425531914893617,0.0001713814435483,0.0001757192787096,0.0006019525768817,0.0001163020710322,0.0100949716666666,0.0002914527871505,0.0001788231539784,0.0425531914893617,0.0425531914893617,0.0425531914893617,0.0425531914893617,0.0425531914893617,0.0425531914893617,0.0425531914893617,-0.00037043890598199847,0.0033806633098250986
2024-05-19 00:44:49.111111168,0.1663744550845649,0.1381755910082852,0.0042265693767679,1.023484967195767,0.3861071443386243,0.0,0.0001707907478835,0.0001758902590476,0.0006053131112698,0.0001147210758306,0.0101198406878306,0.0002891768704232,0.0001767341893121,0.0,0.0,0.0,0.0,0.0,0.0,0.0,-0.00047853105367551274,0.004705100430443413
2024-05-19 03:49:50.947368448,0.1365703245839995,0.1262570284360119,0.0017532077658122,1.0235362814814817,0.3855845466137566,0.0,0.0001707101433862,0.0001758602548677,0.0006041449210052,0.0001142572493809,0.0100982614470899,0.0002883241442328,0.0001755700284656,0.0,0.0,0.0,0.0,0.0,0.0,0.0,-0.000637037291375403,0.002390245057187603
2024-05-19 06:59:52.947368448,0.113780381925153,0.1330624980295043,-0.002587612075023,1.0235889185185183,0.3854765225925925,0.0,0.0001703945501058,0.0001755353193121,0.0006044484027513,0.0001135474403756,0.0100313424576719,0.0002873228433862,0.0001748801649735,0.0,0.0,0.0,0.0,0.0,0.0,0.0,-0.0005594866092294287,-0.0020281254657935712
2024-05-19 10:14:21.555555328,0.1630831213064993,0.1451761312327258,-0.0025809965956521,1.0236427069148937,0.384763254787234,0.0,0.0001704603422872,0.0001761908854787,0.0006002069006914,0.0001132243458191,0.0099360126968085,0.0002869185224468,0.0001738869851063,0.0,0.0,0.0,0.0,0.0,0.0,0.0,-0.0016352176090218273,-0.0009457789866302727
2024-05-19 13:19:56.736842240,0.1593825617516699,0.1421370798658661,0.0008611965487394,1.0236939164021162,0.3845647347619047,0.0,0.0001711321786772,0.0001753056271428,0.0006030607773544,0.0001136480271058,0.0100379937857142,0.0002896260741269,0.0001753140515873,0.0,0.0,0.0,0.0,0.0,0.0,0.0,-0.0013116508369531849,0.002172847385692585
2024-05-19 16:19:58.588235264,0.0620937007405473,0.1358934185934622,0.0007506060681019,1.0237435306878306,0.3845248062962963,0.0,0.0001696691431216,0.0001743662944973,0.0006065649660317,0.0001146930330211,0.0100964036164021,0.0002911290226984,0.0001766197843915,0.0,0.0,0.0,0.0,0.0,0.0,0.0,-0.0003364918844856041,0.001087097952587504
2024-05-19 19:40:35.882352896,0.1313455774645717,0.135288984387753,0.000489481443257,1.0237986973404256,0.3831319881720429,0.0425531914893617,0.0001679421753763,0.000175154930215,0.000602053010215,0.0001148700250806,0.0100346654784946,0.000289087334301,0.0001758743862365,0.0425531914893617,0.0425531914893617,0.0425531914893617,0.0425531914893617,0.0425531914893617,0.0425531914893617,0.0425531914893617,-0.0009720225921367037,0.0014615040353937038
2024-05-19 22:50:02.526315776,0.1936747672414185,0.1419890862627539,0.0012832521988675,1.0238507576719578,0.3815997797883598,0.0,0.0001686611245502,0.0001750459081481,0.0006012588491005,0.0001158611905873,0.010011623574074,0.0002873559151322,0.0001781898960846,0.0,0.0,0.0,0.0,0.0,0.0,0.0,0.002676608262490346,-0.0013933560636228458
2024-05-20 02:00:04.526315520,0.152928828694371,0.0756292580472606,-0.0353685394738666,1.0239029010582013,0.381039257936508,0.0,0.000168349781746,0.0001736277112698,0.0005942749692592,0.0001146536144338,0.0099583165026455,0.0002856165214814,0.0001754219898412,0.0,0.0,0.0,0.0,0.0,0.0,0.0,-0.0007907021377505791,-0.034577837336116024
2024-05-20 05:10:06.473683968,0.1101815036329298,-1.0553022497784836e-05,-0.0681894305600603,1.0239549190476191,0.381121626984127,0.0,0.0001683188125925,0.0001712354619576,0.0006011019971428,0.0001159607219576,0.0099868534365079,0.0002900245854497,0.0001793451379894,0.0,0.0,0.0,0.0,0.0,0.0,0.0,-0.001163410932488354,-0.06702601962757194
2024-05-20 08:16:23.312500224,0.131130416732617,-0.0166242656276267,-0.0688420200586809,1.0240058930851064,0.3798522052659575,0.0,0.0001665095199468,0.0001696505049468,0.0005921416668085,0.0001133364243351,0.0097839207473404,0.000286254796968,0.0001754054909042,0.0,0.0,0.0,0.0,0.0,0.0,0.0,-0.0011060171326637142,-0.06773600292601718
2024-05-20 11:30:10.352941312,0.1740812988001607,-0.0773274068258855,-0.0830684283138064,1.0240586904761904,0.3787036485185184,0.0,0.0001652755837566,0.0001685800513227,0.000585031647619,0.0001121720360952,0.0097674151216931,0.0002838797703703,0.0001709274196825,0.0,0.0,0.0,0.0,0.0,0.0,0.0,-0.0030323143179333267,-0.08003611399587307
2024-05-29 13:57:23.100000000,-0.4341553326329403,-0.1519694486277356,-0.0872033272848208,1.027430905319149,0.3483346839893617,0.0,0.0001409865936702,0.0001229231575585,0.0005110117496276,0.0001102754403882,0.0085239061170212,0.00025902752,0.0001752388040957,0.0,0.0,0.0,0.0,0.0,0.0,0.0,-0.0024074467876337435,-0.08479588049718706
2024-05-29 16:17:57.888888832,-0.5213757378761557,-0.2277526174924244,-0.0869384870053181,1.0274645804232805,0.3491554420634921,0.0,0.0001431034008465,0.0001280299891005,0.0005210184080423,0.000109806519455,0.0086034952539682,0.0002601858012698,0.0001703760022751,0.0,0.0,0.0,0.0,0.0,0.0,0.0,-0.0029061401261111786,-0.08403234687920692
2024-05-29 19:26:26.466667008,-0.0874297127056138,-0.2971483841897048,-0.0778858288548832,1.0275095712765958,0.3492978483108108,0.851063829787234,0.0001401185724324,0.0001265868292567,0.000520996791081,0.0001081777404594,0.0086341253547297,0.0002592265893918,0.0001700174662837,0.851063829787234,0.851063829787234,0.851063829787234,0.851063829787234,0.851063829787234,0.851063829787234,0.851063829787234,-0.0028516045551602864,-0.07503422429972291
2024-05-29 22:52:28.529411840,-0.4149826933197573,-0.364854945467256,-0.0542679454830657,1.0275586393617022,0.3488288330319148,0.0,0.0001374325404255,0.0001236387436702,0.0005014352351595,0.0001041356639095,0.0085591504468085,0.0002508001007446,0.0001613403463829,0.0,0.0,0.0,0.0,0.0,0.0,0.0,-0.00272252262754695,-0.05154542285551875
2024-05-30 01:52:30.368420608,-0.4781036089752319,-0.446256647387189,-0.0222685299949129,1.0276013356382978,0.3497316006382979,0.0,0.0001371060476063,0.0001234261254787,0.0005025078328191,0.0001034940398031,0.0085915281010638,0.0002513073896808,0.0001609204877127,0.0,0.0,0.0,0.0,0.0,0.0,0.0,-0.003693315733578756,-0.018575214261334145
2024-05-30 05:02:32.368421120,-0.5291196910878284,-0.4666828398622127,-0.0327090482667898,1.0276463191489362,0.3507284804787234,0.0,0.0001380321715425,0.0001229453748404,0.0005060691551063,0.0001054177904999,0.0086071463377659,0.000253413588351,0.0001618543363829,0.0,0.0,0.0,0.0,0.0,0.0,0.0,-0.004234329826505512,-0.02847471844028429
2024-05-30 08:12:34.263158016,-0.5143803966425935,-0.4381785244821243,-0.0238103937408283,1.0276911744680852,0.3521714809574468,0.0,0.0001391547084574,0.0001250404594148,0.0005107258325531,0.0001048121711063,0.008573681430851,0.0002575631261702,0.000162229614468,0.0,0.0,0.0,0.0,0.0,0.0,0.0,-0.004554926308120447,-0.019255467432707854
2024-05-30 11:37:36.375000064,-0.4782286347653439,-0.487592172586258,-0.0008462608368319,1.0277394063829786,0.3532471678723404,0.0,0.0001398052438297,0.0001241753181914,0.0005115487110106,0.0001036997894521,0.0086515383749999,0.0002569473973936,0.0001595768715957,0.0,0.0,0.0,0.0,0.0,0.0,0.0,-0.00501648134717006,0.004170220510338159
2024-05-30 14:32:38.157894400,-0.5585340184792358,-0.507051158755505,-0.001630230648405,1.0277804585106385,0.3536355176063829,0.0,0.0001392028896276,0.0001222892476223,0.0005117053262234,0.0001042055864946,0.0087009386409574,0.0002571049577659,0.0001590737943085,0.0,0.0,0.0,0.0,0.0,0.0,0.0,-0.004353288558917839,0.0027230579105128397
2024-05-30 17:32:39.928571904,-0.6179910649081535,-0.5246886449997292,-0.0078705899278986,1.0278225489361703,0.3544136054787233,0.0,0.000138548433351,0.0001210579634734,0.0005117601910638,0.0001044175933404,0.0087451410505319,0.0002580651656914,0.000163247193351,0.0,0.0,0.0,0.0,0.0,0.0,0.0,-0.003746482505619625,-0.004124107422278976
2024-05-30 20:48:56.874999808,-0.2648368994553607,-0.5339559568658389,-0.0140956339607792,1.0278683624338625,0.3547123239572192,0.0423280423280423,0.0001365975177005,0.0001218218340909,0.0005134894812834,0.000104351317385,0.0087727292967914,0.0002580387858823,0.0001623032591443,0.0423280423280423,0.0423280423280423,0.0423280423280423,0.0423280423280423,0.0423280423280423,0.0423280423280423,0.0423280423280423,-0.004092887306905477,-0.010002746653873724
2024-05-30 23:52:43.736841984,-0.5321525456428162,-0.5410672245676867,-0.0154260605484012,1.027910999468085,0.355570242606383,0.0,0.0001366263714361,0.0001232649763244,0.0005187995770744,0.0001038834243457,0.0088392226117021,0.0002599316415957,0.0001616727632446,0.0,0.0,0.0,0.0,0.0,0.0,0.0,-0.003016813099549112,-0.012409247448852087
2024-05-31 03:02:45.631578880,-0.5901135688429804,-0.5647593960697463,-0.0202155749792856,1.0279550074468085,0.356135042180851,0.0,0.0001376457593617,0.0001242238832446,0.0005202218094148,0.0001030399173244,0.0088516246861702,0.0002616826096276,0.0001632113662234,0.0,0.0,0.0,0.0,0.0,0.0,0.0,-0.004303127005468088,-0.015912447973817512
2024-05-31 06:12:47.526315776,-0.6368409851732508,-0.5289788119042859,0.0021865821585672,1.0279988723404256,0.3567638961170213,0.0,0.0001365314276595,0.0001232551361702,0.0005175094447872,0.0001021914310319,0.0088167899654255,0.0002616714073404,0.0001610824495744,0.0,0.0,0.0,0.0,0.0,0.0,0.0,-0.0024799438575406896,0.00466652601610789
2024-05-31 09:25:56.937500160,-0.6125254978828139,-0.4399121411753349,0.0422747466453576,1.0280433999999998,0.3575146388888889,0.0,0.0001358461533862,0.0001234195296296,0.0005209823569312,0.0001042522635714,0.008785538521164,0.0002627691365079,0.000161455872328,0.0,0.0,0.0,0.0,0.0,0.0,0.0,-0.004310794466079015,0.04658554111143662
2024-05-31 12:32:51.473684480,-0.578381805959225,-0.4815635549860531,0.0435451846169229,1.0280862878306878,0.3584973884126984,0.0,0.0001369328668253,0.000124869819365,0.000524847806455,0.0001050432922539,0.0088890518148148,0.0002646613565608,0.0001619611753439,0.0,0.0,0.0,0.0,0.0,0.0,0.0,-0.0063918639740883215,0.049937048591011224
2024-05-31 15:42:53.368421120,-0.6914581782838809,-0.4987299384802037,0.0256570059219181,1.0281297063492063,0.3592366514814815,0.0,0.0001380248339153,0.0001253910533333,0.0005295459457671,0.0001058609269788,0.0089436525661375,0.000266960647619,0.0001611686556084,0.0,0.0,0.0,0.0,0.0,0.0,0.0,-0.00438825791348374,0.03004526383540184
2024-05-31 18:48:48.176470528,-0.2365087609900911,-0.5106899837613873,0.0047734341987914,1.0281720661375662,0.3591777897860963,0.0423280423280423,0.0001382308412834,0.0001258890340106,0.0005297469005882,0.0001067761326844,0.0089504187272727,0.0002665402416042,0.0001612647315508,0.0423280423280423,0.0423280423280423,0.0423280423280423,0.0423280423280423,0.0423280423280423,0.0423280423280423,0.0423280423280423,-0.006648121165167567,0.011421555363958967
2024-05-31 22:02:57.312500224,0.1836089716524043,-0.5132171840400778,-0.0156655361802023,1.028216087301587,0.3592882521164021,0.0,0.0001401997561904,0.0001303790920634,0.0005353584516402,0.000107007560947,0.0089717663941798,0.0002692421033333,0.0001653915953439,0.0,0.0,0.0,0.0,0.0,0.0,0.0,-0.006814741632392554,-0.008850794547809744
2024-06-01 01:12:59.157894656,-0.6396996237518238,-0.5223835186618544,-0.0360615840296787,1.028240080952381,0.359294999047619,0.0,0.0001405478114285,0.0001325649828571,0.0005334879771428,0.0001042143604761,0.0089738523571428,0.0002659563042857,0.0001627017166666,0.0,0.0,0.0,0.0,0.0,0.0,0.0,-0.010847212030672737,-0.02521437199900596
2024-06-01 04:23:01.052631552,-0.6866499970901714,-0.5244975878967466,-0.0457297686652197,1.028240080952381,0.359294999047619,0.0,0.0001405478114285,0.0001325649828571,0.0005334879771428,0.0001042143604761,0.0089738523571428,0.0002659563042857,0.0001627017166666,0.0,0.0,0.0,0.0,0.0,0.0,0.0,-0.011042330650491122,-0.03468743801472858
2024-06-01 07:31:17.176470528,-0.6977539763736331,-0.5288315544149845,-0.0733742371342326,1.028240080952381,0.359294999047619,0.0,0.0001405478114285,0.0001325649828571,0.0005334879771428,0.0001042143604761,0.0089738523571428,0.0002659563042857,0.0001627017166666,0.0,0.0,0.0,0.0,0.0,0.0,0.0,-0.010608348273607335,-0.06276588886062527
2024-06-01 10:40:43.764705792,-0.6595857876814648,-0.577945696070079,-0.0589943031135552,1.028240080952381,0.359294999047619,0.0,0.0001405478114285,0.0001325649828571,0.0005334879771428,0.0001042143604761,0.0089738523571428,0.0002659563042857,0.0001627017166666,0.0,0.0,0.0,0.0,0.0,0.0,0.0,-0.01043394734489024,-0.04856035576866496
2024-06-01 13:53:06.842105344,-0.6950225094788038,-0.6791326333330656,-0.0054732653129747,1.028240080952381,0.359294999047619,0.0,0.0001405478114285,0.0001325649828571,0.0005334879771428,0.0001042143604761,0.0089738523571428,0.0002659563042857,0.0001627017166666,0.0,0.0,0.0,0.0,0.0,0.0,0.0,-0.011666742008222292,0.006193476695247592
2024-06-01 16:53:08.647058944,-0.5974084290732549,-0.6960607062715793,-0.0097151576388967,1.028240080952381,0.359294999047619,0.0,0.0001405478114285,0.0001325649828571,0.0005334879771428,0.0001042143604761,0.0089738523571428,0.0002659563042857,0.0001627017166666,0.0,0.0,0.0,0.0,0.0,0.0,0.0,-0.011900534360047926,0.0021853767211512266
2024-06-01 19:56:15.076922880,-0.7304638769480221,,,1.028240080952381,0.359294999047619,0.0,0.0001405478114285,0.0001325649828571,0.0005334879771428,0.0001042143604761,0.0089738523571428,0.0002659563042857,0.0001627017166666,0.0,0.0,0.0,0.0,0.0,0.0,0.0,-0.009961053484885601,
2024-06-01 23:13:12.526316032,-0.6785360358859407,,,1.028240080952381,0.359294999047619,0.0,0.0001405478114285,0.0001325649828571,0.0005334879771428,0.0001042143604761,0.0089738523571428,0.0002659563042857,0.0001627017166666,0.0,0.0,0.0,0.0,0.0,0.0,0.0,-0.010399722857898516,
2024-06-02 02:23:14.473684224,-0.7270734637144756,,,1.028240080952381,0.359294999047619,0.0,0.0001405478114285,0.0001325649828571,0.0005334879771428,0.0001042143604761,0.0089738523571428,0.0002659563042857,0.0001627017166666,0.0,0.0,0.0,0.0,0.0,0.0,0.0,-0.010692729763512765,
2024-06-02 05:33:16.473684224,-0.7920522801984475,,,1.028240080952381,0.359294999047619,0.0,0.0001405478114285,0.0001325649828571,0.0005334879771428,0.0001042143604761,0.0089738523571428,0.0002659563042857,0.0001627017166666,0.0,0.0,0.0,0.0,0.0,0.0,0.0,-0.00997770322963433,
2024-06-02 09:20:48.624999936,,,,1.028240080952381,0.359294999047619,0.0,0.0001405478114285,0.0001325649828571,0.0005334879771428,0.0001042143604761,0.0089738523571428,0.0002659563042857,0.0001627017166666,0.0,0.0,0.0,0.0,0.0,0.0,0.0,-0.010967063001729532,
2024-06-02 11:58:19.777777920,-0.7462037484112329,,,1.028240080952381,0.359294999047619,0.0,0.0001405478114285,0.0001325649828571,0.0005334879771428,0.0001042143604761,0.0089738523571428,0.0002659563042857,0.0001627017166666,0.0,0.0,0.0,0.0,0.0,0.0,0.0,-0.010793524291056955,
2024-06-02 15:03:22.210526208,-0.8346569268731514,,,1.028240080952381,0.359294999047619,0.0,0.0001405478114285,0.0001325649828571,0.0005334879771428,0.0001042143604761,0.0089738523571428,0.0002659563042857,0.0001627017166666,0.0,0.0,0.0,0.0,0.0,0.0,0.0,-0.010558697588525082,
2024-06-02 18:03:24.062499840,-0.849961017639373,,,1.028240080952381,0.359294999047619,0.0,0.0001405478114285,0.0001325649828571,0.0005334879771428,0.0001042143604761,0.0089738523571428,0.0002659563042857,0.0001627017166666,0.0,0.0,0.0,0.0,0.0,0.0,0.0,-0.010927000943784931,
2024-06-02 21:23:26.052631296,-0.778189041095743,,,1.028240080952381,0.359294999047619,0.0,0.0001405478114285,0.0001325649828571,0.0005334879771428,0.0001042143604761,0.0089738523571428,0.0002659563042857,0.0001627017166666,0.0,0.0,0.0,0.0,0.0,0.0,0.0,-0.01088235209737691,
2024-06-03 00:33:28.000000256,-0.7904194221129046,-0.8251942126357349,-0.0100132369960419,1.028240080952381,0.359294999047619,0.0,0.0001405478114285,0.0001325649828571,0.0005334879771428,0.0001042143604761,0.0089738523571428,0.0002659563042857,0.0001627017166666,0.0,0.0,0.0,0.0,0.0,0.0,0.0,-0.008964497293748375,-0.0010487397022935253
2024-06-03 03:43:29.947368704,-0.8380866151227906,-0.8483185376387925,-0.0120392623642014,1.028240080952381,0.359294999047619,0.0,0.0001405478114285,0.0001325649828571,0.0005334879771428,0.0001042143604761,0.0089738523571428,0.0002659563042857,0.0001627017166666,0.0,0.0,0.0,0.0,0.0,0.0,0.0,-0.010214549876308321,-0.0018247124878930793
2024-06-03 06:53:31.842105088,-0.8677602007765586,-0.853556126724085,-0.0131325742005306,1.028240080952381,0.359294999047619,0.0,0.0001405478114285,0.0001325649828571,0.0005334879771428,0.0001042143604761,0.0089738523571428,0.0002659563042857,0.0001627017166666,0.0,0.0,0.0,0.0,0.0,0.0,0.0,-0.010214549876308321,-0.002918024324222279
2024-06-03 10:14:13.866666752,-0.8917997130339472,-0.8522805751694906,-0.0118279769050673,1.028240080952381,0.359294999047619,0.0,0.0001405478114285,0.0001325649828571,0.0005334879771428,0.0001042143604761,0.0089738523571428,0.0002659563042857,0.0001627017166666,0.0,0.0,0.0,0.0,0.0,0.0,0.0,-0.010214549876308321,-0.0016134270287589784
2024-06-03 13:13:35.736842240,-0.8296712286559114,-0.8631884350657516,-0.0072589627317616,1.028240080952381,0.359294999047619,0.0,0.0001405478114285,0.0001325649828571,0.0005334879771428,0.0001042143604761,0.0089738523571428,0.0002659563042857,0.0001627017166666,0.0,0.0,0.0,0.0,0.0,0.0,0.0,-0.010214549876308321,0.002955587144546721
2024-06-03 16:13:37.529411584,-0.9543226734387532,-0.8790672472170009,-0.0058708980795842,1.028240080952381,0.359294999047619,0.0,0.0001405478114285,0.0001325649828571,0.0005334879771428,0.0001042143604761,0.0089738523571428,0.0002659563042857,0.0001627017166666,0.0,0.0,0.0,0.0,0.0,0.0,0.0,-0.010214549876308321,0.004343651796724121
2024-06-03 19:18:57.117647104,-0.8817952286407831,-0.8891216650468626,-0.0057564539633697,1.028240080952381,0.359294999047619,0.0,0.0001405478114285,0.0001325649828571,0.0005334879771428,0.0001042143604761,0.0089738523571428,0.0002659563042857,0.0001627017166666,0.0,0.0,0.0,0.0,0.0,0.0,0.0,-0.010214549876308321,0.004458095912938621
2024-06-03 22:33:41.473684480,-0.8384810536480245,-0.8933358222778844,-0.0050807286614372,1.028240080952381,0.359294999047619,0.0,0.0001405478114285,0.0001325649828571,0.0005334879771428,0.0001042143604761,0.0089738523571428,0.0002659563042857,0.0001627017166666,0.0,0.0,0.0,0.0,0.0,0.0,0.0,-0.010214549876308321,0.005133821214871121
2024-06-04 01:43:43.368420864,-0.8763597801620904,-0.8980108433145044,-0.0076553248968186,1.028240080952381,0.359294999047619,0.0,0.0001405478114285,0.0001325649828571,0.0005334879771428,0.0001042143604761,0.0089738523571428,0.0002659563042857,0.0001627017166666,0.0,0.0,0.0,0.0,0.0,0.0,0.0,-0.010214549876308321,0.002559224979489721
2024-06-04 04:53:45.263158016,-0.9333287314741484,-0.9141102904227348,-0.0070640509629678,1.028240080952381,0.359294999047619,0.0,0.0001405478114285,0.0001325649828571,0.0005334879771428,0.0001042143604761,0.0089738523571428,0.0002659563042857,0.0001627017166666,0.0,0.0,0.0,0.0,0.0,0.0,0.0,-0.010214549876308321,0.003150498913340521
2024-06-04 08:03:13.944444416,-0.9285763755915468,-0.9083865570809168,-0.0096616684102798,1.028240080952381,0.359294999047619,0.0,0.0001405478114285,0.0001325649828571,0.0005334879771428,0.0001042143604761,0.0089738523571428,0.0002659563042857,0.0001627017166666,0.0,0.0,0.0,0.0,0.0,0.0,0.0,-0.010214549876308321,0.0005528814660285212
2024-06-04 11:23:49.294117632,-0.9056876158557544,-0.9065983295480275,-0.0046000326245263,1.028240080952381,0.359294999047619,0.0,0.0001405478114285,0.0001325649828571,0.0005334879771428,0.0001042143604761,0.0089738523571428,0.0002659563042857,0.0001627017166666,0.0,0.0,0.0,0.0,0.0,0.0,0.0,-0.010214549876308321,0.005614517251782021
2024-06-04 14:23:51.052631296,-0.9338749023635272,-0.9111983621725532,-0.0046000326245263,1.028240080952381,0.359294999047619,0.0,0.0001405478114285,0.0001325649828571,0.0005334879771428,0.0001042143604761,0.0089738523571428,0.0002659563042857,0.0001627017166666,0.0,0.0,0.0,0.0,0.0,0.0,0.0,-0.010214549876308321,0.005614517251782021
2024-06-04 17:23:52.999999744,-0.974566252629984,-0.9157983947970796,-0.0046000326245263,1.028240080952381,0.359294999047619,0.0,0.0001405478114285,0.0001325649828571,0.0005334879771428,0.0001042143604761,0.0089738523571428,0.0002659563042857,0.0001627017166666,0.0,0.0,0.0,0.0,0.0,0.0,0.0,-0.010214549876308321,0.005614517251782021
2024-06-04 20:45:47.437499904,-0.9028090733623912,-0.920398427421606,-0.0046000326245263,1.028240080952381,0.359294999047619,0.0,0.0001405478114285,0.0001325649828571,0.0005334879771428,0.0001042143604761,0.0089738523571428,0.0002659563042857,0.0001627017166666,0.0,0.0,0.0,0.0,0.0,0.0,0.0,-0.010214549876308321,0.005614517251782021
2024-06-04 23:08:56.399999744,-0.8657011808447805,-0.9249984600461324,-0.0046000326245263,1.028240080952381,0.359294999047619,0.0,0.0001405478114285,0.0001325649828571,0.0005334879771428,0.0001042143604761,0.0089738523571428,0.0002659563042857,0.0001627017166666,0.0,0.0,0.0,0.0,0.0,0.0,0.0,-0.010214549876308321,0.005614517251782021
