"datetime","event","dEdt_Jkg_per_day"
"2024-05-01 00:00:00","May",""
"2024-05-01 03:00:00","May","-619.7313024252653"
"2024-05-01 06:00:00","May","237.7646079659462"
"2024-05-01 09:00:00","May","130.2878902554512"
"2024-05-01 12:00:00","May","-1319.4716562181711"
"2024-05-01 15:00:00","May","-1227.360447064042"
"2024-05-01 18:00:00","May","1024.0220844894648"
"2024-05-01 21:00:00","May","206.97146332263944"
"2024-05-02 00:00:00","May","-1674.3257982581854"
"2024-05-02 03:00:00","May","-603.9188044369221"
"2024-05-02 06:00:00","May","957.7888503372669"
"2024-05-02 09:00:00","May","395.27288153767586"
"2024-05-02 12:00:00","May","-1412.405537709594"
"2024-05-02 15:00:00","May","-1186.4541794806719"
"2024-05-02 18:00:00","May","100.15256395936011"
"2024-05-02 21:00:00","May","-210.8764823973179"
"2024-05-03 00:00:00","May","-1806.0893977731466"
"2024-05-03 03:00:00","May","-1156.6189196556807"
"2024-05-03 06:00:00","May","617.7668591588736"
"2024-05-03 09:00:00","May","519.0995282381773"
"2024-05-03 12:00:00","May","-1159.763028562069"
"2024-05-03 15:00:00","May","-992.566814661026"
"2024-05-03 18:00:00","May","-55.25604084134102"
"2024-05-03 21:00:00","May","290.2930048555136"
"2024-05-04 00:00:00","May","-1070.8161855489016"
"2024-05-04 03:00:00","May","-572.2866221815348"
"2024-05-04 06:00:00","May","1369.3180336207151"
"2024-05-04 09:00:00","May","49.91884784400463"
"2024-05-04 12:00:00","May","-2007.4392528384924"
"2024-05-04 15:00:00","May","-1212.8086413741112"
"2024-05-04 18:00:00","May","1035.6659361720085"
"2024-05-04 21:00:00","May","389.1674806326628"
"2024-05-05 00:00:00","May","-930.992444679141"
"2024-05-05 03:00:00","May","-562.7894275784492"
"2024-05-05 06:00:00","May","8.549618512392044"
"2024-05-05 09:00:00","May","-358.6350559294224"
"2024-05-05 12:00:00","May","-1331.5101736783981"
"2024-05-05 15:00:00","May","-379.09839819371706"
"2024-05-05 18:00:00","May","1194.2257351726294"
"2024-05-05 21:00:00","May","162.54672621190548"
"2024-05-06 00:00:00","May","-1363.8411107063293"
"2024-05-06 03:00:00","May","-1560.5203859359026"
"2024-05-06 06:00:00","May","-913.7259083688258"
"2024-05-06 09:00:00","May","175.74113564193246"
"2024-05-06 12:00:00","May","-435.42723897099495"
"2024-05-06 15:00:00","May","-533.5963817238808"
"2024-05-06 18:00:00","May","1044.3789753615856"
"2024-05-06 21:00:00","May","23.237265050411224"
"2024-05-07 00:00:00","May","-1584.8121087104082"
"2024-05-07 03:00:00","May","-1479.8688961118462"
"2024-05-07 06:00:00","May","35.1351473480463"
"2024-05-07 09:00:00","May","224.91899774968624"
"2024-05-07 12:00:00","May","-1199.5990049093962"
"2024-05-07 15:00:00","May","-905.2800734937191"
"2024-05-07 18:00:00","May","795.5095930993556"
"2024-05-07 21:00:00","May","-204.52349178493026"
"2024-05-08 00:00:00","May","-1727.7722904384138"
"2024-05-08 03:00:00","May","-708.1729405969381"
"2024-05-08 06:00:00","May","495.3876407593488"
"2024-05-08 09:00:00","May","220.65149591863158"
"2024-05-08 12:00:00","May","-987.9783133417368"
"2024-05-08 15:00:00","May","-1321.4063658416271"
"2024-05-08 18:00:00","May","562.9139892458916"
"2024-05-08 21:00:00","May","446.1710093617439"
"2024-05-09 00:00:00","May","-1648.4792902320623"
"2024-05-09 03:00:00","May","-958.6025824695826"
"2024-05-09 06:00:00","May","706.511644423008"
"2024-05-09 09:00:00","May","151.03217934072018"
"2024-05-09 12:00:00","May","-1758.6212942153215"
"2024-05-09 15:00:00","May","-1684.7499435693026"
"2024-05-09 18:00:00","May","304.3616068661213"
"2024-05-09 21:00:00","May","970.9282649308443"
"2024-05-10 00:00:00","May","-1055.8663308769464"
"2024-05-10 03:00:00","May","-1405.4831157028673"
"2024-05-10 06:00:00","May","-427.5061272829771"
"2024-05-10 09:00:00","May","71.20791378617287"
"2024-05-10 12:00:00","May","-1113.021495550871"
"2024-05-10 15:00:00","May","-1796.2266113013031"
"2024-05-10 18:00:00","May","-325.155828922987"
"2024-05-10 21:00:00","May","-933.5153543502092"
"2024-05-11 00:00:00","May","-2829.9329152405267"
"2024-05-11 03:00:00","May","-2996.104012683034"
"2024-05-11 06:00:00","May","-1287.1586892604828"
"2024-05-11 09:00:00","May","-1246.594847843051"
"2024-05-11 12:00:00","May","-3222.068561762572"
"2024-05-11 15:00:00","May","-2939.608028247953"
"2024-05-11 18:00:00","May","-21.48603819310665"
"2024-05-11 21:00:00","May","377.7973456531763"
"2024-05-12 00:00:00","May","-1541.847540512681"
"2024-05-12 03:00:00","May","-1607.1118785142899"
"2024-05-12 06:00:00","May","1680.5338505208495"
"2024-05-12 09:00:00","May","665.2358641177416"
"2024-05-12 12:00:00","May","-2319.969297453761"
"2024-05-12 15:00:00","May","-1081.9259182810783"
"2024-05-12 18:00:00","May","204.06241884827614"
"2024-05-12 21:00:00","May","-401.2579641640187"
"2024-05-13 00:00:00","May","-1483.93739323318"
"2024-05-13 03:00:00","May","-1246.7801798731089"
"2024-05-13 06:00:00","May","-88.75684571266174"
"2024-05-13 09:00:00","May","-115.01783968508244"
"2024-05-13 12:00:00","May","-1194.6901396512985"
"2024-05-13 15:00:00","May","-759.2083043009043"
"2024-05-13 18:00:00","May","358.54538537561893"
"2024-05-13 21:00:00","May","-207.53082755208018"
"2024-05-14 00:00:00","May","-1744.9822189062834"
"2024-05-14 03:00:00","May","-17.41631631553173"
"2024-05-14 06:00:00","May","508.6916105151176"
"2024-05-14 09:00:00","May","-843.2928369790317"
"2024-05-14 12:00:00","May","-1297.8729984760284"
"2024-05-14 15:00:00","May","-2421.376811787486"
"2024-05-14 18:00:00","May","287.71066565811634"
"2024-05-14 21:00:00","May","1029.1678098738194"
"2024-05-15 00:00:00","May","-1959.160631120205"
"2024-05-15 03:00:00","May","-781.8334710597993"
"2024-05-15 06:00:00","May","292.95724035799503"
"2024-05-15 09:00:00","May","-301.03500501811504"
"2024-05-15 12:00:00","May","-1338.8692314773798"
"2024-05-15 15:00:00","May","-1252.9985065460205"
"2024-05-15 18:00:00","May","-199.03817412257195"
"2024-05-15 21:00:00","May","-622.8561889976263"
"2024-05-16 00:00:00","May","-1187.9157676547766"
"2024-05-16 03:00:00","May","-1014.0354734063148"
"2024-05-16 06:00:00","May","-83.16559590399265"
"2024-05-16 09:00:00","May","-530.3257058560848"
"2024-05-16 12:00:00","May","-2382.2107457369566"
"2024-05-16 15:00:00","May","-1584.591726049781"
"2024-05-16 18:00:00","May","421.0231812596321"
"2024-05-16 21:00:00","May","68.46913419663906"
"2024-05-17 00:00:00","May","-1707.0410040169957"
"2024-05-17 03:00:00","May","-1392.8719625324009"
"2024-05-17 06:00:00","May","98.09802182018757"
"2024-05-17 09:00:00","May","-343.2128247618675"
"2024-05-17 12:00:00","May","-2042.1832413822412"
"2024-05-17 15:00:00","May","-2450.311736688018"
"2024-05-17 18:00:00","May","424.97900851070887"
"2024-05-17 21:00:00","May","348.8843540251255"
"2024-05-18 00:00:00","May","-1963.9464031606913"
"2024-05-18 03:00:00","May","-1567.1802909076214"
"2024-05-18 06:00:00","May","-421.31392127275467"
"2024-05-18 09:00:00","May","-830.3453470468521"
"2024-05-18 12:00:00","May","-2010.8713911175728"
"2024-05-18 15:00:00","May","-944.5173198282719"
"2024-05-18 18:00:00","May","738.5920444875954"
"2024-05-18 21:00:00","May","-38.06867139041424"
"2024-05-19 00:00:00","May","-2189.916310995817"
"2024-05-19 03:00:00","May","-1134.2259959727526"
"2024-05-19 06:00:00","May","223.65183210372925"
"2024-05-19 09:00:00","May","-879.7400446087122"
"2024-05-19 12:00:00","May","-1772.985678255558"
"2024-05-19 15:00:00","May","-1187.3225733935833"
"2024-05-19 18:00:00","May","781.6458653211594"
"2024-05-19 21:00:00","May","228.59665291011336"
"2024-05-20 00:00:00","May","-2406.964192405343"
"2024-05-20 03:00:00","May","-1895.2810391634703"
"2024-05-20 06:00:00","May","142.8035904467106"
"2024-05-20 09:00:00","May","-226.9312520623207"
"2024-05-20 12:00:00","May",""
"2024-05-29 12:00:00","May",""
"2024-05-29 15:00:00","May","-996.2111289352179"
"2024-05-29 18:00:00","May","442.6446484327316"
"2024-05-29 21:00:00","May","678.2770010828972"
"2024-05-30 00:00:00","May","-1584.2571776360276"
"2024-05-30 03:00:00","May","-967.7536293417216"
"2024-05-30 06:00:00","May","616.3041905015707"
"2024-05-30 09:00:00","May","375.64475840330124"
"2024-05-30 12:00:00","May","-1121.104112520814"
"2024-05-30 15:00:00","May","-1717.319414049387"
"2024-05-30 18:00:00","May","621.9318408966064"
"2024-05-30 21:00:00","May","833.4244654923677"
"2024-05-31 00:00:00","May","-1197.6026846766472"
"2024-05-31 03:00:00","May","-943.2075646370649"
"2024-05-31 06:00:00","May","341.2558091133833"
"2024-05-31 09:00:00","May","48.31098410487175"
"2024-05-31 12:00:00","May","-1819.3638800382614"
"2024-05-31 15:00:00","May","-1075.3747074306011"
"2024-05-31 18:00:00","May","1396.4126842170954"
"2024-05-31 21:00:00","May",""
"2024-10-01 00:00:00","Oct",""
"2024-10-01 03:00:00","Oct","-1421.9733753949406"
"2024-10-01 06:00:00","Oct","-807.8701104223728"
"2024-10-01 09:00:00","Oct","-938.8827620595694"
"2024-10-01 12:00:00","Oct","-2454.4399322271347"
"2024-10-01 15:00:00","Oct","-2028.6802574843166"
"2024-10-01 18:00:00","Oct","-320.41905668377876"
"2024-10-01 21:00:00","Oct","-1210.9239905923605"
"2024-10-02 00:00:00","Oct","-2045.4261608570814"
"2024-10-02 03:00:00","Oct","-1746.1956636756659"
"2024-10-02 06:00:00","Oct","-440.12368370592594"
"2024-10-02 09:00:00","Oct","-473.1207182109356"
"2024-10-02 12:00:00","Oct","-2661.1831335276365"
"2024-10-02 15:00:00","Oct","-2385.023906096816"
"2024-10-02 18:00:00","Oct","-396.68898400664335"
"2024-10-02 21:00:00","Oct","-703.8140023350716"
"2024-10-03 00:00:00","Oct","-2165.524949416518"
"2024-10-03 03:00:00","Oct","-2007.3430578857658"
"2024-10-03 06:00:00","Oct","187.6504849940538"
"2024-10-03 09:00:00","Oct",""
"2024-10-04 12:00:00","Oct",""
"2024-10-04 15:00:00","Oct","-2059.4670089781284"
"2024-10-04 18:00:00","Oct","-384.4081790149212"
"2024-10-04 21:00:00","Oct","-895.8627288490534"
"2024-10-05 00:00:00","Oct","-1973.593250080943"
"2024-10-05 03:00:00","Oct","-2364.741595596075"
"2024-10-05 06:00:00","Oct","-1494.319395184517"
"2024-10-05 09:00:00","Oct","-639.9092627316713"
"2024-10-05 12:00:00","Oct","-2176.097281381488"
"2024-10-05 15:00:00","Oct","-3101.3145811706786"
"2024-10-05 18:00:00","Oct","-706.8577942252159"
"2024-10-05 21:00:00","Oct","-509.497449874878"
"2024-10-06 00:00:00","Oct","-2159.8184531629086"
"2024-10-06 03:00:00","Oct","-1742.173072129488"
"2024-10-06 06:00:00","Oct","-845.940658390522"
"2024-10-06 09:00:00","Oct","-1060.2847075015306"
"2024-10-06 12:00:00","Oct","-2104.9098876565695"
"2024-10-06 15:00:00","Oct","-2759.2223002612595"
"2024-10-06 18:00:00","Oct","-638.2922824323177"
"2024-10-06 21:00:00","Oct","-690.4470082819462"
"2024-10-07 00:00:00","Oct","-3072.120064467192"
"2024-10-07 03:00:00","Oct","-1768.6840858161452"
"2024-10-07 06:00:00","Oct","-1053.7621825486422"
"2024-10-07 09:00:00","Oct","-1746.6707136482"
"2024-10-07 12:00:00","Oct","-2573.536177843809"
"2024-10-07 15:00:00","Oct","-3547.635436370969"
"2024-10-07 18:00:00","Oct","-1239.4434238821268"
"2024-10-07 21:00:00","Oct","-473.1199790388346"
"2024-10-08 00:00:00","Oct","-3267.460191756487"
"2024-10-08 03:00:00","Oct","-3185.319629713893"
"2024-10-08 06:00:00","Oct","-619.5302748531103"
"2024-10-08 09:00:00","Oct","-435.3206860870123"
"2024-10-08 12:00:00","Oct","-2670.9279230982065"
"2024-10-08 15:00:00","Oct","-2441.6352543979883"
"2024-10-08 18:00:00","Oct","-805.127574250102"
"2024-10-08 21:00:00","Oct","-1261.9042229950428"
"2024-10-09 00:00:00","Oct","-2080.8924396187067"
"2024-10-09 03:00:00","Oct","-1145.134086355567"
"2024-10-09 06:00:00","Oct","358.23316767811775"
"2024-10-09 09:00:00","Oct","-941.3992992341518"
"2024-10-09 12:00:00","Oct","-3763.621319502592"
"2024-10-09 15:00:00","Oct","-2482.4435691982508"
"2024-10-09 18:00:00","Oct","432.95917670428753"
"2024-10-09 21:00:00","Oct","230.96139657497406"
"2024-10-10 00:00:00","Oct","-2006.5920628160236"
"2024-10-10 03:00:00","Oct","-1730.081002831459"
"2024-10-10 06:00:00","Oct","-771.7693930417299"
"2024-10-10 09:00:00","Oct","-960.5214298516511"
"2024-10-10 12:00:00","Oct","-2503.624255657196"
"2024-10-10 15:00:00","Oct","-3551.7756706923246"
"2024-10-10 18:00:00","Oct","-792.0975099354981"
"2024-10-10 21:00:00","Oct","-1329.880199328065"
"2024-10-11 00:00:00","Oct","-3935.2471231371164"
"2024-10-11 03:00:00","Oct","-2236.4789710640907"
"2024-10-11 06:00:00","Oct","-1567.2574438005686"
"2024-10-11 09:00:00","Oct","-2144.469668865204"
"2024-10-11 12:00:00","Oct","-2746.6935685127974"
"2024-10-11 15:00:00","Oct","-2592.9465910345316"
"2024-10-11 18:00:00","Oct","-530.8970206975937"
"2024-10-11 21:00:00","Oct","-282.3843964189291"
"2024-10-12 00:00:00","Oct","-1649.397586926818"
"2024-10-12 03:00:00","Oct","-1334.4237851798534"
"2024-10-12 06:00:00","Oct","-36.42485910654068"
"2024-10-12 09:00:00","Oct","-782.4410402029753"
"2024-10-12 12:00:00","Oct","-1675.7721572071314"
"2024-10-12 15:00:00","Oct","-1180.4678851366043"
"2024-10-12 18:00:00","Oct","-84.69265148043633"
"2024-10-12 21:00:00","Oct","-674.6748611778021"
"2024-10-13 00:00:00","Oct","-2158.7586435973644"
"2024-10-13 03:00:00","Oct","-1848.7727241963148"
"2024-10-13 06:00:00","Oct","2381.350799098611"
"2024-10-13 09:00:00","Oct","97.57410103082657"
"2024-10-13 12:00:00","Oct","-3529.3099965900183"
"2024-10-13 15:00:00","Oct","-1934.0818880647419"
"2024-10-13 18:00:00","Oct","-646.1058342605829"
"2024-10-13 21:00:00","Oct","121.45524926483631"
"2024-10-14 00:00:00","Oct","-1208.9649349451065"
"2024-10-14 03:00:00","Oct","-963.6661973297597"
"2024-10-14 06:00:00","Oct","-196.62224431335926"
"2024-10-14 09:00:00","Oct","-850.7558402717113"
"2024-10-14 12:00:00","Oct","-2272.3929426521063"
"2024-10-14 15:00:00","Oct","-1196.571156874299"
"2024-10-14 18:00:00","Oct","-282.1381781846285"
"2024-10-14 21:00:00","Oct","-658.475691229105"
"2024-10-15 00:00:00","Oct","-623.3609119802713"
"2024-10-15 03:00:00","Oct","-1250.6309329122305"
"2024-10-15 06:00:00","Oct","-921.9177347421646"
"2024-10-15 09:00:00","Oct","-509.56745490431786"
"2024-10-15 12:00:00","Oct","-2067.068420127034"
"2024-10-15 15:00:00","Oct","-3213.4311708956957"
"2024-10-15 18:00:00","Oct","173.90642768144608"
"2024-10-15 21:00:00","Oct","814.502489104867"
"2024-10-16 00:00:00","Oct","-1879.46768283844"
"2024-10-16 03:00:00","Oct","-1394.9305124133825"
"2024-10-16 06:00:00","Oct","-374.8434257656336"
"2024-10-16 09:00:00","Oct","-277.1778980344534"
"2024-10-16 12:00:00","Oct","-2167.350858196616"
"2024-10-16 15:00:00","Oct","-2378.4836488366127"
"2024-10-16 18:00:00","Oct","225.22337771952152"
"2024-10-16 21:00:00","Oct","95.01318435370922"
"2024-10-17 00:00:00","Oct","-2320.029749825597"
"2024-10-17 03:00:00","Oct","-2829.870150282979"
"2024-10-17 06:00:00","Oct",""
"2024-10-17 12:00:00","Oct",""
"2024-10-17 15:00:00","Oct","-865.7090357840061"
"2024-10-17 18:00:00","Oct","293.22662012279034"
"2024-10-17 21:00:00","Oct","-605.0814857929945"
"2024-10-18 00:00:00","Oct","-1886.3546300828455"
"2024-10-18 03:00:00","Oct","-1159.302994221449"
"2024-10-18 06:00:00","Oct","-176.82241028547287"
"2024-10-18 09:00:00","Oct","-668.9020449221134"
"2024-10-18 12:00:00","Oct","-1006.5769850760698"
"2024-10-18 15:00:00","Oct","-1866.9643589258194"
"2024-10-18 18:00:00","Oct","-1145.5813189446926"
"2024-10-18 21:00:00","Oct","-140.5392761528492"
"2024-10-19 00:00:00","Oct","-1897.20058478415"
"2024-10-19 03:00:00","Oct","-2150.9709453582764"
"2024-10-19 06:00:00","Oct","-445.3299049437046"
"2024-10-19 09:00:00","Oct","-366.68985828757286"
"2024-10-19 12:00:00","Oct","-2713.877594783902"
"2024-10-19 15:00:00","Oct","-2325.7394641041756"
"2024-10-19 18:00:00","Oct","237.13591034710407"
"2024-10-19 21:00:00","Oct","-139.21967661380768"
"2024-10-20 00:00:00","Oct","-1764.026950404048"
"2024-10-20 03:00:00","Oct","-1904.4817419350147"
"2024-10-20 06:00:00","Oct","-954.4590706676244"
"2024-10-20 09:00:00","Oct","-208.08104778826237"
"2024-10-20 12:00:00","Oct",""
"2024-10-21 09:00:00","Oct",""
"2024-10-21 12:00:00","Oct","-190.98480139672756"
"2024-10-21 15:00:00","Oct","-1969.0626717358828"
"2024-10-21 18:00:00","Oct","85.73380966484547"
"2024-10-21 21:00:00","Oct","-328.5331508666277"
"2024-10-22 00:00:00","Oct","-1771.6080358475447"
"2024-10-22 03:00:00","Oct","-1443.7287807315588"
"2024-10-22 06:00:00","Oct","-507.66950039565563"
"2024-10-22 09:00:00","Oct","-1444.5610677599907"
"2024-10-22 12:00:00","Oct","-1456.4265322089195"
"2024-10-22 15:00:00","Oct","-1174.6693160533905"
"2024-10-22 18:00:00","Oct","-583.7649130821228"
"2024-10-22 21:00:00","Oct","-198.37107099592686"
"2024-10-23 00:00:00","Oct","-2223.4624523073435"
"2024-10-23 03:00:00","Oct","-2748.9291627705097"
"2024-10-23 06:00:00","Oct","-620.2569659650326"
"2024-10-23 09:00:00","Oct","-321.5017713904381"
"2024-10-23 12:00:00","Oct","-1561.9446542859077"
"2024-10-23 15:00:00","Oct","-2145.2941057533026"
"2024-10-23 18:00:00","Oct","-409.22289034724236"
"2024-10-23 21:00:00","Oct","-357.05947260558605"
"2024-10-24 00:00:00","Oct","-2250.0983175337315"
"2024-10-24 03:00:00","Oct","-1494.8593357801437"
"2024-10-24 06:00:00","Oct","-215.3135721385479"
"2024-10-24 09:00:00","Oct","-877.0214053839445"
"2024-10-24 12:00:00","Oct","-2663.8482264578342"
"2024-10-24 15:00:00","Oct","-2624.9363725930452"
"2024-10-24 18:00:00","Oct","11.79061472415924"
"2024-10-24 21:00:00","Oct","171.6188840121031"
"2024-10-25 00:00:00","Oct","-2132.7453330010176"
"2024-10-25 03:00:00","Oct","-1921.1980721801522"
"2024-10-25 06:00:00","Oct","-783.7453368008137"
"2024-10-25 09:00:00","Oct","-1145.6446655094624"
"2024-10-25 12:00:00","Oct","-2002.7206608951092"
"2024-10-25 15:00:00","Oct","-1901.4450111985207"
"2024-10-25 18:00:00","Oct","780.6706060320139"
"2024-10-25 21:00:00","Oct","-190.86431172490117"
"2024-10-26 00:00:00","Oct","-3311.993330553174"
"2024-10-26 03:00:00","Oct","-2103.9256588965654"
"2024-10-26 06:00:00","Oct","-110.24085840582848"
"2024-10-26 09:00:00","Oct",""
"2024-10-27 12:00:00","Oct",""
"2024-10-27 15:00:00","Oct","-1955.1552998274562"
"2024-10-27 18:00:00","Oct","130.0944508910179"
"2024-10-27 21:00:00","Oct","-314.5280754715204"
"2024-10-28 00:00:00","Oct","-1833.4336685240269"
"2024-10-28 03:00:00","Oct","-2576.2616814672947"
"2024-10-28 06:00:00","Oct","-1537.3469596952202"
"2024-10-28 09:00:00","Oct","-718.6579133868217"
"2024-10-28 12:00:00","Oct","-2420.953544139862"
"2024-10-28 15:00:00","Oct","-2789.245296627283"
"2024-10-28 18:00:00","Oct","-850.9997855871916"
"2024-10-28 21:00:00","Oct","-757.6836118102074"
"2024-10-29 00:00:00","Oct","-3102.4321839809418"
"2024-10-29 03:00:00","Oct","-2358.145541638136"
"2024-10-29 06:00:00","Oct","-410.6355032622814"
"2024-10-29 09:00:00","Oct","-1627.193585008383"
"2024-10-29 12:00:00","Oct","-2913.531452551484"
"2024-10-29 15:00:00","Oct","-2958.215569123626"
"2024-10-29 18:00:00","Oct","-794.6539638042451"
"2024-10-29 21:00:00","Oct","-321.23409958183765"
"2024-10-30 00:00:00","Oct","-2506.256886795163"
"2024-10-30 03:00:00","Oct","-1566.6938516497614"
"2024-10-30 06:00:00","Oct","-1118.4232385009527"
"2024-10-30 09:00:00","Oct","-2585.046315908432"
"2024-10-30 12:00:00","Oct","-3062.773779645562"
"2024-10-30 15:00:00","Oct","-2850.7153183072805"
"2024-10-30 18:00:00","Oct","-566.2351307868958"
"2024-10-30 21:00:00","Oct","-142.3268733471632"
"2024-10-31 00:00:00","Oct","-2414.410103753209"
"2024-10-31 03:00:00","Oct","-2434.591252282262"
"2024-10-31 06:00:00","Oct","-3046.323431953788"
"2024-10-31 09:00:00","Oct","-861.016880646348"
"2024-10-31 12:00:00","Oct","-1029.281702697277"
"2024-10-31 15:00:00","Oct","-2968.8601226210594"
"2024-10-31 18:00:00","Oct","-162.94421821832657"
"2024-10-31 21:00:00","Oct",""
