UTC_Time,YEAR,DOY,Hour,Scalar_B_nT,SW_Proton_Density_N_cm3,Kp_index,Dst_index_nT
2024-10-01 00:00:00,2024,275,0,6.7,4.0,13,-4
2024-10-01 01:00:00,2024,275,1,7.0,4.0,13,-3
2024-10-01 02:00:00,2024,275,2,6.7,3.8,13,-4
2024-10-01 03:00:00,2024,275,3,6.9,3.4,20,-4
2024-10-01 04:00:00,2024,275,4,6.7,3.4,20,-5
2024-10-01 05:00:00,2024,275,5,7.2,2.9,20,-5
2024-10-01 06:00:00,2024,275,6,7.0,2.8,13,1
2024-10-01 07:00:00,2024,275,7,6.8,2.9,13,6
2024-10-01 08:00:00,2024,275,8,6.7,2.8,13,6
2024-10-01 09:00:00,2024,275,9,6.7,2.7,7,5
2024-10-01 10:00:00,2024,275,10,6.4,2.8,7,4
2024-10-01 11:00:00,2024,275,11,6.5,2.8,7,4
2024-10-01 12:00:00,2024,275,12,6.3,2.8,10,3
2024-10-01 13:00:00,2024,275,13,6.1,3.1,10,3
2024-10-01 14:00:00,2024,275,14,5.7,3.7,10,4
2024-10-01 15:00:00,2024,275,15,5.5,4.0,20,6
2024-10-01 16:00:00,2024,275,16,5.6,4.0,20,3
2024-10-01 17:00:00,2024,275,17,5.6,4.1,20,3
2024-10-01 18:00:00,2024,275,18,5.4,4.2,13,1
2024-10-01 19:00:00,2024,275,19,5.6,4.3,13,3
2024-10-01 20:00:00,2024,275,20,5.6,4.2,13,8
2024-10-01 21:00:00,2024,275,21,5.5,4.3,10,9
2024-10-01 22:00:00,2024,275,22,5.1,4.2,10,8
2024-10-01 23:00:00,2024,275,23,5.1,4.3,10,8
2024-10-02 00:00:00,2024,276,0,5.2,4.3,20,9
2024-10-02 01:00:00,2024,276,1,5.7,4.4,20,10
2024-10-02 02:00:00,2024,276,2,5.2,4.2,20,9
2024-10-02 03:00:00,2024,276,3,5.4,4.0,17,9
2024-10-02 04:00:00,2024,276,4,5.7,5.6,17,15
2024-10-02 05:00:00,2024,276,5,5.8,5.9,17,21
2024-10-02 06:00:00,2024,276,6,5.2,6.2,17,14
2024-10-02 07:00:00,2024,276,7,5.3,5.8,17,14
2024-10-02 08:00:00,2024,276,8,5.3,5.7,17,14
2024-10-02 09:00:00,2024,276,9,5.1,5.5,13,11
2024-10-02 10:00:00,2024,276,10,5.1,5.6,13,11
2024-10-02 11:00:00,2024,276,11,5.4,5.7,13,12
2024-10-02 12:00:00,2024,276,12,5.5,5.6,20,12
2024-10-02 13:00:00,2024,276,13,5.4,5.3,20,13
2024-10-02 14:00:00,2024,276,14,5.7,5.5,20,16
2024-10-02 15:00:00,2024,276,15,5.3,5.7,7,18
2024-10-02 16:00:00,2024,276,16,5.1,5.6,7,15
2024-10-02 17:00:00,2024,276,17,5.1,5.5,7,14
2024-10-02 18:00:00,2024,276,18,5.1,5.8,13,15
2024-10-02 19:00:00,2024,276,19,5.5,5.7,13,15
2024-10-02 20:00:00,2024,276,20,6.0,5.9,13,13
2024-10-02 21:00:00,2024,276,21,6.0,5.8,10,11
2024-10-02 22:00:00,2024,276,22,6.3,6.4,10,11
2024-10-02 23:00:00,2024,276,23,5.7,7.6,10,13
2024-10-03 00:00:00,2024,277,0,5.0,8.4,10,18
2024-10-03 01:00:00,2024,277,1,5.7,7.6,10,22
2024-10-03 02:00:00,2024,277,2,5.1,8.6,10,21
2024-10-03 03:00:00,2024,277,3,6.3,10.1,13,23
2024-10-03 04:00:00,2024,277,4,6.8,10.4,13,23
2024-10-03 05:00:00,2024,277,5,5.9,10.3,13,21
2024-10-03 06:00:00,2024,277,6,6.0,9.2,17,22
2024-10-03 07:00:00,2024,277,7,6.1,8.0,17,23
2024-10-03 08:00:00,2024,277,8,5.4,8.3,17,23
2024-10-03 09:00:00,2024,277,9,5.3,8.7,17,25
2024-10-03 10:00:00,2024,277,10,5.5,8.3,17,21
2024-10-03 11:00:00,2024,277,11,6.0,8.4,17,17
2024-10-03 12:00:00,2024,277,12,6.3,9.6,30,14
2024-10-03 13:00:00,2024,277,13,6.1,8.8,30,5
2024-10-03 14:00:00,2024,277,14,6.1,8.2,30,-1
2024-10-03 15:00:00,2024,277,15,7.4,7.8,13,4
2024-10-03 16:00:00,2024,277,16,8.1,7.0,13,11
2024-10-03 17:00:00,2024,277,17,8.4,7.4,13,13
2024-10-03 18:00:00,2024,277,18,8.4,7.5,23,13
2024-10-03 19:00:00,2024,277,19,7.9,8.2,23,9
2024-10-03 20:00:00,2024,277,20,7.6,7.9,23,6
2024-10-03 21:00:00,2024,277,21,6.6,8.8,20,8
2024-10-03 22:00:00,2024,277,22,6.9,8.3,20,11
2024-10-03 23:00:00,2024,277,23,7.3,8.5,20,13
2024-10-04 00:00:00,2024,278,0,7.0,8.2,17,16
2024-10-04 01:00:00,2024,278,1,8.1,7.2,17,18
2024-10-04 02:00:00,2024,278,2,8.3,6.6,17,17
2024-10-04 03:00:00,2024,278,3,8.3,6.5,17,18
2024-10-04 04:00:00,2024,278,4,8.0,6.5,17,16
2024-10-04 05:00:00,2024,278,5,8.1,6.3,17,19
2024-10-04 06:00:00,2024,278,6,8.0,6.3,13,22
2024-10-04 07:00:00,2024,278,7,7.8,6.3,13,22
2024-10-04 08:00:00,2024,278,8,7.4,6.6,13,21
2024-10-04 09:00:00,2024,278,9,7.6,6.5,10,21
2024-10-04 10:00:00,2024,278,10,7.2,6.6,10,20
2024-10-04 11:00:00,2024,278,11,7.0,6.2,10,20
2024-10-04 12:00:00,2024,278,12,7.7,6.3,17,20
2024-10-04 13:00:00,2024,278,13,7.7,5.1,17,19
2024-10-04 14:00:00,2024,278,14,7.7,4.7,17,18
2024-10-04 15:00:00,2024,278,15,7.6,4.5,23,12
2024-10-04 16:00:00,2024,278,16,8.0,4.8,23,15
2024-10-04 17:00:00,2024,278,17,7.7,4.5,23,14
2024-10-04 18:00:00,2024,278,18,7.5,4.5,23,4
2024-10-04 19:00:00,2024,278,19,7.4,4.7,23,3
2024-10-04 20:00:00,2024,278,20,7.0,4.7,23,3
2024-10-04 21:00:00,2024,278,21,7.3,5.3,30,-4
2024-10-04 22:00:00,2024,278,22,7.1,5.3,30,-4
2024-10-04 23:00:00,2024,278,23,7.0,5.1,30,-2
2024-10-05 00:00:00,2024,279,0,6.9,4.9,23,2
2024-10-05 01:00:00,2024,279,1,7.2,4.5,23,6
2024-10-05 02:00:00,2024,279,2,7.3,4.3,23,10
2024-10-05 03:00:00,2024,279,3,7.1,4.4,3,10
2024-10-05 04:00:00,2024,279,4,7.0,4.7,3,11
2024-10-05 05:00:00,2024,279,5,8.1,5.2,3,14
2024-10-05 06:00:00,2024,279,6,8.3,5.4,17,15
2024-10-05 07:00:00,2024,279,7,7.9,4.9,17,13
2024-10-05 08:00:00,2024,279,8,8.3,5.0,17,15
2024-10-05 09:00:00,2024,279,9,8.4,5.6,10,17
2024-10-05 10:00:00,2024,279,10,8.1,5.6,10,12
2024-10-05 11:00:00,2024,279,11,8.0,5.3,10,13
2024-10-05 12:00:00,2024,279,12,7.4,5.3,17,14
2024-10-05 13:00:00,2024,279,13,7.0,4.7,17,15
2024-10-05 14:00:00,2024,279,14,6.2,4.6,17,17
2024-10-05 15:00:00,2024,279,15,6.1,4.4,10,20
2024-10-05 16:00:00,2024,279,16,6.8,4.3,10,21
2024-10-05 17:00:00,2024,279,17,6.9,4.3,10,16
2024-10-05 18:00:00,2024,279,18,6.9,4.3,17,12
2024-10-05 19:00:00,2024,279,19,7.1,4.1,17,10
2024-10-05 20:00:00,2024,279,20,7.6,3.8,17,5
2024-10-05 21:00:00,2024,279,21,7.6,3.9,17,10
2024-10-05 22:00:00,2024,279,22,7.9,3.6,17,8
2024-10-05 23:00:00,2024,279,23,7.9,3.5,17,7
2024-10-06 00:00:00,2024,280,0,7.9,3.4,7,11
2024-10-06 01:00:00,2024,280,1,7.9,3.1,7,10
2024-10-06 02:00:00,2024,280,2,8.0,3.3,7,13
2024-10-06 03:00:00,2024,280,3,7.9,3.0,3,15
2024-10-06 04:00:00,2024,280,4,7.8,3.2,3,16
2024-10-06 05:00:00,2024,280,5,7.6,3.2,3,17
2024-10-06 06:00:00,2024,280,6,7.7,3.4,23,21
2024-10-06 07:00:00,2024,280,7,8.2,4.1,23,27
2024-10-06 08:00:00,2024,280,8,13.0,9.3,23,38
2024-10-06 09:00:00,2024,280,9,12.7,10.8,13,38
2024-10-06 10:00:00,2024,280,10,12.8,10.4,13,35
2024-10-06 11:00:00,2024,280,11,12.6,10.3,13,32
2024-10-06 12:00:00,2024,280,12,12.3,10.5,27,33
2024-10-06 13:00:00,2024,280,13,14.4,10.4,27,34
2024-10-06 14:00:00,2024,280,14,14.0,9.6,27,32
2024-10-06 15:00:00,2024,280,15,15.2,10.0,33,36
2024-10-06 16:00:00,2024,280,16,14.5,10.9,33,33
2024-10-06 17:00:00,2024,280,17,15.0,8.8,33,26
2024-10-06 18:00:00,2024,280,18,14.9,9.1,33,26
2024-10-06 19:00:00,2024,280,19,14.6,9.2,33,18
2024-10-06 20:00:00,2024,280,20,13.1,11.5,33,18
2024-10-06 21:00:00,2024,280,21,13.1,9.5,47,-2
2024-10-06 22:00:00,2024,280,22,13.2,9.4,47,-11
2024-10-06 23:00:00,2024,280,23,13.0,12.0,47,-33
2024-10-07 00:00:00,2024,281,0,13.4,8.7,53,-24
2024-10-07 01:00:00,2024,281,1,12.2,12.4,53,-33
2024-10-07 02:00:00,2024,281,2,11.4,16.4,53,-29
2024-10-07 03:00:00,2024,281,3,10.5,27.5,47,-24
2024-10-07 04:00:00,2024,281,4,9.4,34.5,47,-23
2024-10-07 05:00:00,2024,281,5,9.2,31.5,47,-27
2024-10-07 06:00:00,2024,281,6,8.6,25.9,30,-21
2024-10-07 07:00:00,2024,281,7,8.7,18.4,30,-12
2024-10-07 08:00:00,2024,281,8,9.6,13.4,30,-12
2024-10-07 09:00:00,2024,281,9,11.0,7.0,53,-8
2024-10-07 10:00:00,2024,281,10,10.9,10.8,53,-9
2024-10-07 11:00:00,2024,281,11,12.6,15.3,53,-23
2024-10-07 12:00:00,2024,281,12,13.2,10.3,57,-47
2024-10-07 13:00:00,2024,281,13,13.2,10.2,57,-35
2024-10-07 14:00:00,2024,281,14,13.1,9.5,57,-28
2024-10-07 15:00:00,2024,281,15,15.2,11.5,47,-33
2024-10-07 16:00:00,2024,281,16,15.4,11.9,47,-41
2024-10-07 17:00:00,2024,281,17,15.2,13.4,47,-59
2024-10-07 18:00:00,2024,281,18,14.6,13.6,63,-71
2024-10-07 19:00:00,2024,281,19,13.8,12.4,63,-72
2024-10-07 20:00:00,2024,281,20,12.7,11.7,63,-96
2024-10-07 21:00:00,2024,281,21,7.3,23.2,57,-82
2024-10-07 22:00:00,2024,281,22,7.4,31.1,57,-69
2024-10-07 23:00:00,2024,281,23,13.0,18.8,57,-73
2024-10-08 00:00:00,2024,282,0,15.1,14.9,67,-95
2024-10-08 01:00:00,2024,282,1,14.8,13.6,67,-107
2024-10-08 02:00:00,2024,282,2,15.5,11.3,67,-106
2024-10-08 03:00:00,2024,282,3,16.1,10.5,70,-116
2024-10-08 04:00:00,2024,282,4,16.2,11.4,70,-135
2024-10-08 05:00:00,2024,282,5,15.4,13.2,70,-135
2024-10-08 06:00:00,2024,282,6,16.3,8.2,57,-136
2024-10-08 07:00:00,2024,282,7,16.2,7.6,57,-148
2024-10-08 08:00:00,2024,282,8,16.4,6.1,57,-135
2024-10-08 09:00:00,2024,282,9,15.0,7.0,40,-104
2024-10-08 10:00:00,2024,282,10,14.0,7.8,40,-98
2024-10-08 11:00:00,2024,282,11,13.6,7.8,40,-100
2024-10-08 12:00:00,2024,282,12,12.7,8.6,33,-98
2024-10-08 13:00:00,2024,282,13,11.2,9.9,33,-82
2024-10-08 14:00:00,2024,282,14,10.9,10.0,33,-75
2024-10-08 15:00:00,2024,282,15,10.7,10.0,37,-72
2024-10-08 16:00:00,2024,282,16,10.1,8.1,37,-72
2024-10-08 17:00:00,2024,282,17,10.3,7.2,37,-68
2024-10-08 18:00:00,2024,282,18,10.0,7.1,40,-63
2024-10-08 19:00:00,2024,282,19,9.7,7.3,40,-66
2024-10-08 20:00:00,2024,282,20,10.1,8.7,40,-60
2024-10-08 21:00:00,2024,282,21,9.6,8.9,43,-53
2024-10-08 22:00:00,2024,282,22,9.2,7.3,43,-54
2024-10-08 23:00:00,2024,282,23,9.3,7.4,43,-66
2024-10-09 00:00:00,2024,283,0,9.2,7.3,40,-75
2024-10-09 01:00:00,2024,283,1,7.3,7.9,40,-77
2024-10-09 02:00:00,2024,283,2,6.5,7.0,40,-70
2024-10-09 03:00:00,2024,283,3,7.3,6.5,43,-66
2024-10-09 04:00:00,2024,283,4,8.2,5.9,43,-76
2024-10-09 05:00:00,2024,283,5,6.4,5.6,43,-83
2024-10-09 06:00:00,2024,283,6,6.5,5.6,37,-66
2024-10-09 07:00:00,2024,283,7,6.5,5.1,37,-56
2024-10-09 08:00:00,2024,283,8,5.7,4.9,37,-59
2024-10-09 09:00:00,2024,283,9,6.1,4.4,30,-58
2024-10-09 10:00:00,2024,283,10,6.3,4.3,30,-56
2024-10-09 11:00:00,2024,283,11,6.1,4.3,30,-56
2024-10-09 12:00:00,2024,283,12,5.7,4.8,33,-52
2024-10-09 13:00:00,2024,283,13,5.5,4.4,33,-53
2024-10-09 14:00:00,2024,283,14,5.9,3.9,33,-51
2024-10-09 15:00:00,2024,283,15,5.4,4.5,27,-52
2024-10-09 16:00:00,2024,283,16,5.4,4.5,27,-46
2024-10-09 17:00:00,2024,283,17,5.5,4.3,27,-40
2024-10-09 18:00:00,2024,283,18,5.5,3.5,20,-36
2024-10-09 19:00:00,2024,283,19,5.7,3.1,20,-34
2024-10-09 20:00:00,2024,283,20,5.5,3.9,20,-33
2024-10-09 21:00:00,2024,283,21,5.6,3.5,23,-35
2024-10-09 22:00:00,2024,283,22,5.6,3.3,23,-34
2024-10-09 23:00:00,2024,283,23,5.4,3.6,23,-32
2024-10-10 00:00:00,2024,284,0,5.8,3.4,20,-32
2024-10-10 01:00:00,2024,284,1,5.5,3.4,20,-32
2024-10-10 02:00:00,2024,284,2,5.4,3.9,20,-32
2024-10-10 03:00:00,2024,284,3,5.6,3.7,27,-32
2024-10-10 04:00:00,2024,284,4,6.0,4.2,27,-30
2024-10-10 05:00:00,2024,284,5,6.0,3.8,27,-23
2024-10-10 06:00:00,2024,284,6,6.3,3.4,13,-18
2024-10-10 07:00:00,2024,284,7,6.0,3.7,13,-14
2024-10-10 08:00:00,2024,284,8,5.2,3.9,13,-12
2024-10-10 09:00:00,2024,284,9,5.6,3.4,27,-10
2024-10-10 10:00:00,2024,284,10,5.5,4.3,27,-11
2024-10-10 11:00:00,2024,284,11,5.5,4.3,27,-9
2024-10-10 12:00:00,2024,284,12,6.3,3.7,37,-6
2024-10-10 13:00:00,2024,284,13,8.0,4.6,37,-12
2024-10-10 14:00:00,2024,284,14,8.8,5.3,37,-13
2024-10-10 15:00:00,2024,284,15,18.3,16.7,77,47
2024-10-10 16:00:00,2024,284,16,30.3,33.2,77,12
2024-10-10 17:00:00,2024,284,17,32.0,34.0,77,-50
2024-10-10 18:00:00,2024,284,18,26.9,30.0,83,-112
2024-10-10 19:00:00,2024,284,19,32.4,21.2,83,-176
2024-10-10 20:00:00,2024,284,20,30.7,29.3,83,-201
2024-10-10 21:00:00,2024,284,21,19.8,35.5,87,-220
2024-10-10 22:00:00,2024,284,22,38.1,17.8,87,-243
2024-10-10 23:00:00,2024,284,23,43.7,7.3,87,-303
2024-10-11 00:00:00,2024,285,0,40.6,6.0,83,-308
2024-10-11 01:00:00,2024,285,1,36.9,8.9,83,-333
2024-10-11 02:00:00,2024,285,2,34.8,5.1,83,-296
2024-10-11 03:00:00,2024,285,3,34.1,3.4,77,-283
2024-10-11 04:00:00,2024,285,4,33.8,3.7,77,-276
2024-10-11 05:00:00,2024,285,5,33.3,2.9,77,-270
2024-10-11 06:00:00,2024,285,6,28.7,5.1,77,-271
2024-10-11 07:00:00,2024,285,7,29.3,5.0,77,-261
2024-10-11 08:00:00,2024,285,8,26.1,5.2,77,-244
2024-10-11 09:00:00,2024,285,9,22.1,7.0,77,-259
2024-10-11 10:00:00,2024,285,10,20.0,8.7,77,-224
2024-10-11 11:00:00,2024,285,11,11.2,5.8,77,-209
2024-10-11 12:00:00,2024,285,12,10.3,3.9,63,-189
2024-10-11 13:00:00,2024,285,13,9.7,4.7,63,-179
2024-10-11 14:00:00,2024,285,14,9.8,5.9,63,-169
2024-10-11 15:00:00,2024,285,15,10.2,4.4,40,-146
2024-10-11 16:00:00,2024,285,16,9.9,5.8,40,-134
2024-10-11 17:00:00,2024,285,17,9.9,4.6,40,-118
2024-10-11 18:00:00,2024,285,18,10.1,3.9,30,-109
2024-10-11 19:00:00,2024,285,19,10.0,4.4,30,-102
2024-10-11 20:00:00,2024,285,20,10.7,4.0,30,-99
2024-10-11 21:00:00,2024,285,21,11.0,3.8,33,-94
2024-10-11 22:00:00,2024,285,22,11.7,3.4,33,-90
2024-10-11 23:00:00,2024,285,23,11.1,5.2,33,-74
2024-10-12 00:00:00,2024,286,0,11.1,4.5,33,-68
2024-10-12 01:00:00,2024,286,1,10.1,2.2,33,-71
2024-10-12 02:00:00,2024,286,2,9.4,1.6,33,-72
2024-10-12 03:00:00,2024,286,3,10.0,0.6,17,-77
2024-10-12 04:00:00,2024,286,4,9.1,0.8,17,-76
2024-10-12 05:00:00,2024,286,5,7.4,1.1,17,-74
2024-10-12 06:00:00,2024,286,6,6.9,2.4,23,-66
2024-10-12 07:00:00,2024,286,7,6.1,0.7,23,-71
2024-10-12 08:00:00,2024,286,8,5.6,0.9,23,-67
2024-10-12 09:00:00,2024,286,9,5.8,0.8,47,-63
2024-10-12 10:00:00,2024,286,10,6.1,1.9,47,-67
2024-10-12 11:00:00,2024,286,11,7.0,1.0,47,-74
2024-10-12 12:00:00,2024,286,12,4.4,4.9,40,-54
2024-10-12 13:00:00,2024,286,13,3.8,4.5,40,-55
2024-10-12 14:00:00,2024,286,14,3.8,3.5,40,-55
2024-10-12 15:00:00,2024,286,15,4.5,0.9,30,-64
2024-10-12 16:00:00,2024,286,16,4.4,0.7,30,-62
2024-10-12 17:00:00,2024,286,17,4.0,1.7,30,-55
2024-10-12 18:00:00,2024,286,18,3.8,2.3,30,-52
2024-10-12 19:00:00,2024,286,19,2.1,4.7,30,-45
2024-10-12 20:00:00,2024,286,20,1.7,4.7,30,-40
2024-10-12 21:00:00,2024,286,21,4.1,2.3,27,-42
2024-10-12 22:00:00,2024,286,22,4.7,1.5,27,-44
2024-10-12 23:00:00,2024,286,23,4.6,1.8,27,-41
2024-10-13 00:00:00,2024,287,0,4.8,2.0,3,-39
2024-10-13 01:00:00,2024,287,1,4.8,2.4,3,-38
2024-10-13 02:00:00,2024,287,2,4.9,3.1,3,-36
2024-10-13 03:00:00,2024,287,3,5.1,3.0,0,-35
2024-10-13 04:00:00,2024,287,4,5.2,3.7,0,-36
2024-10-13 05:00:00,2024,287,5,5.2,4.1,0,-35
2024-10-13 06:00:00,2024,287,6,5.1,3.9,3,-32
2024-10-13 07:00:00,2024,287,7,5.2,3.2,3,-31
2024-10-13 08:00:00,2024,287,8,5.0,2.8,3,-29
2024-10-13 09:00:00,2024,287,9,5.1,2.9,13,-26
2024-10-13 10:00:00,2024,287,10,3.6,3.0,13,-25
2024-10-13 11:00:00,2024,287,11,4.5,2.5,13,-27
2024-10-13 12:00:00,2024,287,12,4.5,1.6,17,-26
2024-10-13 13:00:00,2024,287,13,4.4,1.8,17,-29
2024-10-13 14:00:00,2024,287,14,4.3,1.5,17,-33
2024-10-13 15:00:00,2024,287,15,4.2,1.4,10,-36
2024-10-13 16:00:00,2024,287,16,4.2,1.9,10,-34
2024-10-13 17:00:00,2024,287,17,4.0,2.3,10,-32
2024-10-13 18:00:00,2024,287,18,3.3,2.7,17,-26
2024-10-13 19:00:00,2024,287,19,3.7,2.8,17,-22
2024-10-13 20:00:00,2024,287,20,3.8,3.0,17,-23
2024-10-13 21:00:00,2024,287,21,3.2,3.6,10,-23
2024-10-13 22:00:00,2024,287,22,2.6,4.1,10,-18
2024-10-13 23:00:00,2024,287,23,2.7,4.3,10,-15
2024-10-14 00:00:00,2024,288,0,3.6,4.3,7,-12
2024-10-14 01:00:00,2024,288,1,3.5,4.7,7,-9
2024-10-14 02:00:00,2024,288,2,2.8,4.4,7,-9
2024-10-14 03:00:00,2024,288,3,4.1,3.7,7,-16
2024-10-14 04:00:00,2024,288,4,4.6,2.8,7,-19
2024-10-14 05:00:00,2024,288,5,4.6,3.0,7,-20
2024-10-14 06:00:00,2024,288,6,4.4,3.1,13,-16
2024-10-14 07:00:00,2024,288,7,3.9,3.9,13,-17
2024-10-14 08:00:00,2024,288,8,2.5,5.3,13,-12
2024-10-14 09:00:00,2024,288,9,3.0,5.5,7,-9
2024-10-14 10:00:00,2024,288,10,3.3,5.0,7,-11
2024-10-14 11:00:00,2024,288,11,3.4,4.9,7,-11
2024-10-14 12:00:00,2024,288,12,3.4,5.2,7,-10
2024-10-14 13:00:00,2024,288,13,4.0,4.8,7,-10
2024-10-14 14:00:00,2024,288,14,4.4,4.2,7,-13
2024-10-14 15:00:00,2024,288,15,4.4,4.2,7,-11
2024-10-14 16:00:00,2024,288,16,4.6,3.7,7,-12
2024-10-14 17:00:00,2024,288,17,4.8,4.6,7,-12
2024-10-14 18:00:00,2024,288,18,7.9,7.9,23,-5
2024-10-14 19:00:00,2024,288,19,9.5,5.3,23,-9
2024-10-14 20:00:00,2024,288,20,9.2,5.1,23,-13
2024-10-14 21:00:00,2024,288,21,8.9,5.6,37,-14
2024-10-14 22:00:00,2024,288,22,8.3,6.6,37,-18
2024-10-14 23:00:00,2024,288,23,7.7,6.8,37,-20
2024-10-15 00:00:00,2024,289,0,7.6,6.3,23,-26
2024-10-15 01:00:00,2024,289,1,7.2,6.3,23,-31
2024-10-15 02:00:00,2024,289,2,6.9,6.6,23,-29
2024-10-15 03:00:00,2024,289,3,7.1,6.4,23,-34
2024-10-15 04:00:00,2024,289,4,7.0,6.6,23,-31
2024-10-15 05:00:00,2024,289,5,6.7,7.6,23,-29
2024-10-15 06:00:00,2024,289,6,6.7,6.6,33,-28
2024-10-15 07:00:00,2024,289,7,6.7,6.0,33,-34
2024-10-15 08:00:00,2024,289,8,6.5,5.7,33,-31
2024-10-15 09:00:00,2024,289,9,6.5,5.4,23,-32
2024-10-15 10:00:00,2024,289,10,6.4,5.9,23,-28
2024-10-15 11:00:00,2024,289,11,7.2,5.3,23,-19
2024-10-15 12:00:00,2024,289,12,6.1,5.9,27,-14
2024-10-15 13:00:00,2024,289,13,6.1,6.2,27,-16
2024-10-15 14:00:00,2024,289,14,6.4,6.2,27,-15
2024-10-15 15:00:00,2024,289,15,7.0,5.7,33,-15
2024-10-15 16:00:00,2024,289,16,7.8,5.6,33,-19
2024-10-15 17:00:00,2024,289,17,7.9,5.6,33,-21
2024-10-15 18:00:00,2024,289,18,7.9,6.3,20,-31
2024-10-15 19:00:00,2024,289,19,8.2,6.1,20,-28
2024-10-15 20:00:00,2024,289,20,8.5,6.4,20,-24
2024-10-15 21:00:00,2024,289,21,8.8,6.6,20,-20
2024-10-15 22:00:00,2024,289,22,8.9,7.3,20,-16
2024-10-15 23:00:00,2024,289,23,8.7,7.7,20,-17
2024-10-16 00:00:00,2024,290,0,8.6,7.6,17,-14
2024-10-16 01:00:00,2024,290,1,8.5,7.9,17,-16
2024-10-16 02:00:00,2024,290,2,8.9,8.1,17,-13
2024-10-16 03:00:00,2024,290,3,9.3,7.8,27,-18
2024-10-16 04:00:00,2024,290,4,10.0,7.8,27,-23
2024-10-16 05:00:00,2024,290,5,9.8,7.8,27,-18
2024-10-16 06:00:00,2024,290,6,9.5,6.2,30,-22
2024-10-16 07:00:00,2024,290,7,9.4,5.8,30,-27
2024-10-16 08:00:00,2024,290,8,9.2,6.2,30,-19
2024-10-16 09:00:00,2024,290,9,8.7,7.2,30,-24
2024-10-16 10:00:00,2024,290,10,8.4,6.8,30,-21
2024-10-16 11:00:00,2024,290,11,8.9,6.3,30,-14
2024-10-16 12:00:00,2024,290,12,7.9,6.6,27,-12
2024-10-16 13:00:00,2024,290,13,7.5,5.6,27,-10
2024-10-16 14:00:00,2024,290,14,8.2,5.5,27,-14
2024-10-16 15:00:00,2024,290,15,8.7,4.4,30,-13
2024-10-16 16:00:00,2024,290,16,8.1,4.6,30,-15
2024-10-16 17:00:00,2024,290,17,8.0,4.7,30,-23
2024-10-16 18:00:00,2024,290,18,7.9,4.9,30,-23
2024-10-16 19:00:00,2024,290,19,7.5,5.3,30,-21
2024-10-16 20:00:00,2024,290,20,7.1,5.0,30,-23
2024-10-16 21:00:00,2024,290,21,6.6,5.0,27,-24
2024-10-16 22:00:00,2024,290,22,6.4,5.0,27,-21
2024-10-16 23:00:00,2024,290,23,6.5,4.9,27,-17
2024-10-17 00:00:00,2024,291,0,5.7,5.0,27,-14
2024-10-17 01:00:00,2024,291,1,6.1,4.8,27,-19
2024-10-17 02:00:00,2024,291,2,6.9,4.9,27,-20
2024-10-17 03:00:00,2024,291,3,6.7,5.6,30,-21
2024-10-17 04:00:00,2024,291,4,5.9,6.2,30,-20
2024-10-17 05:00:00,2024,291,5,5.9,5.6,30,-28
2024-10-17 06:00:00,2024,291,6,6.6,5.4,17,-24
2024-10-17 07:00:00,2024,291,7,6.8,5.7,17,-15
2024-10-17 08:00:00,2024,291,8,6.7,6.4,17,-12
2024-10-17 09:00:00,2024,291,9,6.7,6.8,7,-9
2024-10-17 10:00:00,2024,291,10,6.6,6.5,7,-9
2024-10-17 11:00:00,2024,291,11,6.6,6.8,7,-6
2024-10-17 12:00:00,2024,291,12,6.6,7.2,3,-6
2024-10-17 13:00:00,2024,291,13,5.6,7.0,3,-6
2024-10-17 14:00:00,2024,291,14,5.7,999.9,3,-6
2024-10-17 15:00:00,2024,291,15,5.5,6.8,13,-7
2024-10-17 16:00:00,2024,291,16,4.9,6.0,13,-8
2024-10-17 17:00:00,2024,291,17,5.2,6.1,13,-8
2024-10-17 18:00:00,2024,291,18,5.9,5.9,23,-8
2024-10-17 19:00:00,2024,291,19,6.4,6.4,23,-9
2024-10-17 20:00:00,2024,291,20,6.6,6.5,23,-9
2024-10-17 21:00:00,2024,291,21,6.9,5.9,20,-8
2024-10-17 22:00:00,2024,291,22,6.7,5.6,20,-9
2024-10-17 23:00:00,2024,291,23,6.0,5.5,20,-14
2024-10-18 00:00:00,2024,292,0,6.5,5.8,30,-15
2024-10-18 01:00:00,2024,292,1,6.9,6.5,30,-21
2024-10-18 02:00:00,2024,292,2,7.2,6.9,30,-26
2024-10-18 03:00:00,2024,292,3,7.4,7.2,23,-23
2024-10-18 04:00:00,2024,292,4,7.5,7.2,23,-19
2024-10-18 05:00:00,2024,292,5,7.5,6.7,23,-20
2024-10-18 06:00:00,2024,292,6,7.7,6.6,3,-13
2024-10-18 07:00:00,2024,292,7,7.5,6.5,3,-9
2024-10-18 08:00:00,2024,292,8,7.5,6.7,3,-5
2024-10-18 09:00:00,2024,292,9,7.8,7.1,10,-2
2024-10-18 10:00:00,2024,292,10,8.5,6.9,10,-5
2024-10-18 11:00:00,2024,292,11,8.9,7.5,10,-2
2024-10-18 12:00:00,2024,292,12,9.2,8.5,27,0
2024-10-18 13:00:00,2024,292,13,9.5,9.6,27,3
2024-10-18 14:00:00,2024,292,14,10.2,10.5,27,2
2024-10-18 15:00:00,2024,292,15,10.5,11.1,33,-1
2024-10-18 16:00:00,2024,292,16,11.5,12.0,33,-6
2024-10-18 17:00:00,2024,292,17,11.5,12.6,33,-20
2024-10-18 18:00:00,2024,292,18,11.7,16.9,30,-20
2024-10-18 19:00:00,2024,292,19,11.2,19.0,30,-12
2024-10-18 20:00:00,2024,292,20,10.8,20.9,30,-5
2024-10-18 21:00:00,2024,292,21,10.4,20.4,37,-13
2024-10-18 22:00:00,2024,292,22,10.9,20.7,37,-15
2024-10-18 23:00:00,2024,292,23,9.6,21.4,37,-11
2024-10-19 00:00:00,2024,293,0,9.2,22.1,50,-25
2024-10-19 01:00:00,2024,293,1,8.7,22.0,50,-29
2024-10-19 02:00:00,2024,293,2,10.2,21.7,50,-30
2024-10-19 03:00:00,2024,293,3,10.2,14.6,47,-39
2024-10-19 04:00:00,2024,293,4,10.8,7.1,47,-41
2024-10-19 05:00:00,2024,293,5,10.1,8.1,47,-47
2024-10-19 06:00:00,2024,293,6,9.4,8.6,37,-41
2024-10-19 07:00:00,2024,293,7,8.7,8.4,37,-39
2024-10-19 08:00:00,2024,293,8,7.4,9.7,37,-34
2024-10-19 09:00:00,2024,293,9,8.0,10.4,33,-31
2024-10-19 10:00:00,2024,293,10,7.2,9.6,33,-30
2024-10-19 11:00:00,2024,293,11,7.1,8.6,33,-20
2024-10-19 12:00:00,2024,293,12,6.1,7.7,30,-15
2024-10-19 13:00:00,2024,293,13,5.5,6.3,30,-18
2024-10-19 14:00:00,2024,293,14,5.0,6.0,30,-24
2024-10-19 15:00:00,2024,293,15,5.1,5.3,20,-24
2024-10-19 16:00:00,2024,293,16,5.4,5.3,20,-25
2024-10-19 17:00:00,2024,293,17,6.6,4.0,20,-30
2024-10-19 18:00:00,2024,293,18,6.9,4.1,40,-29
2024-10-19 19:00:00,2024,293,19,6.7,5.0,40,-25
2024-10-19 20:00:00,2024,293,20,6.2,5.9,40,-34
2024-10-19 21:00:00,2024,293,21,5.1,7.6,37,-37
2024-10-19 22:00:00,2024,293,22,5.3,6.4,37,-30
2024-10-19 23:00:00,2024,293,23,4.9,7.2,37,-25
2024-10-20 00:00:00,2024,294,0,4.6,8.7,30,-21
2024-10-20 01:00:00,2024,294,1,6.0,6.0,30,-24
2024-10-20 02:00:00,2024,294,2,3.8,10.1,30,-22
2024-10-20 03:00:00,2024,294,3,3.9,9.9,20,-21
2024-10-20 04:00:00,2024,294,4,4.0,10.0,20,-18
2024-10-20 05:00:00,2024,294,5,3.8,10.8,20,-16
2024-10-20 06:00:00,2024,294,6,3.9,11.0,17,-8
2024-10-20 07:00:00,2024,294,7,4.0,11.5,17,-5
2024-10-20 08:00:00,2024,294,8,4.1,11.0,17,-3
2024-10-20 09:00:00,2024,294,9,4.4,11.2,3,-1
2024-10-20 10:00:00,2024,294,10,3.8,10.8,3,-1
2024-10-20 11:00:00,2024,294,11,4.8,9.3,3,2
2024-10-20 12:00:00,2024,294,12,4.7,9.2,7,3
2024-10-20 13:00:00,2024,294,13,2.4,10.2,7,3
2024-10-20 14:00:00,2024,294,14,2.3,10.0,7,2
2024-10-20 15:00:00,2024,294,15,2.9,9.9,7,2
2024-10-20 16:00:00,2024,294,16,3.2,9.6,7,4
2024-10-20 17:00:00,2024,294,17,3.5,8.3,7,1
2024-10-20 18:00:00,2024,294,18,2.8,8.6,7,0
2024-10-20 19:00:00,2024,294,19,4.2,6.9,7,-1
2024-10-20 20:00:00,2024,294,20,3.5,7.8,7,0
2024-10-20 21:00:00,2024,294,21,3.5,8.9,13,-1
2024-10-20 22:00:00,2024,294,22,3.4,8.8,13,1
2024-10-20 23:00:00,2024,294,23,3.5,9.2,13,4
2024-10-21 00:00:00,2024,295,0,2.7,9.4,3,6
2024-10-21 01:00:00,2024,295,1,3.7,9.8,3,2
2024-10-21 02:00:00,2024,295,2,4.2,999.9,3,3
2024-10-21 03:00:00,2024,295,3,4.2,999.9,3,1
2024-10-21 04:00:00,2024,295,4,4.0,999.9,3,0
2024-10-21 05:00:00,2024,295,5,3.9,999.9,3,2
2024-10-21 06:00:00,2024,295,6,3.9,999.9,13,3
2024-10-21 07:00:00,2024,295,7,3.9,999.9,13,3
2024-10-21 08:00:00,2024,295,8,4.4,999.9,13,0
2024-10-21 09:00:00,2024,295,9,4.7,999.9,13,-2
2024-10-21 10:00:00,2024,295,10,5.1,999.9,13,-3
2024-10-21 11:00:00,2024,295,11,4.6,999.9,13,1
2024-10-21 12:00:00,2024,295,12,5.7,999.9,10,4
2024-10-21 13:00:00,2024,295,13,5.6,999.9,10,7
2024-10-21 14:00:00,2024,295,14,5.5,999.9,10,8
2024-10-21 15:00:00,2024,295,15,4.4,999.9,17,10
2024-10-21 16:00:00,2024,295,16,3.7,999.9,17,15
2024-10-21 17:00:00,2024,295,17,5.2,999.9,17,14
2024-10-21 18:00:00,2024,295,18,5.1,999.9,17,12
2024-10-21 19:00:00,2024,295,19,4.1,999.9,17,7
2024-10-21 20:00:00,2024,295,20,3.5,999.9,17,6
2024-10-21 21:00:00,2024,295,21,3.5,999.9,20,10
2024-10-21 22:00:00,2024,295,22,2.9,999.9,20,8
2024-10-21 23:00:00,2024,295,23,3.4,999.9,20,3
2024-10-22 00:00:00,2024,296,0,4.0,999.9,13,-3
2024-10-22 01:00:00,2024,296,1,3.5,999.9,13,-6
2024-10-22 02:00:00,2024,296,2,3.6,999.9,13,-5
2024-10-22 03:00:00,2024,296,3,3.6,999.9,17,-1
2024-10-22 04:00:00,2024,296,4,4.1,999.9,17,-3
2024-10-22 05:00:00,2024,296,5,4.6,999.9,17,-7
2024-10-22 06:00:00,2024,296,6,5.9,999.9,17,-7
2024-10-22 07:00:00,2024,296,7,5.9,999.9,17,-10
2024-10-22 08:00:00,2024,296,8,4.7,999.9,17,-11
2024-10-22 09:00:00,2024,296,9,5.7,999.9,20,-5
2024-10-22 10:00:00,2024,296,10,5.9,999.9,20,-1
2024-10-22 11:00:00,2024,296,11,6.2,999.9,20,1
2024-10-22 12:00:00,2024,296,12,7.3,999.9,23,-2
2024-10-22 13:00:00,2024,296,13,7.5,999.9,23,-9
2024-10-22 14:00:00,2024,296,14,7.8,999.9,23,-15
2024-10-22 15:00:00,2024,296,15,7.8,999.9,30,-18
2024-10-22 16:00:00,2024,296,16,7.3,999.9,30,-24
2024-10-22 17:00:00,2024,296,17,7.5,999.9,30,-29
2024-10-22 18:00:00,2024,296,18,7.5,999.9,20,-28
2024-10-22 19:00:00,2024,296,19,7.3,999.9,20,-29
2024-10-22 20:00:00,2024,296,20,6.8,999.9,20,-29
2024-10-22 21:00:00,2024,296,21,6.3,999.9,17,-22
2024-10-22 22:00:00,2024,296,22,5.9,999.9,17,-13
2024-10-22 23:00:00,2024,296,23,5.9,999.9,17,-8
2024-10-23 00:00:00,2024,297,0,6.8,999.9,17,-3
2024-10-23 01:00:00,2024,297,1,7.4,21.1,17,-2
2024-10-23 02:00:00,2024,297,2,7.1,24.8,17,4
2024-10-23 03:00:00,2024,297,3,8.7,25.1,27,1
2024-10-23 04:00:00,2024,297,4,11.5,17.9,27,-3
2024-10-23 05:00:00,2024,297,5,11.5,20.7,27,5
2024-10-23 06:00:00,2024,297,6,10.8,28.3,17,10
2024-10-23 07:00:00,2024,297,7,8.0,33.3,17,7
2024-10-23 08:00:00,2024,297,8,5.3,36.4,17,10
2024-10-23 09:00:00,2024,297,9,5.4,35.9,30,13
2024-10-23 10:00:00,2024,297,10,6.7,30.5,30,11
2024-10-23 11:00:00,2024,297,11,8.6,15.7,30,2
2024-10-23 12:00:00,2024,297,12,9.1,9.4,27,1
2024-10-23 13:00:00,2024,297,13,8.0,9.4,27,3
2024-10-23 14:00:00,2024,297,14,7.4,7.5,27,5
2024-10-23 15:00:00,2024,297,15,7.7,7.2,7,6
2024-10-23 16:00:00,2024,297,16,7.4,7.4,7,4
2024-10-23 17:00:00,2024,297,17,7.6,7.3,7,-1
2024-10-23 18:00:00,2024,297,18,6.4,7.6,20,-4
2024-10-23 19:00:00,2024,297,19,5.1,8.4,20,-1
2024-10-23 20:00:00,2024,297,20,4.9,9.1,20,-1
2024-10-23 21:00:00,2024,297,21,5.1,10.4,13,-1
2024-10-23 22:00:00,2024,297,22,5.7,11.4,13,0
2024-10-23 23:00:00,2024,297,23,6.0,11.5,13,0
2024-10-24 00:00:00,2024,298,0,6.8,11.2,27,2
2024-10-24 01:00:00,2024,298,1,7.4,11.0,27,1
2024-10-24 02:00:00,2024,298,2,7.5,9.4,27,-3
2024-10-24 03:00:00,2024,298,3,6.2,9.6,43,-12
2024-10-24 04:00:00,2024,298,4,6.6,9.8,43,-13
2024-10-24 05:00:00,2024,298,5,6.8,8.8,43,-17
2024-10-24 06:00:00,2024,298,6,6.8,6.9,33,-22
2024-10-24 07:00:00,2024,298,7,5.1,6.2,33,-24
2024-10-24 08:00:00,2024,298,8,4.7,6.9,33,-24
2024-10-24 09:00:00,2024,298,9,4.2,6.5,17,-23
2024-10-24 10:00:00,2024,298,10,4.3,6.2,17,-21
2024-10-24 11:00:00,2024,298,11,4.0,6.4,17,-13
2024-10-24 12:00:00,2024,298,12,3.8,6.8,10,-8
2024-10-24 13:00:00,2024,298,13,3.6,7.1,10,-3
2024-10-24 14:00:00,2024,298,14,3.7,7.2,10,-3
2024-10-24 15:00:00,2024,298,15,3.7,7.4,13,-3
2024-10-24 16:00:00,2024,298,16,3.6,7.8,13,-1
2024-10-24 17:00:00,2024,298,17,4.1,7.8,13,-1
2024-10-24 18:00:00,2024,298,18,4.9,8.0,17,-7
2024-10-24 19:00:00,2024,298,19,4.6,8.1,17,-8
2024-10-24 20:00:00,2024,298,20,4.4,8.6,17,-10
2024-10-24 21:00:00,2024,298,21,3.9,9.9,20,-10
2024-10-24 22:00:00,2024,298,22,3.6,11.8,20,-4
2024-10-24 23:00:00,2024,298,23,3.7,10.8,20,1
2024-10-25 00:00:00,2024,299,0,4.0,11.7,10,3
2024-10-25 01:00:00,2024,299,1,4.1,11.7,10,3
2024-10-25 02:00:00,2024,299,2,4.4,11.1,10,4
2024-10-25 03:00:00,2024,299,3,4.4,11.4,3,6
2024-10-25 04:00:00,2024,299,4,4.1,11.9,3,6
2024-10-25 05:00:00,2024,299,5,3.7,12.0,3,6
2024-10-25 06:00:00,2024,299,6,5.3,8.5,0,10
2024-10-25 07:00:00,2024,299,7,5.5,8.7,0,12
2024-10-25 08:00:00,2024,299,8,5.3,9.2,0,13
2024-10-25 09:00:00,2024,299,9,5.6,9.5,0,13
2024-10-25 10:00:00,2024,299,10,5.3,9.1,0,14
2024-10-25 11:00:00,2024,299,11,5.3,9.9,0,16
2024-10-25 12:00:00,2024,299,12,5.3,10.2,3,15
2024-10-25 13:00:00,2024,299,13,5.4,10.1,3,16
2024-10-25 14:00:00,2024,299,14,5.5,9.8,3,16
2024-10-25 15:00:00,2024,299,15,5.7,10.0,3,16
2024-10-25 16:00:00,2024,299,16,5.7,9.8,3,16
2024-10-25 17:00:00,2024,299,17,5.6,9.3,3,14
2024-10-25 18:00:00,2024,299,18,6.3,9.0,3,12
2024-10-25 19:00:00,2024,299,19,7.0,9.2,3,13
2024-10-25 20:00:00,2024,299,20,7.3,9.8,3,13
2024-10-25 21:00:00,2024,299,21,6.9,11.4,10,15
2024-10-25 22:00:00,2024,299,22,6.7,12.7,10,14
2024-10-25 23:00:00,2024,299,23,6.4,12.7,10,10
2024-10-26 00:00:00,2024,300,0,5.3,13.9,10,12
2024-10-26 01:00:00,2024,300,1,6.0,13.8,10,15
2024-10-26 02:00:00,2024,300,2,5.9,15.4,10,19
2024-10-26 03:00:00,2024,300,3,6.6,14.3,0,16
2024-10-26 04:00:00,2024,300,4,6.8,15.2,0,14
2024-10-26 05:00:00,2024,300,5,6.5,15.5,0,14
2024-10-26 06:00:00,2024,300,6,6.1,16.8,7,18
2024-10-26 07:00:00,2024,300,7,6.7,16.6,7,21
2024-10-26 08:00:00,2024,300,8,7.4,18.5,7,21
2024-10-26 09:00:00,2024,300,9,6.8,22.1,10,25
2024-10-26 10:00:00,2024,300,10,7.8,21.1,10,24
2024-10-26 11:00:00,2024,300,11,7.6,22.2,10,21
2024-10-26 12:00:00,2024,300,12,10.3,25.2,27,25
2024-10-26 13:00:00,2024,300,13,13.5,24.2,27,26
2024-10-26 14:00:00,2024,300,14,12.6,17.5,27,19
2024-10-26 15:00:00,2024,300,15,14.0,14.2,30,19
2024-10-26 16:00:00,2024,300,16,17.6,13.7,30,30
2024-10-26 17:00:00,2024,300,17,21.2,15.3,30,25
2024-10-26 18:00:00,2024,300,18,22.5,14.4,40,20
2024-10-26 19:00:00,2024,300,19,24.3,12.4,40,14
2024-10-26 20:00:00,2024,300,20,24.3,14.0,40,-2
2024-10-26 21:00:00,2024,300,21,21.5,20.3,40,-6
2024-10-26 22:00:00,2024,300,22,17.9,17.1,40,9
2024-10-26 23:00:00,2024,300,23,17.1,19.8,40,3
2024-10-27 00:00:00,2024,301,0,19.8,15.4,27,0
2024-10-27 01:00:00,2024,301,1,21.0,12.0,27,5
2024-10-27 02:00:00,2024,301,2,20.7,11.2,27,8
2024-10-27 03:00:00,2024,301,3,19.8,11.5,17,10
2024-10-27 04:00:00,2024,301,4,18.3,10.8,17,9
2024-10-27 05:00:00,2024,301,5,17.7,8.5,17,7
2024-10-27 06:00:00,2024,301,6,16.0,9.5,10,9
2024-10-27 07:00:00,2024,301,7,14.1,10.3,10,9
2024-10-27 08:00:00,2024,301,8,12.9,10.7,10,5
2024-10-27 09:00:00,2024,301,9,11.9,10.7,27,3
2024-10-27 10:00:00,2024,301,10,10.2,10.2,27,0
2024-10-27 11:00:00,2024,301,11,10.0,8.5,27,2
2024-10-27 12:00:00,2024,301,12,9.9,8.1,20,4
2024-10-27 13:00:00,2024,301,13,9.4,8.3,20,1
2024-10-27 14:00:00,2024,301,14,8.6,9.5,20,-2
2024-10-27 15:00:00,2024,301,15,8.7,9.2,27,-7
2024-10-27 16:00:00,2024,301,16,8.3,9.0,27,-11
2024-10-27 17:00:00,2024,301,17,7.8,8.5,27,-19
2024-10-27 18:00:00,2024,301,18,7.6,7.9,27,-19
2024-10-27 19:00:00,2024,301,19,7.3,7.4,27,-17
2024-10-27 20:00:00,2024,301,20,7.0,7.8,27,-21
2024-10-27 21:00:00,2024,301,21,6.8,7.6,27,-17
2024-10-27 22:00:00,2024,301,22,6.5,7.2,27,-11
2024-10-27 23:00:00,2024,301,23,6.3,6.6,27,-8
2024-10-28 00:00:00,2024,302,0,6.5,6.3,27,-4
2024-10-28 01:00:00,2024,302,1,6.6,5.9,27,-6
2024-10-28 02:00:00,2024,302,2,6.6,6.1,27,-4
2024-10-28 03:00:00,2024,302,3,6.6,6.2,47,-5
2024-10-28 04:00:00,2024,302,4,6.5,6.7,47,-4
2024-10-28 05:00:00,2024,302,5,15.4,18.4,47,27
2024-10-28 06:00:00,2024,302,6,14.6,17.5,40,27
2024-10-28 07:00:00,2024,302,7,14.1,13.5,40,9
2024-10-28 08:00:00,2024,302,8,12.8,12.2,40,3
2024-10-28 09:00:00,2024,302,9,12.4,10.5,23,6
2024-10-28 10:00:00,2024,302,10,12.9,10.1,23,0
2024-10-28 11:00:00,2024,302,11,12.3,9.3,23,0
2024-10-28 12:00:00,2024,302,12,10.5,8.1,27,8
2024-10-28 13:00:00,2024,302,13,8.8,8.0,27,11
2024-10-28 14:00:00,2024,302,14,8.6,7.2,27,6
2024-10-28 15:00:00,2024,302,15,8.2,6.2,23,4
2024-10-28 16:00:00,2024,302,16,7.4,5.8,23,6
2024-10-28 17:00:00,2024,302,17,8.3,5.6,23,3
2024-10-28 18:00:00,2024,302,18,8.5,5.1,20,-4
2024-10-28 19:00:00,2024,302,19,8.0,4.8,20,-4
2024-10-28 20:00:00,2024,302,20,8.0,4.2,20,-1
2024-10-28 21:00:00,2024,302,21,8.1,4.1,23,-1
2024-10-28 22:00:00,2024,302,22,7.8,4.1,23,2
2024-10-28 23:00:00,2024,302,23,7.8,3.6,23,3
2024-10-29 00:00:00,2024,303,0,7.5,3.7,30,4
2024-10-29 01:00:00,2024,303,1,7.7,3.5,30,3
2024-10-29 02:00:00,2024,303,2,7.6,3.5,30,1
2024-10-29 03:00:00,2024,303,3,7.6,3.6,17,3
2024-10-29 04:00:00,2024,303,4,7.3,3.2,17,4
2024-10-29 05:00:00,2024,303,5,6.9,3.2,17,2
2024-10-29 06:00:00,2024,303,6,6.7,3.0,23,3
2024-10-29 07:00:00,2024,303,7,6.4,3.0,23,1
2024-10-29 08:00:00,2024,303,8,6.2,3.0,23,0
2024-10-29 09:00:00,2024,303,9,6.4,2.8,17,3
2024-10-29 10:00:00,2024,303,10,6.5,2.6,17,-2
2024-10-29 11:00:00,2024,303,11,6.6,2.7,17,-2
2024-10-29 12:00:00,2024,303,12,6.8,2.4,20,3
2024-10-29 13:00:00,2024,303,13,6.8,2.2,20,7
2024-10-29 14:00:00,2024,303,14,6.9,2.0,20,5
2024-10-29 15:00:00,2024,303,15,6.7,2.1,27,4
2024-10-29 16:00:00,2024,303,16,6.7,2.3,27,8
2024-10-29 17:00:00,2024,303,17,6.6,2.3,27,1
2024-10-29 18:00:00,2024,303,18,6.6,2.5,40,0
2024-10-29 19:00:00,2024,303,19,6.7,2.8,40,-3
2024-10-29 20:00:00,2024,303,20,6.5,2.8,40,-12
2024-10-29 21:00:00,2024,303,21,6.7,2.5,23,-15
2024-10-29 22:00:00,2024,303,22,6.7,2.6,23,-8
2024-10-29 23:00:00,2024,303,23,6.1,2.8,23,-5
2024-10-30 00:00:00,2024,304,0,6.0,2.5,37,-12
2024-10-30 01:00:00,2024,304,1,6.5,2.4,37,-22
2024-10-30 02:00:00,2024,304,2,7.7,2.3,37,-20
2024-10-30 03:00:00,2024,304,3,7.1,2.1,30,-15
2024-10-30 04:00:00,2024,304,4,7.4,2.1,30,-19
2024-10-30 05:00:00,2024,304,5,7.1,2.4,30,-24
2024-10-30 06:00:00,2024,304,6,7.7,2.2,33,-20
2024-10-30 07:00:00,2024,304,7,7.9,2.2,33,-18
2024-10-30 08:00:00,2024,304,8,7.8,2.3,33,-16
2024-10-30 09:00:00,2024,304,9,7.9,2.3,40,-29
2024-10-30 10:00:00,2024,304,10,7.7,2.2,40,-24
2024-10-30 11:00:00,2024,304,11,7.5,2.1,40,-15
2024-10-30 12:00:00,2024,304,12,7.4,2.3,30,-19
2024-10-30 13:00:00,2024,304,13,7.5,2.1,30,-15
2024-10-30 14:00:00,2024,304,14,7.6,2.0,30,-17
2024-10-30 15:00:00,2024,304,15,7.4,2.0,23,-14
2024-10-30 16:00:00,2024,304,16,7.5,1.9,23,-14
2024-10-30 17:00:00,2024,304,17,7.5,1.8,23,-14
2024-10-30 18:00:00,2024,304,18,7.6,1.6,17,-13
2024-10-30 19:00:00,2024,304,19,7.6,1.7,17,-8
2024-10-30 20:00:00,2024,304,20,7.8,1.5,17,-4
2024-10-30 21:00:00,2024,304,21,7.7,1.7,13,1
2024-10-30 22:00:00,2024,304,22,7.6,1.6,13,8
2024-10-30 23:00:00,2024,304,23,7.5,1.7,13,9
